date,code,open,high,low,close,preclose,volume,amount,adjustflag,turn,tradestatus,pctChg,isST
2014-07-03,sh.603369,20.3200,24.3800,20.3200,24.3800,16.9300,395652,9623016.0000,3,0.763807,1,44.004720,0
2014-07-04,sh.603369,26.8200,26.8200,26.8200,26.8200,24.3800,291839,7827122.0000,3,0.563396,1,10.008200,0
2014-07-07,sh.603369,29.5000,29.5000,29.5000,29.5000,26.8200,1043741,30790360.0000,3,2.014944,1,9.992500,0
2014-07-08,sh.603369,32.4500,32.4500,29.8300,31.0200,29.5000,31667759,994377008.0000,3,61.134670,1,5.152500,0
2014-07-09,sh.603369,29.5100,30.3900,28.0100,28.6200,31.0200,19246280,558930224.0000,3,37.154981,1,-7.736900,0
2014-07-10,sh.603369,28.0400,30.9900,28.0100,30.3600,28.6200,19784378,592010896.0000,3,38.193780,1,6.079700,0
2014-07-11,sh.603369,29.6800,30.9500,28.7000,28.8100,30.3600,13303270,395235968.0000,3,25.681988,1,-5.105400,0
2014-07-14,sh.603369,28.0800,28.4900,27.3500,27.9500,28.8100,10038228,279701008.0000,3,19.378819,1,-2.985100,0
2014-07-15,sh.603369,27.8000,28.6900,27.6000,27.9900,27.9500,9304905,262050831.0000,3,17.963137,1,0.143100,0
2014-07-16,sh.603369,27.5000,28.6400,27.5000,28.1700,27.9900,8717938,244985905.0000,3,16.829996,1,0.643100,0
2014-07-17,sh.603369,27.9700,28.0100,26.4100,26.7000,28.1700,8382160,226387841.0000,3,16.181776,1,-5.218300,0
2014-07-18,sh.603369,26.8100,28.2800,26.7000,27.3800,26.7000,8888991,244286459.0000,3,17.160214,1,2.546800,0
2014-07-21,sh.603369,27.0000,27.1600,26.6100,26.6800,27.3800,4354900,116540551.0000,3,8.407143,1,-2.556600,0
2014-07-22,sh.603369,26.4800,26.8800,26.4100,26.5900,26.6800,3546557,94423434.0000,3,6.846635,1,-0.337300,0
2014-07-23,sh.603369,26.7500,26.7500,25.6000,25.8300,26.5900,5108995,133166024.0000,3,9.862925,1,-2.858200,0
2014-07-24,sh.603369,25.6100,26.4800,25.6100,25.9000,25.8300,5049444,131751764.0000,3,9.747961,1,0.271000,0
2014-07-25,sh.603369,25.7800,26.2800,25.3600,25.8200,25.9000,4326635,111593463.0000,3,8.352577,1,-0.308900,0
2014-07-28,sh.603369,26.2000,26.4200,26.0000,26.3100,25.8200,4293214,112804546.0000,3,8.288058,1,1.897800,0
2014-07-29,sh.603369,26.3400,26.5600,26.0800,26.3300,26.3100,3784917,99701470.0000,3,7.306790,1,0.076000,0
2014-07-30,sh.603369,26.4900,26.8700,26.2200,26.7500,26.3300,4606925,122078692.0000,3,8.893678,1,1.595100,0
2014-07-31,sh.603369,26.6800,26.8000,26.4200,26.6100,26.7500,3192609,84782287.0000,3,6.163338,1,-0.523400,0
2014-08-01,sh.603369,26.5000,26.5500,25.7700,25.8000,26.6100,4705924,123269104.0000,3,9.084795,1,-3.044000,0
2014-08-04,sh.603369,25.6200,25.9700,25.6200,25.9300,25.8000,2624864,67802600.0000,3,5.067305,1,0.503900,0
2014-08-05,sh.603369,25.9000,26.1200,25.6800,26.0400,25.9300,2510941,65131024.0000,3,4.847376,1,0.424200,0
2014-08-06,sh.603369,25.9700,26.0100,25.7100,25.9500,26.0400,2379448,61451754.0000,3,4.593529,1,-0.345600,0
2014-08-07,sh.603369,25.8900,26.0700,25.7600,25.8100,25.9500,2254716,58362990.0000,3,4.352734,1,-0.539500,0
2014-08-08,sh.603369,25.7400,25.9800,25.7000,25.8900,25.8100,1846495,47793912.0000,3,3.564662,1,0.310000,0
2014-08-11,sh.603369,25.9500,26.0900,25.8600,26.0700,25.8900,2468378,64163449.0000,3,4.765208,1,0.695300,0
2014-08-12,sh.603369,26.1600,26.2800,25.9600,26.2500,26.0700,3161619,82563549.0000,3,6.103512,1,0.690400,0
2014-08-13,sh.603369,26.1200,26.9800,26.0700,26.8800,26.2500,7901567,210560924.0000,3,15.253990,1,2.400000,0
2014-08-14,sh.603369,26.7300,28.4900,26.6600,27.6800,26.8800,10550573,293233280.0000,3,20.367902,1,2.976200,0
2014-08-15,sh.603369,27.5600,27.7900,27.1600,27.4600,27.6800,4673492,128082018.0000,3,9.022185,1,-0.794800,0
2014-08-18,sh.603369,27.5400,27.5400,27.2000,27.3400,27.4600,3732050,101848524.0000,3,7.204730,1,-0.437000,0
2014-08-19,sh.603369,27.3600,27.5800,27.1100,27.3000,27.3400,3601761,98250278.0000,3,6.953207,1,-0.146300,0
2014-08-20,sh.603369,27.3300,28.2900,27.1000,27.8900,27.3000,6923274,192494489.0000,3,13.365394,1,2.161200,0
2014-08-21,sh.603369,27.8800,27.8800,27.0000,27.2100,27.8900,4065412,110989617.0000,3,7.848286,1,-2.438200,0
2014-08-22,sh.603369,27.1400,27.4200,27.0300,27.2500,27.2100,2290950,62340595.0000,3,4.422683,1,0.147000,0
2014-08-25,sh.603369,27.3000,27.3100,26.8600,26.9700,27.2500,2944249,79620816.0000,3,5.683878,1,-1.027500,0
2014-08-26,sh.603369,26.9700,26.9700,25.9700,26.0300,26.9700,3422877,90373169.0000,3,6.607871,1,-3.485300,0
2014-08-27,sh.603369,25.9700,26.2800,25.9500,26.0800,26.0300,1540754,40247749.0000,3,2.974429,1,0.192100,0
2014-08-28,sh.603369,26.1000,26.2700,25.5500,25.6500,26.0800,2047210,52968125.0000,3,3.952143,1,-1.648800,0
2014-08-29,sh.603369,25.6500,26.1700,25.6000,26.1100,25.6500,1816862,47100559.0000,3,3.507456,1,1.793400,0
2014-09-01,sh.603369,26.0700,26.4700,25.9700,26.4300,26.1100,1931755,50650954.0000,3,3.729257,1,1.225600,0
2014-09-02,sh.603369,26.5600,27.2700,26.5100,27.1600,26.4300,4329283,117034650.0000,3,8.357689,1,2.762000,0
2014-09-03,sh.603369,27.1600,27.3800,26.9100,27.0500,27.1600,3229073,87496796.0000,3,6.233732,1,-0.405000,0
2014-09-04,sh.603369,27.1300,27.2700,27.0200,27.1800,27.0500,2864407,77737492.0000,3,5.529743,1,0.480600,0
2014-09-05,sh.603369,27.2500,27.4500,26.9500,27.1000,27.1800,2821959,76521450.0000,3,5.447797,1,-0.294300,0
2014-09-09,sh.603369,27.1700,27.1700,26.6500,26.8000,27.1000,2805755,75088412.0000,3,5.416515,1,-1.107000,0
2014-09-10,sh.603369,26.6900,27.1600,26.6900,27.1100,26.8000,2880101,77830071.0000,3,5.560041,1,1.156700,0
2014-09-11,sh.603369,27.1200,27.3100,26.8000,26.8600,27.1100,3065968,82968021.0000,3,5.918857,1,-0.922200,0
2014-09-12,sh.603369,26.7800,26.9800,26.7200,26.9400,26.8600,1845259,49540424.0000,3,3.562276,1,0.297800,0
2014-09-15,sh.603369,26.9700,26.9700,26.6000,26.6500,26.9400,3690044,98519260.0000,3,7.123637,1,-1.076500,0
2014-09-16,sh.603369,26.6400,26.7000,25.8400,25.8900,26.6500,3969438,104108877.0000,3,7.663008,1,-2.851800,0
2014-09-17,sh.603369,25.8300,25.9700,25.6300,25.9000,25.8900,2131943,55015357.0000,3,4.115720,1,0.038600,0
2014-09-18,sh.603369,25.9000,25.9300,25.7100,25.9200,25.9000,2105074,54290461.0000,3,4.063849,1,0.077200,0
2014-09-19,sh.603369,25.9000,26.4500,25.8300,26.4100,25.9200,2963735,77738253.0000,3,5.721496,1,1.890400,0
2014-09-22,sh.603369,26.6600,26.7800,26.2200,26.2600,26.4100,3335812,88357233.0000,3,6.439792,1,-0.568000,0
2014-09-23,sh.603369,26.7000,26.9900,26.4300,26.6100,26.2600,3035412,80987171.0000,3,5.859869,1,1.332800,0
2014-09-24,sh.603369,26.3700,26.6600,26.2100,26.6300,26.6100,2920763,77233473.0000,3,5.638539,1,0.075200,0
2014-09-25,sh.603369,26.5900,26.8400,26.4300,26.4800,26.6300,3163047,84396154.0000,3,6.106268,1,-0.563300,0
2014-09-26,sh.603369,26.3300,26.4500,26.2300,26.2500,26.4800,1553771,40884182.0000,3,2.999558,1,-0.868600,0
2014-09-29,sh.603369,26.2500,26.6500,26.2500,26.6100,26.2500,2238578,59367616.0000,3,4.321579,1,1.371400,0
2014-09-30,sh.603369,26.6000,26.6900,26.5300,26.6500,26.6100,1826500,48627484.0000,3,3.526062,1,0.150300,0
2014-10-08,sh.603369,26.6500,26.9000,26.6000,26.8200,26.6500,2247877,60184809.0000,3,4.339531,1,0.637900,0
2014-10-09,sh.603369,26.8400,26.9200,26.5000,26.7600,26.8200,2291435,61162682.0000,3,4.423620,1,-0.223700,0
2014-10-10,sh.603369,26.6600,26.6800,26.4400,26.4600,26.7600,1804439,47891224.0000,3,3.483473,1,-1.121100,0
2014-10-13,sh.603369,26.3400,26.3500,26.0500,26.2500,26.4600,1571533,41109663.0000,3,3.033847,1,-0.793600,0
2014-10-14,sh.603369,26.1900,26.3700,26.1300,26.2400,26.2500,1057567,27768254.0000,3,2.041635,1,-0.038100,0
2014-10-15,sh.603369,26.2400,26.3800,26.1200,26.3700,26.2400,1276093,33484722.0000,3,2.463500,1,0.495400,0
2014-10-16,sh.603369,26.3000,26.5500,26.1500,26.1500,26.3700,1752861,46138262.0000,3,3.383902,1,-0.834300,0
2014-10-17,sh.603369,26.1400,26.8700,25.7600,26.8000,26.1500,4581338,121227022.0000,3,8.844282,1,2.485700,0
2014-10-20,sh.603369,26.9800,27.6800,26.8800,27.3500,26.8000,7316938,200274204.0000,3,14.125363,1,2.052200,0
2014-10-21,sh.603369,27.3500,27.9900,26.9000,27.6300,27.3500,7184365,197475070.0000,3,13.869431,1,1.023800,0
2014-10-22,sh.603369,27.5000,28.1800,27.2100,27.2300,27.6300,6288402,174298073.0000,3,12.139772,1,-1.447700,0
2014-10-23,sh.603369,27.2200,27.3200,26.2000,26.2300,27.2300,3758967,100402938.0000,3,7.256693,1,-3.672400,0
2014-10-24,sh.603369,26.2500,26.4400,26.0300,26.1800,26.2300,2291031,60106773.0000,3,4.422840,1,-0.190600,0
2014-10-27,sh.603369,26.3000,26.3100,25.4000,25.9000,26.1800,2610312,67400355.0000,3,5.039212,1,-1.069500,0
2014-10-28,sh.603369,25.8900,26.4000,25.8600,26.3800,25.9000,2279141,59724333.0000,3,4.399886,1,1.853300,0
2014-10-29,sh.603369,26.4000,26.8400,26.3400,26.7200,26.3800,3372160,89721128.0000,3,6.509961,1,1.288900,0
2014-10-30,sh.603369,26.6900,27.1800,26.5200,26.8200,26.7200,3448247,92618021.0000,3,6.656847,1,0.374300,0
2014-10-31,sh.603369,26.8600,27.7000,26.7000,27.4000,26.8200,6155851,167671148.0000,3,11.883882,1,2.162600,0
2014-11-03,sh.603369,27.3900,27.4000,26.9600,27.0700,27.4000,4277882,116095448.0000,3,8.258459,1,-1.204400,0
2014-11-04,sh.603369,27.0000,28.1300,26.8000,28.0800,27.0700,8230003,227102099.0000,3,15.888037,1,3.731100,0
2014-11-05,sh.603369,28.0800,28.1700,27.5000,27.6900,28.0800,5355150,148826209.0000,3,10.338127,1,-1.388900,0
2014-11-06,sh.603369,27.6800,27.8900,27.4100,27.8300,27.6900,4193092,116193870.0000,3,8.094772,1,0.505600,0
2014-11-07,sh.603369,27.8400,29.4100,27.7000,28.1800,27.8300,11274855,322157152.0000,3,21.766129,1,1.257600,0
2014-11-10,sh.603369,28.2500,29.5600,28.0500,29.3900,28.1800,10142530,294466880.0000,3,19.580174,1,4.293800,0
2014-11-11,sh.603369,29.4900,29.6400,28.0000,28.3400,29.3900,9491341,273675568.0000,3,18.323052,1,-3.572600,0
2014-11-12,sh.603369,28.0500,30.3200,28.0200,29.9900,28.3400,10356700,302977344.0000,3,19.993629,1,5.822200,0
2014-11-13,sh.603369,29.4000,30.8900,29.2900,29.7500,29.9900,10479824,314969648.0000,3,20.231320,1,-0.800300,0
2014-11-14,sh.603369,29.3200,29.4500,27.8200,28.5000,29.7500,7240375,207728197.0000,3,13.977558,1,-4.201700,0
2014-11-17,sh.603369,28.8800,28.8900,28.1300,28.3500,28.5000,3675180,105102694.0000,3,7.094942,1,-0.526300,0
2014-11-18,sh.603369,28.2500,28.6600,28.0000,28.5400,28.3500,2583014,73326014.0000,3,4.986514,1,0.670200,0
2014-11-19,sh.603369,28.5900,28.5900,28.0100,28.3400,28.5400,2714283,76623208.0000,3,5.239929,1,-0.700800,0
2014-11-20,sh.603369,27.9900,28.3600,27.9900,28.2300,28.3400,2095100,59033045.0000,3,4.044595,1,-0.388100,0
2014-11-21,sh.603369,28.2200,28.6800,28.1500,28.4000,28.2300,2895665,82408786.0000,3,5.590087,1,0.602200,0
2014-11-24,sh.603369,28.6800,28.8600,28.3200,28.6000,28.4000,4449316,127289377.0000,3,8.589413,1,0.704200,0
2014-11-25,sh.603369,28.4900,28.6500,28.1600,28.3300,28.6000,3667399,103864981.0000,3,7.079921,1,-0.944100,0
2014-11-26,sh.603369,28.4100,29.1600,28.2000,29.0200,28.3300,4914866,141314375.0000,3,9.488158,1,2.435600,0
2014-11-27,sh.603369,29.1100,29.6000,28.6800,28.9500,29.0200,4615231,134363540.0000,3,8.909712,1,-0.241200,0
2014-11-28,sh.603369,28.8800,28.9900,28.2000,28.4200,28.9500,3786257,108092346.0000,3,7.309376,1,-1.830700,0
2014-12-01,sh.603369,28.4300,29.7500,28.2000,29.6300,28.4200,8614229,251527045.0000,3,16.629786,1,4.257600,0
2014-12-02,sh.603369,29.5800,29.9600,29.2200,29.7500,29.6300,7221757,214101980.0000,3,13.941616,1,0.405000,0
2014-12-03,sh.603369,29.7600,30.7600,29.4100,29.4700,29.7500,7973563,238823756.0000,3,15.392979,1,-0.941200,0
2014-12-04,sh.603369,29.5500,29.8500,29.2900,29.5500,29.4700,5592156,165195306.0000,3,10.795668,1,0.271500,0
2014-12-05,sh.603369,29.6000,29.6000,28.0000,28.4100,29.5500,5782629,166061094.0000,3,11.163376,1,-3.857900,0
2014-12-08,sh.603369,28.0800,28.7200,28.0200,28.4600,28.4100,3394166,96374109.0000,3,6.552444,1,0.176000,0
2014-12-09,sh.603369,28.3400,28.7100,27.3000,27.3900,28.4600,5284876,148009003.0000,3,10.202463,1,-3.759700,0
2014-12-10,sh.603369,27.2900,28.1500,27.2100,28.0600,27.3900,2535732,70655244.0000,3,4.895236,1,2.446100,0
2014-12-11,sh.603369,28.0700,28.5000,27.9000,28.2000,28.0600,2368445,66749849.0000,3,4.572288,1,0.498900,0
2014-12-12,sh.603369,28.1000,28.4900,28.1000,28.3900,28.2000,2377898,67318335.0000,3,4.590537,1,0.673800,0
2014-12-15,sh.603369,28.1800,29.1700,28.1100,28.9700,28.3900,3800772,109530415.0000,3,7.337398,1,2.043000,0
2014-12-16,sh.603369,28.9300,28.9300,28.5300,28.6700,28.9700,2526836,72347815.0000,3,4.878062,1,-1.035600,0
2014-12-17,sh.603369,28.5900,28.5900,27.8000,27.9500,28.6700,2967245,83359351.0000,3,5.728272,1,-2.511300,0
2014-12-18,sh.603369,27.9800,28.2000,27.7800,27.9400,27.9500,1594239,44641614.0000,3,3.077681,1,-0.035800,0
2014-12-19,sh.603369,27.8600,27.8800,26.8500,27.3000,27.9400,2604915,71255455.0000,3,5.028793,1,-2.290600,0
2014-12-22,sh.603369,27.3000,27.3000,26.0200,26.2800,27.3000,2799829,73975598.0000,3,5.405075,1,-3.736300,0
2014-12-23,sh.603369,26.3900,27.3600,26.3200,27.0800,26.2800,3035822,82054476.0000,3,5.860660,1,3.044100,0
2014-12-24,sh.603369,27.0200,28.3000,27.0200,27.8500,27.0800,4796187,133789108.0000,3,9.259048,1,2.843400,0
2014-12-25,sh.603369,27.9000,28.1000,27.1500,27.6800,27.8500,2847682,78469872.0000,3,5.497456,1,-0.610400,0
2014-12-26,sh.603369,27.5900,27.7900,27.3900,27.6600,27.6800,1638885,45169686.0000,3,3.163871,1,-0.072300,0
2014-12-29,sh.603369,27.6700,28.1700,27.1800,28.0200,27.6600,2790089,77354374.0000,3,5.386272,1,1.301500,0
2014-12-30,sh.603369,27.9500,28.4000,27.8100,28.0600,28.0200,3325809,93738518.0000,3,6.420481,1,0.142800,0
2014-12-31,sh.603369,28.0200,28.1400,27.5600,27.8700,28.0600,2047891,57003094.0000,3,3.953458,1,-0.677100,0
2015-01-05,sh.603369,27.8600,28.6500,27.5200,28.6100,27.8700,4203279,118923076.0000,3,8.114438,1,2.655200,0
2015-01-06,sh.603369,28.1200,28.4800,27.9500,28.3400,28.6100,3154508,88995902.0000,3,6.089784,1,-0.943700,0
2015-01-07,sh.603369,28.4600,28.5300,27.9000,28.1200,28.3400,2303295,64925598.0000,3,4.446515,1,-0.776300,0
2015-01-08,sh.603369,27.9800,27.9800,27.3300,27.5900,28.1200,3112354,85850229.0000,3,6.008405,1,-1.884800,0
2015-01-09,sh.603369,27.6200,27.8600,27.3200,27.3400,27.5900,1907301,52796418.0000,3,3.682048,1,-0.906100,0
2015-01-12,sh.603369,26.9900,27.4400,26.6100,26.6900,27.3400,1628931,43777190.0000,3,3.144654,1,-2.377500,0
2015-01-13,sh.603369,26.7000,26.9800,26.5600,26.9100,26.6900,1033068,27729670.0000,3,1.994340,1,0.824300,0
2015-01-14,sh.603369,26.9100,27.0800,26.7000,26.8600,26.9100,1059255,28423523.0000,3,2.044894,1,-0.185800,0
2015-01-15,sh.603369,26.8500,27.1200,26.7500,27.1100,26.8600,875913,23640339.0000,3,1.690952,1,0.930800,0
2015-01-16,sh.603369,27.1400,27.3100,27.0400,27.3000,27.1100,1197774,32559039.0000,3,2.312305,1,0.700800,0
2015-01-19,sh.603369,26.8800,27.4600,26.1500,26.4400,27.3000,2177807,58382392.0000,3,4.204261,1,-3.150200,0
2015-01-20,sh.603369,26.6900,27.2000,26.6900,27.1900,26.4400,1928441,52004520.0000,3,3.722859,1,2.836600,0
2015-01-21,sh.603369,27.2500,27.7800,27.1900,27.7000,27.1900,2494442,68691744.0000,3,4.815525,1,1.875700,0
2015-01-22,sh.603369,27.6500,27.7500,27.4400,27.6400,27.7000,2606545,71864213.0000,3,5.031940,1,-0.216600,0
2015-01-23,sh.603369,27.6500,27.8000,27.2500,27.3300,27.6400,1758895,48419298.0000,3,3.395550,1,-1.121600,0
2015-01-26,sh.603369,27.2500,27.7900,27.2500,27.6800,27.3300,1536495,42389443.0000,3,2.966207,1,1.280600,0
2015-01-27,sh.603369,27.6700,27.7000,27.2900,27.6000,27.6800,1649466,45339477.0000,3,3.184297,1,-0.289000,0
2015-01-28,sh.603369,27.5300,27.6300,27.2500,27.4900,27.6000,1224673,33657766.0000,3,2.364234,1,-0.398600,0
2015-01-29,sh.603369,27.3000,27.4700,27.0900,27.1400,27.4900,1276865,34826155.0000,3,2.464990,1,-1.273200,0
2015-01-30,sh.603369,27.2000,27.4000,26.9800,27.0000,27.1400,1123269,30553382.0000,3,2.168473,1,-0.515800,0
2015-02-02,sh.603369,26.7000,27.4700,26.6000,27.2400,27.0000,1301177,35015298.0000,3,2.511925,1,0.888900,0
2015-02-03,sh.603369,27.1000,27.4100,27.1000,27.4000,27.2400,1215626,33171553.0000,3,2.346768,1,0.587400,0
2015-02-04,sh.603369,27.4400,27.7000,27.2800,27.3100,27.4000,1559455,42893976.0000,3,3.010531,1,-0.328500,0
2015-02-05,sh.603369,27.5300,27.5900,26.8100,26.8400,27.3100,1507542,40854131.0000,3,2.910313,1,-1.721000,0
2015-02-06,sh.603369,26.8000,26.8400,26.2800,26.4400,26.8400,1225340,32503495.0000,3,2.365521,1,-1.490300,0
2015-02-09,sh.603369,26.4400,26.8100,26.4000,26.6200,26.4400,792621,21116406.0000,3,1.530156,1,0.680800,0
2015-02-10,sh.603369,26.4800,26.7900,26.2100,26.6500,26.6200,1386315,36720796.0000,3,2.676284,1,0.112700,0
2015-02-11,sh.603369,26.4600,26.7500,26.4600,26.6400,26.6500,908669,24195397.0000,3,1.754187,1,-0.037500,0
2015-02-12,sh.603369,26.7100,26.8200,26.6700,26.8100,26.6400,835747,22365905.0000,3,1.613411,1,0.638100,0
2015-02-13,sh.603369,27.0200,27.2400,26.9300,27.1000,26.8100,1408964,38211534.0000,3,2.720008,1,1.081700,0
2015-02-16,sh.603369,27.2000,27.3000,27.0600,27.2900,27.1000,1276698,34726663.0000,3,2.464668,1,0.701100,0
2015-02-17,sh.603369,27.2200,27.2900,27.1000,27.1900,27.2900,1194883,32480226.0000,3,2.306724,1,-0.366400,0
2015-02-25,sh.603369,27.3000,27.3000,26.8800,26.9000,27.1900,1194945,32360184.0000,3,2.306844,1,-1.066600,0
2015-02-26,sh.603369,26.9000,27.3000,26.8200,27.2500,26.9000,1265224,34349361.0000,3,2.442517,1,1.301100,0
2015-02-27,sh.603369,27.3000,27.4700,27.1800,27.3600,27.2500,1613494,44168853.0000,3,3.114853,1,0.403700,0
2015-03-02,sh.603369,27.3900,27.5300,27.2800,27.5200,27.3600,1793279,49216040.0000,3,3.461929,1,0.584800,0
2015-03-03,sh.603369,27.5300,27.6900,27.3500,27.3900,27.5200,2215791,60895953.0000,3,4.277589,1,-0.472400,0
2015-03-04,sh.603369,27.3700,27.4500,27.2000,27.4300,27.3900,1845196,50419191.0000,3,3.562154,1,0.146000,0
2015-03-05,sh.603369,27.5000,27.5000,27.2700,27.3800,27.4300,1469850,40188509.0000,3,2.837548,1,-0.182300,0
2015-03-06,sh.603369,27.4200,27.6600,27.3000,27.5600,27.3800,2320178,63851196.0000,3,4.479108,1,0.657400,0
2015-03-09,sh.603369,27.5800,28.2800,27.5000,28.1600,27.5600,4641094,129289875.0000,3,8.959641,1,2.177100,0
2015-03-10,sh.603369,28.1000,28.1000,27.7900,27.8600,28.1600,2888399,80550948.0000,3,5.576060,1,-1.065300,0
2015-03-11,sh.603369,27.8900,28.0800,27.4200,27.6100,27.8600,2445587,67725843.0000,3,4.721210,1,-0.897300,0
2015-03-12,sh.603369,27.6300,27.8300,27.4600,27.5100,27.6100,1859875,51388623.0000,3,3.590492,1,-0.362200,0
2015-03-13,sh.603369,27.6000,27.7600,27.5000,27.7500,27.5100,1649429,45561381.0000,3,3.184226,1,0.872400,0
2015-03-16,sh.603369,27.7800,28.1200,27.7800,28.1200,27.7500,3976846,111431389.0000,3,7.677309,1,1.333300,0
2015-03-17,sh.603369,28.1300,28.5800,28.0600,28.4100,28.1200,5281333,149747598.0000,3,10.195624,1,1.031300,0
2015-03-18,sh.603369,28.4100,28.9700,28.3100,28.6800,28.4100,3954089,113479091.0000,3,7.633376,1,0.950400,0
2015-03-19,sh.603369,28.6800,28.7500,28.3400,28.6000,28.6800,3805752,108316166.0000,3,7.347012,1,-0.278900,0
2015-03-20,sh.603369,28.6500,28.8900,28.4000,28.7100,28.6000,3767434,107843935.0000,3,7.273039,1,0.384600,0
2015-03-23,sh.603369,28.8400,29.2900,28.8000,29.0000,28.7100,4673841,135628922.0000,3,9.022859,1,1.010100,0
2015-03-24,sh.603369,29.0000,29.0000,28.0100,28.6200,29.0000,4252187,121644668.0000,3,8.208855,1,-1.310300,0
2015-03-25,sh.603369,28.6000,29.1800,28.4200,29.1000,28.6200,5045892,145648336.0000,3,9.741104,1,1.677100,0
2015-03-26,sh.603369,29.0800,30.6700,28.9200,30.2700,29.1000,9606086,288092656.0000,3,18.544568,1,4.020600,0
2015-03-27,sh.603369,30.0800,30.0800,29.5800,29.9100,30.2700,4666321,139313349.0000,3,9.008342,1,-1.189300,0
2015-03-30,sh.603369,29.9200,30.4800,29.6300,29.9900,29.9100,3899750,116953745.0000,3,7.528475,1,0.267500,0
2015-03-31,sh.603369,30.0200,30.1500,29.6500,29.7900,29.9900,3603890,107674237.0000,3,6.957317,1,-0.666900,0
2015-04-01,sh.603369,29.7800,29.9800,29.6100,29.9600,29.7900,3242132,96767840.0000,3,6.258942,1,0.570700,0
2015-04-02,sh.603369,29.9600,30.4300,29.7100,30.0600,29.9600,4470221,134286684.0000,3,8.629770,1,0.333800,0
2015-04-03,sh.603369,29.8000,29.9600,29.5000,29.9400,30.0600,5784527,172151545.0000,3,11.167041,1,-0.399200,0
2015-04-07,sh.603369,30.0000,30.7800,29.8600,30.7600,29.9400,6887862,209384398.0000,3,13.297031,1,2.738800,0
2015-04-08,sh.603369,30.8800,33.7400,30.8800,33.0000,30.7600,11867033,386296608.0000,3,22.909330,1,7.282200,0
2015-04-09,sh.603369,32.8900,32.8900,30.8800,32.0200,33.0000,6863394,219179971.0000,3,13.249795,1,-2.969700,0
2015-04-10,sh.603369,31.7900,34.9900,31.6000,34.1800,32.0200,7920659,262958692.0000,3,15.290847,1,6.745800,0
2015-04-13,sh.603369,34.2500,35.1400,33.8000,34.3200,34.1800,5802420,200660217.0000,3,11.201583,1,0.409600,0
2015-04-14,sh.603369,34.5900,34.6000,33.2500,33.6600,34.3200,4703484,159467826.0000,3,9.080085,1,-1.923100,0
2015-04-15,sh.603369,33.7800,34.4600,32.0600,32.3000,33.6600,3821557,126613043.0000,3,7.377523,1,-4.040400,0
2015-04-16,sh.603369,32.0000,35.5300,31.7000,35.5200,32.3000,10017511,347480736.0000,3,19.338824,1,9.969000,0
2015-04-17,sh.603369,35.4800,35.4800,33.9000,33.9600,35.5200,8534963,295031296.0000,3,16.476763,1,-4.391900,0
2015-04-20,sh.603369,33.7600,34.2600,32.1500,32.5800,33.9600,5884685,195940197.0000,3,11.360396,1,-4.063600,0
2015-04-21,sh.603369,32.5000,34.0900,32.5000,33.8900,32.5800,4827764,162185759.0000,3,9.320008,1,4.020900,0
2015-04-22,sh.603369,34.1000,34.3400,33.6600,34.0500,33.8900,4955045,168334830.0000,3,9.565724,1,0.472100,0
2015-04-23,sh.603369,34.0600,34.3500,33.1900,33.3300,34.0500,4754970,159863061.0000,3,9.179479,1,-2.114500,0
2015-04-24,sh.603369,32.8000,33.2000,32.4000,32.6200,33.3300,4150114,135908286.0000,3,8.011803,1,-2.130200,0
2015-04-27,sh.603369,32.8900,33.7500,32.7900,33.2400,32.6200,3484081,115626167.0000,3,6.726025,1,1.900700,0
2015-04-28,sh.603369,33.1400,33.2400,31.6300,31.9500,33.2400,3957346,127728845.0000,3,7.639664,1,-3.880900,0
2015-04-29,sh.603369,31.9800,32.5000,31.5800,32.2000,31.9500,2141872,68965015.0000,3,4.134888,1,0.782500,0
2015-04-30,sh.603369,32.4000,33.3200,32.4000,32.5000,32.2000,2576765,84614077.0000,3,4.974450,1,0.931700,0
2015-05-04,sh.603369,32.5000,33.0000,32.2100,32.9000,32.5000,2561029,83939030.0000,3,4.944071,1,1.230800,0
2015-05-05,sh.603369,32.7000,32.8800,31.3100,31.4000,32.9000,3061921,97953649.0000,3,5.911044,1,-4.559300,0
2015-05-06,sh.603369,31.5800,31.9900,30.6600,30.8000,31.4000,2379367,74628889.0000,3,4.593373,1,-1.910800,0
2015-05-07,sh.603369,30.8500,31.3300,30.7000,30.7700,30.8000,1825434,56542818.0000,3,3.524004,1,-0.097400,0
2015-05-08,sh.603369,31.0900,31.9000,31.0800,31.7700,30.7700,2657965,83342323.0000,3,5.131207,1,3.249900,0
2015-05-11,sh.603369,31.9300,33.4300,31.8100,33.3900,31.7700,5200628,170161759.0000,3,10.039822,1,5.099100,0
2015-05-12,sh.603369,33.4300,33.5800,32.8600,33.4600,33.3900,4449586,147979521.0000,3,8.589934,1,0.209600,0
2015-05-13,sh.603369,33.3900,34.5900,33.0000,33.9700,33.4600,5058198,171555104.0000,3,9.764861,1,1.524200,0
2015-05-14,sh.603369,33.8600,35.6400,33.6100,35.5100,33.9700,6868551,239781687.0000,3,13.259751,1,4.533400,0
2015-05-15,sh.603369,35.2000,35.2200,34.1900,34.2100,35.1200,5329971,184503247.0000,3,10.289519,1,-2.591100,0
2015-05-18,sh.603369,33.9100,37.6300,33.8100,37.6300,34.2100,9710989,355213472.0000,3,18.747083,1,9.997100,0
2015-05-19,sh.603369,37.6300,38.8300,36.0200,38.1200,37.6300,7778684,291715392.0000,3,15.016764,1,1.302100,0
2015-05-20,sh.603369,37.5800,40.2400,37.3500,37.6200,38.1200,6807805,266371609.0000,3,13.142481,1,-1.311600,0
2015-05-21,sh.603369,37.7500,39.4000,37.0600,38.2300,37.6200,5637924,215299384.0000,3,10.884023,1,1.621500,0
2015-05-22,sh.603369,38.6100,38.9700,37.2100,38.7400,38.2300,6554312,249675413.0000,3,12.653112,1,1.334000,0
2015-05-25,sh.603369,38.9800,42.6100,38.9800,42.6100,38.7400,9352130,385737856.0000,3,18.054305,1,9.989700,0
2015-05-26,sh.603369,43.0000,46.0800,41.9500,45.5200,42.6100,10290587,451207872.0000,3,19.865998,1,6.829400,0
2015-05-27,sh.603369,45.0000,49.9500,44.0100,48.2700,45.5200,10319309,485415248.0000,3,19.921446,1,6.041300,0
2015-05-28,sh.603369,48.0100,52.9700,45.0200,45.2300,48.2700,12650331,636775488.0000,3,24.421488,1,-6.297900,0
2015-05-29,sh.603369,45.1000,49.5000,42.2000,48.6200,45.2300,11388251,524881888.0000,3,21.985041,1,7.495000,0
2015-06-01,sh.603369,48.0100,50.9900,48.0100,49.4600,48.6200,8280160,408643632.0000,3,15.984865,1,1.727700,0
2015-06-02,sh.603369,49.0100,50.1100,46.7100,48.0400,49.4600,7542563,363205664.0000,3,14.560932,1,-2.871000,0
2015-06-03,sh.603369,47.0000,47.7500,45.8600,46.1300,48.0400,5342380,248699899.0000,3,10.313475,1,-3.975900,0
2015-06-04,sh.603369,45.7800,47.9900,42.5200,45.5400,46.1300,5405981,245750130.0000,3,10.436257,1,-1.279000,0
2015-06-05,sh.603369,46.0900,47.1900,44.6000,46.1700,45.5400,4948771,228785106.0000,3,9.553612,1,1.383400,0
2015-06-08,sh.603369,46.1700,46.1700,43.2000,44.0900,46.1700,5178531,230225163.0000,3,9.997164,1,-4.505100,0
2015-06-09,sh.603369,44.0900,45.4400,43.9100,44.6800,44.0900,3183736,142045422.0000,3,6.146208,1,1.338200,0
2015-06-10,sh.603369,44.6500,47.9400,43.4400,46.8000,44.6800,5368765,248737016.0000,3,10.364411,1,4.744800,0
2015-06-11,sh.603369,47.0000,48.0000,46.7900,47.3000,46.8000,5220872,248222514.0000,3,10.078903,1,1.068400,0
2015-06-12,sh.603369,47.5500,51.2800,47.5500,48.6300,47.3000,6748510,332879696.0000,3,13.028012,1,2.811800,0
2015-06-15,sh.603369,48.4300,48.5600,46.0000,46.1000,48.6300,5095436,241986676.0000,3,9.836749,1,-5.202600,0
2015-06-16,sh.603369,45.6400,45.6400,42.5000,43.1500,46.1000,4588459,201698107.0000,3,8.858029,1,-6.399100,0
2015-06-17,sh.603369,43.0000,44.0800,40.9800,43.8300,43.1500,3812870,162485096.0000,3,7.360753,1,1.575900,0
2015-06-18,sh.603369,43.9800,45.2500,41.4500,41.5400,43.8300,3562945,155552235.0000,3,6.878272,1,-5.224700,0
2015-06-19,sh.603369,40.2000,41.1900,38.0000,38.2100,41.5400,3381056,133885793.0000,3,6.527135,1,-8.016400,0
2015-06-23,sh.603369,38.2500,40.6000,37.2900,40.4700,38.2100,3851936,150747398.0000,3,7.436170,1,5.914700,0
2015-06-24,sh.603369,40.5800,42.4900,40.1000,42.0000,40.4700,4464110,185555056.0000,3,8.617973,1,3.780600,0
2015-06-25,sh.603369,42.2000,42.2000,38.8100,39.3900,42.0000,3913449,159741480.0000,3,7.554921,1,-6.214300,0
2015-06-26,sh.603369,38.5300,38.5300,35.4500,35.4500,39.3900,4322980,158903585.0000,3,8.345521,1,-10.002500,0
2015-06-29,sh.603369,36.2500,36.9700,32.0000,34.0900,35.4500,5090797,175504549.0000,3,9.827793,1,-3.836400,0
2015-06-30,sh.603369,33.7100,37.2900,32.1200,37.0900,34.0900,5083264,177759156.0000,3,9.813251,1,8.800200,0
2015-07-01,sh.603369,37.0100,38.2700,35.0200,35.1400,37.0900,4766500,177383547.0000,3,9.201737,1,-5.257500,0
2015-07-02,sh.603369,35.6600,38.6500,35.4500,38.2200,35.1400,13341890,505650224.0000,3,25.756544,1,8.764900,0
2015-07-03,sh.603369,36.7900,40.1500,34.4000,38.0400,38.2200,8961604,338916656.0000,3,3.982050,1,-0.471000,0
2015-07-06,sh.603369,41.8400,41.8400,36.0300,39.9400,38.0400,7439530,292391568.0000,3,3.305723,1,4.994700,0
2015-07-07,sh.603369,39.0000,39.9100,35.9500,35.9600,39.9400,6184040,232642131.0000,3,2.747852,1,-9.964900,0
2015-07-08,sh.603369,35.9600,35.9600,35.9600,35.9600,35.9600,0,0.0000,3,,0,0.000000,0
2015-07-09,sh.603369,35.9600,35.9600,35.9600,35.9600,35.9600,0,0.0000,3,,0,0.000000,0
2015-07-10,sh.603369,35.9600,35.9600,35.9600,35.9600,35.9600,0,0.0000,3,,0,0.000000,0
2015-07-13,sh.603369,39.5600,39.5600,38.8800,39.5600,35.9600,4653134,183959474.0000,3,2.067600,1,10.011100,0
2015-07-14,sh.603369,40.5200,41.9700,38.8000,39.1900,39.5600,8012158,323047040.0000,3,3.560168,1,-0.935300,0
2015-07-15,sh.603369,37.8600,37.8600,35.2700,35.2700,39.1900,3977300,142623627.0000,3,1.767296,1,-10.002500,0
2015-07-16,sh.603369,35.2700,35.9000,31.7600,33.9900,35.2700,4879361,166682663.0000,3,2.168123,1,-3.629100,0
2015-07-17,sh.603369,34.0300,36.2100,34.0300,35.7800,33.9900,3545849,125193513.0000,3,1.575583,1,5.266200,0
2015-07-20,sh.603369,36.2000,36.2000,34.2000,35.6500,35.7800,4402013,155990367.0000,3,1.956016,1,-0.363300,0
2015-07-21,sh.603369,35.0100,36.5000,34.5300,35.6500,35.6500,4958682,177664661.0000,3,2.203369,1,0.000000,0
2015-07-22,sh.603369,35.3900,36.7500,35.1100,36.2700,35.6500,3918170,141561162.0000,3,1.741022,1,1.739100,0
2015-07-23,sh.603369,36.2200,38.2700,36.0000,37.3600,36.2700,8143523,303320352.0000,3,3.618539,1,3.005200,0
2015-07-24,sh.603369,37.3600,37.7500,35.5000,35.6800,37.3600,6949340,257355588.0000,3,3.087909,1,-4.496800,0
2015-07-27,sh.603369,34.9900,35.6000,32.1100,32.1100,35.6800,5776416,196591079.0000,3,2.566726,1,-10.005600,0
2015-07-28,sh.603369,31.0000,32.0000,29.1000,31.1300,32.1100,5776427,177247702.0000,3,2.566731,1,-3.052000,0
2015-07-29,sh.603369,31.4000,32.6600,30.8000,32.5400,31.1300,4048784,127893450.0000,3,1.799060,1,4.529400,0
2015-07-30,sh.603369,32.2900,32.8300,30.8200,31.1400,32.5400,4124291,132742738.0000,3,1.832611,1,-4.302400,0
2015-07-31,sh.603369,30.5100,31.6000,30.5100,31.4500,31.1400,2717647,84382699.0000,3,1.207575,1,0.995500,0
2015-08-03,sh.603369,31.0000,32.2700,30.4000,32.2200,31.4500,3542104,110319453.0000,3,1.573919,1,2.448300,0
2015-08-04,sh.603369,32.3000,33.6000,31.9900,33.5000,32.2200,4442294,145901126.0000,3,1.973914,1,3.972700,0
2015-08-05,sh.603369,33.4900,33.6000,32.3000,32.4900,33.5000,3203092,105707791.0000,3,1.423280,1,-3.014900,0
2015-08-06,sh.603369,31.5000,32.5000,31.4600,31.9200,32.4900,1619961,51929725.0000,3,0.719823,1,-1.754400,0
2015-08-07,sh.603369,32.1800,32.7400,32.1200,32.6600,31.9200,2574165,83690596.0000,3,1.143819,1,2.318300,0
2015-08-10,sh.603369,33.0000,34.2600,32.6900,34.0200,32.6600,3904502,130946729.0000,3,1.734949,1,4.164100,0
2015-08-11,sh.603369,33.9500,34.2000,33.4900,33.6600,34.0200,3723134,125990296.0000,3,1.654359,1,-1.058200,0
2015-08-12,sh.603369,33.4000,33.9000,33.0800,33.0900,33.6600,3176841,106130874.0000,3,1.411616,1,-1.693400,0
2015-08-13,sh.603369,33.0300,33.6900,32.8100,33.6600,33.0900,2475319,82312060.0000,3,1.099897,1,1.722600,0
2015-08-14,sh.603369,33.7600,34.5400,33.5000,33.7800,33.6600,3110095,105745761.0000,3,1.381957,1,0.356500,0
2015-08-17,sh.603369,33.7700,33.7700,33.0000,33.5300,33.7800,2359103,78506718.0000,3,1.048257,1,-0.740100,0
2015-08-18,sh.603369,33.5500,33.7100,30.1800,30.1800,33.5300,4235775,135035859.0000,3,1.882148,1,-9.991000,0
2015-08-19,sh.603369,29.7000,31.3000,29.0000,30.8900,30.1800,3357332,101109552.0000,3,1.491816,1,2.352500,0
2015-08-20,sh.603369,30.7100,31.1600,30.1400,30.1800,30.8900,1893746,57893921.0000,3,0.841478,1,-2.298500,0
2015-08-21,sh.603369,29.9000,30.1000,28.2600,28.5900,30.1800,2206292,64696305.0000,3,0.980356,1,-5.268400,0
2015-08-24,sh.603369,27.6000,27.9400,25.7300,25.7300,28.5900,3488795,91540661.0000,3,1.550231,1,-10.003500,0
2015-08-25,sh.603369,24.3800,26.3700,23.7600,24.0300,25.7300,4138053,102748996.0000,3,1.838726,1,-6.607100,0
2015-08-26,sh.603369,24.6800,26.0000,23.9900,24.9000,24.0300,3578616,89373937.0000,3,1.590143,1,3.620500,0
2015-08-27,sh.603369,25.4600,26.1900,24.6300,26.0000,24.9000,3063015,78108696.0000,3,1.361038,1,4.417700,0
2015-08-28,sh.603369,26.2900,27.8000,26.0200,27.7100,26.0000,4098575,109155603.0000,3,1.821184,1,6.576900,0
2015-08-31,sh.603369,27.2200,27.2200,26.0500,26.0900,27.7100,2392727,63852759.0000,3,1.063198,1,-5.846300,0
2015-09-01,sh.603369,25.8800,26.0800,24.3900,24.5400,26.0900,2092971,52493957.0000,3,0.930003,1,-5.941000,0
2015-09-02,sh.603369,24.2800,26.8000,23.8000,26.7600,24.5400,5229526,134677471.0000,3,2.323717,1,9.046500,0
2015-09-07,sh.603369,27.0000,27.9900,26.7500,26.9700,26.7600,3531041,96662767.0000,3,1.569003,1,0.784700,0
2015-09-08,sh.603369,26.9200,29.0500,26.0000,28.2100,26.9700,2990826,80333972.0000,3,1.328961,1,4.597700,0
2015-09-09,sh.603369,28.2100,29.1900,27.5400,28.7900,28.2100,4498893,128014912.0000,3,1.999064,1,2.056000,0
2015-09-10,sh.603369,28.0000,28.2700,27.4200,27.5200,28.7900,2200633,61455114.0000,3,0.977842,1,-4.411300,0
2015-09-11,sh.603369,27.3300,27.8900,27.0100,27.3000,27.5200,1501755,41205658.0000,3,0.667298,1,-0.799400,0
2015-09-14,sh.603369,27.4000,27.7700,24.6000,25.2300,27.3000,2304196,59965074.0000,3,1.023860,1,-7.582400,0
2015-09-15,sh.603369,24.8800,25.8000,24.7000,24.9900,25.2300,2024368,51220723.0000,3,0.899519,1,-0.951200,0
2015-09-16,sh.603369,24.9000,27.4900,24.8000,27.1300,24.9900,2479105,64474480.0000,3,1.101580,1,8.563400,0
2015-09-17,sh.603369,26.7500,27.1500,26.0000,26.0100,27.1300,2855497,75870402.0000,3,1.268828,1,-4.128300,0
2015-09-18,sh.603369,26.0100,26.2000,25.6700,26.1100,26.0100,1500338,38956929.0000,3,0.666669,1,0.384500,0
2015-09-21,sh.603369,25.5000,26.9600,25.2600,26.9100,26.1100,1955604,51605018.0000,3,0.868964,1,3.064000,0
2015-09-22,sh.603369,26.8000,27.3500,26.5000,27.0200,26.9100,2342410,63355254.0000,3,1.040840,1,0.408800,0
2015-09-23,sh.603369,26.6100,26.9200,26.2500,26.3200,27.0200,1591430,42239105.0000,3,0.707145,1,-2.590700,0
2015-09-24,sh.603369,26.6000,27.0000,26.0200,26.7100,26.3200,1247283,33229283.0000,3,0.554225,1,1.481800,0
2015-09-25,sh.603369,26.7500,27.1900,25.7800,26.1700,26.7100,1590687,42312049.0000,3,0.706815,1,-2.021700,0
2015-09-28,sh.603369,26.1700,26.2500,25.2600,26.1900,26.1700,1016665,26257947.0000,3,0.451751,1,0.076400,0
2015-09-29,sh.603369,25.8000,26.8900,25.5000,26.1100,26.1900,1245453,32796029.0000,3,0.553412,1,-0.305500,0
2015-09-30,sh.603369,26.1400,26.4000,25.6900,25.9000,26.1100,1124702,29158794.0000,3,0.499756,1,-0.804300,0
2015-10-08,sh.603369,26.5800,27.1000,26.4100,26.7500,25.9000,2291593,61390940.0000,3,1.018259,1,3.281900,0
2015-10-09,sh.603369,26.7500,27.1800,26.6100,27.0900,26.7500,1772701,47743520.0000,3,0.787692,1,1.271000,0
2015-10-12,sh.603369,27.3000,28.5000,27.0100,28.3500,27.0900,4015178,111992715.0000,3,1.784127,1,4.651200,0
2015-10-13,sh.603369,28.0000,28.2000,27.8000,28.1900,28.3500,2170344,60787231.0000,3,0.964383,1,-0.564400,0
2015-10-14,sh.603369,28.0100,28.1900,27.4300,27.4700,28.1900,2607563,72444097.0000,3,1.158659,1,-2.554100,0
2015-10-15,sh.603369,27.4600,28.2100,27.3000,28.2000,27.4700,2574189,71921447.0000,3,1.143830,1,2.657400,0
2015-10-16,sh.603369,28.3900,28.4600,27.8600,28.3500,28.2000,2930297,82708612.0000,3,1.302065,1,0.531900,0
2015-10-19,sh.603369,28.6500,30.0700,28.5600,29.2700,28.3500,5478465,160382185.0000,3,2.434332,1,3.245200,0
2015-10-20,sh.603369,29.1100,29.2800,28.5100,29.2700,29.2700,2231559,64607301.0000,3,0.991584,1,0.000000,0
2015-10-21,sh.603369,29.2700,29.3900,26.8000,27.1100,29.2700,4340537,122285391.0000,3,1.928699,1,-7.379600,0
2015-10-22,sh.603369,26.9500,27.8000,26.9500,27.7600,27.1100,2148821,58861161.0000,3,0.954819,1,2.397600,0
2015-10-23,sh.603369,27.8000,28.9600,27.7300,28.8600,27.7600,3250854,92910116.0000,3,1.444503,1,3.962500,0
2015-10-26,sh.603369,29.0000,29.6000,28.4300,29.0600,28.8600,3340557,96997903.0000,3,1.484362,1,0.693000,0
2015-10-27,sh.603369,28.8000,29.4000,27.6500,28.7900,29.0600,2906996,82843347.0000,3,1.291711,1,-0.929100,0
2015-10-28,sh.603369,29.2000,30.4700,29.1700,29.3500,28.7900,5634112,168284196.0000,3,2.503493,1,1.945100,0
2015-10-29,sh.603369,29.4000,29.7000,29.0200,29.4000,29.3500,3154089,92603187.0000,3,1.401506,1,0.170400,0
2015-10-30,sh.603369,29.1600,29.4900,28.8000,29.1800,29.4000,1937173,56532793.0000,3,0.860774,1,-0.748300,0
2015-11-02,sh.603369,28.8000,30.4400,28.6100,29.7800,29.1800,4327878,129258380.0000,3,1.923074,1,2.056200,0
2015-11-03,sh.603369,29.8500,30.9100,29.5000,30.2200,29.7800,4000851,120005593.0000,3,1.777761,1,1.477500,0
2015-11-04,sh.603369,30.3000,32.9900,30.1000,32.8900,30.2200,8593202,270659648.0000,3,3.818352,1,8.835200,0
2015-11-05,sh.603369,32.4000,33.1900,31.9800,32.8400,32.8900,4297124,139832341.0000,3,1.909409,1,-0.152000,0
2015-11-06,sh.603369,32.6000,33.3700,32.4000,33.2700,32.8400,3588449,118237260.0000,3,1.594512,1,1.309400,0
2015-11-09,sh.603369,32.8000,33.6000,32.0900,33.0800,33.2700,4508913,148052179.0000,3,2.003516,1,-0.571100,0
2015-11-10,sh.603369,32.5700,33.0800,32.2400,32.6000,33.0800,2727167,88911605.0000,3,1.211805,1,-1.451000,0
2015-11-11,sh.603369,32.5500,34.1800,32.4000,34.0700,32.6000,5112351,170995004.0000,3,2.271651,1,4.509200,0
2015-11-12,sh.603369,33.8100,35.7000,33.8000,35.0600,34.0700,6143624,214568387.0000,3,2.729893,1,2.905800,0
2015-11-13,sh.603369,34.2000,34.8000,32.8300,34.5000,35.0600,3717855,125928778.0000,3,1.652013,1,-1.597300,0
2015-11-16,sh.603369,33.6000,35.3300,33.3300,35.3000,34.5000,3227398,111139955.0000,3,1.434080,1,2.318800,0
2015-11-17,sh.603369,35.6600,38.1000,35.6300,37.1600,35.3000,7123972,263978112.0000,3,3.165506,1,5.269100,0
2015-11-18,sh.603369,36.8800,37.2100,36.1100,36.2200,37.1600,3348643,122647506.0000,3,1.487955,1,-2.529600,0
2015-11-19,sh.603369,35.9000,37.5900,35.9000,36.5500,36.2200,3749106,137017629.0000,3,1.665899,1,0.911100,0
2015-11-20,sh.603369,36.4700,36.5600,35.5100,36.3300,36.5500,2127215,76548920.0000,3,0.945219,1,-0.601900,0
2015-11-23,sh.603369,36.2700,38.0000,36.2600,36.7900,36.3300,4150634,154340331.0000,3,1.844316,1,1.266200,0
2015-11-24,sh.603369,36.5100,37.3600,36.0200,37.2700,36.7900,2053459,75446696.0000,3,0.912446,1,1.304700,0
2015-11-25,sh.603369,37.2500,38.5000,36.8400,38.1900,37.2700,3153911,118069664.0000,3,1.401427,1,2.468500,0
2015-11-26,sh.603369,37.9500,38.2200,37.1200,37.7500,38.1900,2250450,84748188.0000,3,0.999978,1,-1.152100,0
2015-11-27,sh.603369,37.4600,37.4600,34.1600,34.3600,37.7500,2683935,95695107.0000,3,1.192595,1,-8.980100,0
2015-11-30,sh.603369,34.1000,36.2700,33.6100,35.9200,34.3600,6220581,215633219.0000,3,2.764088,1,4.540200,0
2015-12-01,sh.603369,35.2500,36.8800,35.0300,36.0700,35.9200,3415676,123207632.0000,3,1.517741,1,0.417600,0
2015-12-02,sh.603369,35.5000,35.9500,34.4700,35.2400,36.0700,1810432,63497892.0000,3,0.804458,1,-2.301100,0
2015-12-03,sh.603369,35.0400,36.4000,34.6000,36.2200,35.2400,2508535,88985263.0000,3,1.114657,1,2.780900,0
2015-12-04,sh.603369,35.8800,36.0000,34.5100,35.0400,36.2200,2328814,82225821.0000,3,1.034798,1,-3.257900,0
2015-12-07,sh.603369,34.6100,35.1500,34.1300,34.9000,35.0400,2878187,99737716.0000,3,1.278910,1,-0.399500,0
2015-12-08,sh.603369,34.5900,34.5900,32.4500,33.1200,34.9000,5440662,179704664.0000,3,2.417535,1,-5.100300,0
2015-12-09,sh.603369,32.7700,32.9900,32.1600,32.7300,33.1200,2539996,82890989.0000,3,1.128636,1,-1.177500,0
2015-12-10,sh.603369,32.4300,32.9900,31.5000,31.8400,32.7300,3870095,125239337.0000,3,1.719660,1,-2.719200,0
2015-12-11,sh.603369,31.7700,32.3800,31.5200,32.3600,31.8400,1887635,60458112.0000,3,0.838762,1,1.633200,0
2015-12-14,sh.603369,32.0700,33.4500,32.0700,33.2200,32.3600,3026327,99109174.0000,3,1.344735,1,2.657600,0
2015-12-15,sh.603369,33.2300,33.4000,32.8000,33.1100,33.2200,1813969,60002613.0000,3,0.806029,1,-0.331100,0
2015-12-16,sh.603369,33.1300,33.4700,32.9000,33.2700,33.1100,2145487,71078829.0000,3,0.953338,1,0.483200,0
2015-12-17,sh.603369,33.4300,33.9900,33.3700,33.8000,33.2700,2213455,74706371.0000,3,0.983539,1,1.593000,0
2015-12-18,sh.603369,33.7800,34.0800,33.1100,33.5700,33.8000,2577560,86914525.0000,3,1.145328,1,-0.680500,0
2015-12-21,sh.603369,33.2800,36.4000,33.0800,36.2800,33.5700,7384461,260179554.0000,3,3.281253,1,8.072700,0
2015-12-22,sh.603369,35.8500,36.2800,35.2500,36.0400,36.2800,4664775,166901567.0000,3,2.072773,1,-0.661500,0
2015-12-23,sh.603369,35.7800,35.9500,34.9000,34.9700,36.0400,2508645,88856016.0000,3,1.114706,1,-2.968900,0
2015-12-24,sh.603369,35.0000,35.3900,34.4200,35.2500,34.9700,1573535,54728682.0000,3,0.699194,1,0.800700,0
2015-12-25,sh.603369,35.3000,35.4800,34.9700,35.0800,35.2500,1391159,48913070.0000,3,0.618156,1,-0.482300,0
2015-12-28,sh.603369,35.1000,35.6000,33.3400,33.4500,35.0800,2158964,74873681.0000,3,0.959326,1,-4.646500,0
2015-12-29,sh.603369,33.4600,34.4600,33.1900,34.2200,33.4500,1531498,51657804.0000,3,0.680515,1,2.301900,0
2015-12-30,sh.603369,34.1900,34.5600,34.0000,34.2600,34.2200,1425682,48935939.0000,3,0.633496,1,0.116900,0
2015-12-31,sh.603369,34.3900,34.5000,33.5000,33.5300,34.2600,1055977,35900790.0000,3,0.469219,1,-2.130800,0
2016-01-04,sh.603369,33.5100,33.6000,30.1800,30.1800,33.5300,1668731,53311964.0000,3,0.741493,1,-9.991000,0
2016-01-05,sh.603369,28.8600,31.0000,28.6700,30.1600,30.1800,2928408,87846324.0000,3,1.301226,1,-0.066300,0
2016-01-06,sh.603369,30.3800,30.9800,29.9000,30.7600,30.1600,1465397,44615721.0000,3,0.651143,1,1.989400,0
2016-01-07,sh.603369,30.4000,30.4000,27.7000,27.9000,30.7600,406600,11941934.0000,3,0.180671,1,-9.297800,0
2016-01-08,sh.603369,29.0000,29.4500,26.8000,28.3000,27.9000,2880661,80766898.0000,3,1.280009,1,1.433700,0
2016-01-11,sh.603369,27.8900,27.9700,25.9800,26.0100,28.3000,2504733,67546354.0000,3,1.112967,1,-8.091900,0
2016-01-12,sh.603369,26.4400,26.9900,25.8900,26.7200,26.0100,1517287,40149651.0000,3,0.674200,1,2.729700,0
2016-01-13,sh.603369,26.9000,27.2000,26.0000,26.1000,26.7200,1630505,43636215.0000,3,0.724508,1,-2.320400,0
2016-01-14,sh.603369,25.6000,27.8800,25.2800,27.6400,26.1000,2350732,63549214.0000,3,1.044538,1,5.900400,0
2016-01-15,sh.603369,27.1300,27.8800,26.7000,27.2400,27.6400,1852362,50720524.0000,3,0.823089,1,-1.447200,0
2016-01-18,sh.603369,26.5100,27.8000,26.4800,27.3600,27.2400,1823963,49778807.0000,3,0.810470,1,0.440500,0
2016-01-19,sh.603369,27.2100,28.2800,27.1500,28.1900,27.3600,1657040,46025896.0000,3,0.736299,1,3.033600,0
2016-01-20,sh.603369,27.9000,28.2400,27.5000,27.7100,28.1900,1441757,40199670.0000,3,0.640639,1,-1.702700,0
2016-01-21,sh.603369,27.3600,28.1400,27.1500,27.2600,27.7100,1537393,42559096.0000,3,0.683134,1,-1.624000,0
2016-01-22,sh.603369,27.2000,27.6900,26.6600,27.6200,27.2600,1275711,34813613.0000,3,0.566857,1,1.320600,0
2016-01-25,sh.603369,27.8000,28.8200,27.8000,28.4200,27.6200,1948711,55620899.0000,3,0.865901,1,2.896400,0
2016-01-26,sh.603369,28.1500,28.4200,25.8800,26.2800,28.4200,1375408,37739733.0000,3,0.611157,1,-7.529900,0
2016-01-27,sh.603369,26.3500,26.7000,24.3100,25.8600,26.2800,1476035,37965335.0000,3,0.655870,1,-1.598200,0
2016-01-28,sh.603369,25.5100,25.8700,24.2400,24.3000,25.8600,932673,23516941.0000,3,0.414429,1,-6.032500,0
2016-01-29,sh.603369,24.4000,25.6900,24.4000,25.4300,24.3000,1010899,25385513.0000,3,0.449189,1,4.650200,0
2016-02-01,sh.603369,25.7200,25.7500,25.0000,25.3000,25.4300,970650,24639722.0000,3,0.431304,1,-0.511200,0
2016-02-02,sh.603369,25.3700,26.3900,25.2100,26.3700,25.3000,1344684,35086444.0000,3,0.597505,1,4.229300,0
2016-02-03,sh.603369,26.0700,26.6900,25.7700,26.4900,26.3700,932456,24381713.0000,3,0.414333,1,0.455100,0
2016-02-04,sh.603369,26.5000,29.1400,26.2200,27.7200,26.4900,1589366,44164403.0000,3,0.706228,1,4.643300,0
2016-02-05,sh.603369,27.5000,27.5400,26.8200,26.9600,27.7200,1123558,30528878.0000,3,0.499248,1,-2.741700,0
2016-02-15,sh.603369,26.0900,26.4700,25.5100,26.3700,26.9600,928437,24317895.0000,3,0.412547,1,-2.188400,0
2016-02-16,sh.603369,26.4600,27.4400,26.4600,27.2900,26.3700,1557010,42038876.0000,3,0.691851,1,3.488800,0
2016-02-17,sh.603369,27.2500,27.4400,26.8600,27.4400,27.2900,1146564,31127687.0000,3,0.509471,1,0.549700,0
2016-02-18,sh.603369,27.5300,27.6700,27.1200,27.2300,27.4400,1013904,27752623.0000,3,0.450524,1,-0.765300,0
2016-02-19,sh.603369,27.2400,27.4900,27.0000,27.3600,27.2300,1237809,33826867.0000,3,0.550015,1,0.477400,0
2016-02-22,sh.603369,27.4700,27.9100,27.3800,27.8700,27.3600,1121464,31037321.0000,3,0.498318,1,1.864000,0
2016-02-23,sh.603369,27.7000,28.6000,27.7000,28.1300,27.8700,1608068,45236425.0000,3,0.714538,1,0.932900,0
2016-02-24,sh.603369,28.0900,28.1600,27.5100,28.0800,28.1300,1375535,38241509.0000,3,0.611213,1,-0.177700,0
2016-02-25,sh.603369,28.1500,28.1500,25.7000,25.7500,28.0800,1422578,38044230.0000,3,0.632116,1,-8.297700,0
2016-02-26,sh.603369,25.9600,26.1700,25.0000,25.8200,25.7500,1116017,28696249.0000,3,0.495897,1,0.271800,0
2016-02-29,sh.603369,25.6800,26.8800,24.8000,26.7600,25.8200,2227365,56667780.0000,3,0.989720,1,3.640600,0
2016-03-01,sh.603369,26.5500,28.0000,25.7200,27.9700,26.7600,2401429,65250797.0000,3,1.067065,1,4.521700,0
2016-03-02,sh.603369,27.8800,29.3600,27.5600,28.9500,27.9700,3016643,85767519.0000,3,1.340432,1,3.503800,0
2016-03-03,sh.603369,28.7000,29.7500,28.5200,28.6200,28.9500,2519612,73219683.0000,3,1.119579,1,-1.139900,0
2016-03-04,sh.603369,28.2200,29.3300,27.0000,29.2400,28.6200,2919495,83419669.0000,3,1.297265,1,2.166300,0
2016-03-07,sh.603369,29.0000,29.6600,28.6100,28.9100,29.2400,2247809,65343114.0000,3,0.998804,1,-1.128600,0
2016-03-08,sh.603369,28.9500,28.9600,27.5000,28.3100,28.9100,1568071,43952253.0000,3,0.696766,1,-2.075400,0
2016-03-09,sh.603369,28.0000,28.0000,27.2100,27.3100,28.3100,998514,27464119.0000,3,0.443685,1,-3.532300,0
2016-03-10,sh.603369,27.4000,28.3100,27.2000,27.3900,27.3100,1387486,38613379.0000,3,0.616523,1,0.292900,0
2016-03-11,sh.603369,27.2500,27.2500,26.4100,26.5300,27.3900,1660880,44445573.0000,3,0.738005,1,-3.139800,0
2016-03-14,sh.603369,26.8200,27.6500,26.7200,27.3800,26.5300,2231071,60812867.0000,3,0.991367,1,3.203900,0
2016-03-15,sh.603369,27.2500,27.3700,26.8100,26.9000,27.3800,1026939,27786343.0000,3,0.456316,1,-1.753100,0
2016-03-16,sh.603369,26.9000,27.2600,26.6000,27.1000,26.9000,946399,25488923.0000,3,0.420528,1,0.743500,0
2016-03-17,sh.603369,27.1300,27.7600,26.9100,27.6800,27.1000,1445151,39628338.0000,3,0.642147,1,2.140200,0
2016-03-18,sh.603369,27.7300,28.4800,27.6200,28.3300,27.6800,1800231,50659524.0000,3,0.799925,1,2.348300,0
2016-03-21,sh.603369,28.4000,28.7200,28.2200,28.5800,28.3300,2202275,62779592.0000,3,0.978571,1,0.882500,0
2016-03-22,sh.603369,28.5800,29.1000,28.3500,28.7000,28.5800,2346551,67574629.0000,3,1.042680,1,0.419900,0
2016-03-23,sh.603369,28.7000,28.8000,28.0100,28.4500,28.7000,1565432,44429523.0000,3,0.695593,1,-0.871100,0
2016-03-24,sh.603369,28.1100,29.4600,28.1000,29.3200,28.4500,3015312,87399323.0000,3,1.339841,1,3.058000,0
2016-03-25,sh.603369,29.1500,29.5100,28.8300,29.1700,29.3200,1638210,47791263.0000,3,0.727932,1,-0.511600,0
2016-03-28,sh.603369,29.4500,30.9500,29.1500,30.3900,29.1700,4401437,133128757.0000,3,1.955760,1,4.182400,0
2016-03-29,sh.603369,33.4300,33.4300,31.1100,31.3300,30.3900,6984626,223571963.0000,3,3.103589,1,3.093100,0
2016-03-30,sh.603369,31.6800,33.0400,31.1200,32.8500,31.3300,4993683,159796246.0000,3,2.218922,1,4.851600,0
2016-03-31,sh.603369,32.5200,34.7700,32.4300,33.4200,32.8500,5523492,186504449.0000,3,2.454340,1,1.735200,0
2016-04-01,sh.603369,33.0000,34.5800,33.0000,34.0600,33.4200,4183090,142069058.0000,3,1.858738,1,1.915000,0
2016-04-05,sh.603369,34.0700,34.6000,33.5800,34.2200,34.0600,3434694,117305830.0000,3,1.526192,1,0.469800,0
2016-04-06,sh.603369,33.9500,35.0100,33.7400,34.8500,34.2200,3261529,111551634.0000,3,1.449246,1,1.841000,0
2016-04-07,sh.603369,34.8500,35.0800,33.8400,33.8700,34.8500,3532473,121235624.0000,3,1.569639,1,-2.812100,0
2016-04-08,sh.603369,33.7000,33.7300,32.6000,33.1200,33.8700,3047432,100997561.0000,3,1.354113,1,-2.214300,0
2016-04-11,sh.603369,33.4700,34.1400,33.3400,33.8400,33.1200,2171068,73295921.0000,3,0.964705,1,2.173900,0
2016-04-12,sh.603369,33.6700,33.8600,32.5700,32.8900,33.8400,2261608,74697557.0000,3,1.004936,1,-2.807300,0
2016-04-13,sh.603369,32.9700,34.0900,32.9700,33.5400,32.8900,2871212,96870150.0000,3,1.275811,1,1.976300,0
2016-04-14,sh.603369,33.9600,34.0000,33.0400,33.6900,33.5400,1600047,53777162.0000,3,0.710974,1,0.447200,0
2016-04-15,sh.603369,33.7000,33.8000,33.0600,33.3700,33.6900,1711700,57203017.0000,3,0.760587,1,-0.949800,0
2016-04-18,sh.603369,33.0100,33.2900,32.7100,32.8800,33.3700,1463219,48206510.0000,3,0.650175,1,-1.468400,0
2016-04-19,sh.603369,32.9200,33.2000,32.8300,33.1300,32.8800,1302350,42987834.0000,3,0.578694,1,0.760300,0
2016-04-20,sh.603369,33.1800,33.2000,30.9800,31.4800,33.1300,2659900,84654656.0000,3,1.181915,1,-4.980400,0
2016-04-21,sh.603369,31.4700,32.0700,31.3000,31.6400,31.4800,1430098,45436356.0000,3,0.635458,1,0.508300,0
2016-04-22,sh.603369,31.4800,32.2000,31.1800,32.1900,31.6400,1332272,42567951.0000,3,0.591989,1,1.738300,0
2016-04-25,sh.603369,32.2700,32.2800,31.6000,32.1700,32.1900,1022011,32645722.0000,3,0.454126,1,-0.062100,0
2016-04-26,sh.603369,32.2100,34.1800,32.2100,34.0900,32.1700,4326427,144815152.0000,3,1.922429,1,5.968300,0
2016-04-27,sh.603369,34.0000,34.6000,33.8000,34.0900,34.0900,2784358,95071650.0000,3,1.237218,1,0.000000,0
2016-04-28,sh.603369,33.9000,34.0500,32.9000,33.7900,34.0900,2539150,84911908.0000,3,1.128260,1,-0.880000,0
2016-04-29,sh.603369,34.5000,36.8200,34.1500,35.8100,33.7900,6073145,216013936.0000,3,2.230314,1,5.978100,0
2016-05-03,sh.603369,35.7900,38.5300,35.5000,38.1200,35.8100,7522538,282438464.0000,3,2.762592,1,6.450700,0
2016-05-04,sh.603369,38.0000,38.7000,37.5100,37.9000,38.1200,6647951,252968582.0000,3,2.441407,1,-0.577100,0
2016-05-05,sh.603369,37.5600,41.5800,37.5600,41.0500,37.9000,11415880,453486288.0000,3,4.192391,1,8.311300,0
2016-05-06,sh.603369,16.9500,17.1700,15.0800,15.2700,16.2600,14125595,230273721.0000,3,2.075005,1,-6.088600,0
2016-05-09,sh.603369,14.1900,14.5400,13.7400,13.7400,15.2700,20610052,288938048.0000,3,3.027551,1,-10.019700,0
2016-05-10,sh.603369,13.3500,13.9900,13.0400,13.6400,13.7400,15822160,214198624.0000,3,2.324225,1,-0.727800,0
2016-05-11,sh.603369,13.7500,14.3200,13.5100,13.7200,13.6400,20252160,282910512.0000,3,2.974978,1,0.586500,0
2016-05-12,sh.603369,13.0000,13.3400,12.6500,13.1500,13.7200,13638359,177841708.0000,3,2.003431,1,-4.154500,0
2016-05-13,sh.603369,13.1500,13.9000,13.0000,13.1600,13.1500,12537987,169178858.0000,3,1.841790,1,0.076000,0
2016-05-16,sh.603369,13.0100,13.6500,13.0000,13.6200,13.1600,10553631,141376381.0000,3,1.550295,1,3.495400,0
2016-05-17,sh.603369,13.5800,13.5800,13.1000,13.2500,13.6200,8985895,119587386.0000,3,1.319999,1,-2.716600,0
2016-05-18,sh.603369,13.1700,13.1700,12.3200,12.6200,13.2500,9824980,125409014.0000,3,1.443258,1,-4.754700,0
2016-05-19,sh.603369,12.6200,12.8000,12.5900,12.6500,12.6200,6940122,88136793.0000,3,1.019482,1,0.237700,0
2016-05-20,sh.603369,12.5000,12.7900,12.3500,12.7600,12.6500,5564011,70258744.0000,3,0.817335,1,0.869600,0
2016-05-23,sh.603369,12.7300,12.9400,12.7000,12.8400,12.7600,5777279,74102958.0000,3,0.848664,1,0.627000,0
2016-05-24,sh.603369,12.8000,12.8800,12.4500,12.5200,12.8400,4912632,61743869.0000,3,0.721650,1,-2.492200,0
2016-05-25,sh.603369,12.6200,12.7600,12.1300,12.3300,12.5200,6280034,78184095.0000,3,0.922517,1,-1.517600,0
2016-05-26,sh.603369,12.2700,12.3900,11.6000,12.1000,12.3300,7559673,90087912.0000,3,1.110492,1,-1.865400,0
2016-05-27,sh.603369,11.9600,12.2500,11.9500,12.1600,12.1000,4666525,56722499.0000,3,0.685498,1,0.495900,0
2016-05-30,sh.603369,12.0500,12.2000,11.8100,11.9300,12.1600,3953048,47462840.0000,3,0.580690,1,-1.891400,0
2016-05-31,sh.603369,11.9000,12.4600,11.8800,12.4300,11.9300,9609316,118289972.0000,3,1.411578,1,4.191100,0
2016-06-01,sh.603369,12.4200,12.4800,12.3000,12.4200,12.4300,8756188,108597730.0000,3,1.286256,1,-0.080500,0
2016-06-02,sh.603369,12.4300,12.7700,12.3200,12.7600,12.4200,10880390,136490556.0000,3,1.598295,1,2.737500,0
2016-06-03,sh.603369,12.7700,13.7900,12.5300,13.5700,12.7600,20650593,274970832.0000,3,3.033506,1,6.348000,0
2016-06-06,sh.603369,13.5600,13.7700,13.3100,13.7100,13.5700,15532063,210051720.0000,3,2.281610,1,1.031700,0
2016-06-07,sh.603369,13.6300,13.8500,13.4600,13.6500,13.7100,10717839,146173960.0000,3,1.574416,1,-0.437600,0
2016-06-08,sh.603369,13.5300,13.8300,13.4700,13.5100,13.6500,10011843,136416192.0000,3,1.470708,1,-1.025600,0
2016-06-13,sh.603369,13.3200,13.4500,12.2900,12.3100,13.5100,11558501,149242718.0000,3,1.697907,1,-8.882300,0
2016-06-14,sh.603369,12.3000,12.5600,12.0500,12.5400,12.3100,7042900,87331093.0000,3,1.034580,1,1.868400,0
2016-06-15,sh.603369,12.2900,13.0000,12.2000,12.8400,12.5400,10304893,131382387.0000,3,1.513756,1,2.392300,0
2016-06-16,sh.603369,12.7700,13.4500,12.5000,13.1200,12.8400,15676791,202732189.0000,3,2.302871,1,2.180700,0
2016-06-17,sh.603369,13.1600,13.5800,12.9100,13.1300,13.1200,12744000,169077807.0000,3,1.872053,1,0.076200,0
2016-06-20,sh.603369,13.1500,13.2600,12.8900,13.2100,13.1300,7089550,92785383.0000,3,1.041432,1,0.609300,0
2016-06-21,sh.603369,13.2600,13.3500,12.8500,12.9400,13.2100,7572894,99404704.0000,3,1.112434,1,-2.043900,0
2016-06-22,sh.603369,12.8300,13.1500,12.8200,13.1400,12.9400,5587821,72929644.0000,3,0.820833,1,1.545600,0
2016-06-23,sh.603369,13.1200,13.1300,12.8300,12.9300,13.1400,5182710,67186407.0000,3,0.761324,1,-1.598200,0
2016-06-24,sh.603369,12.8400,13.0800,12.3000,12.7000,12.9300,7225456,92478754.0000,3,1.061396,1,-1.778800,0
2016-06-27,sh.603369,12.4500,12.8400,12.4400,12.8200,12.7000,8878919,112742108.0000,3,1.304285,1,0.944900,0
2016-06-28,sh.603369,12.6600,12.8000,12.5800,12.7600,12.8200,7341620,93198874.0000,3,1.078461,1,-0.468000,0
2016-06-29,sh.603369,12.8000,12.8600,12.7300,12.8400,12.7600,5081537,64982659.0000,3,0.746462,1,0.627000,0
2016-06-30,sh.603369,12.8400,13.5800,12.8100,13.4200,12.8400,16981503,226533179.0000,3,2.494529,1,4.517100,0
2016-07-01,sh.603369,13.3000,13.4900,13.2200,13.2600,13.4200,9788454,130544242.0000,3,1.437893,1,-1.192200,0
2016-07-04,sh.603369,13.2400,13.6600,13.1800,13.5900,13.2600,14012501,189531563.0000,3,2.058392,1,2.488700,0
2016-07-05,sh.603369,13.5000,14.1100,13.4800,14.1000,13.5900,18756338,258254657.0000,3,2.755246,1,3.752800,0
2016-07-06,sh.603369,13.9800,15.5100,13.8800,15.3000,14.1000,33179027,484258832.0000,3,4.873893,1,8.510600,0
2016-07-07,sh.603369,15.0000,15.2700,14.6900,14.7200,15.3000,21122553,314384032.0000,3,3.102836,1,-3.790800,0
2016-07-08,sh.603369,14.6500,14.9500,14.4000,14.7300,14.7200,13291864,194874909.0000,3,1.952532,1,0.067900,0
2016-07-11,sh.603369,14.6000,15.8300,14.6000,15.4300,14.7300,25158479,386475296.0000,3,3.695700,1,4.752200,0
2016-07-12,sh.603369,15.2800,16.0800,15.2000,15.4400,15.4300,23410080,364534240.0000,3,3.438866,1,0.064800,0
2016-07-13,sh.603369,15.4700,15.5800,14.8500,15.1600,15.4400,14088459,212579522.0000,3,2.069550,1,-1.813500,0
2016-07-14,sh.603369,15.0100,15.3500,15.0000,15.1000,15.1600,9095426,137787180.0000,3,1.336089,1,-0.395800,0
2016-07-15,sh.603369,15.0500,15.3500,15.0000,15.2800,15.1000,9711661,147044368.0000,3,1.426612,1,1.192000,0
2016-07-18,sh.603369,15.3000,15.3200,14.8500,14.9000,15.2800,8342781,125349270.0000,3,1.225528,1,-2.486900,0
2016-07-19,sh.603369,14.8500,14.9700,14.4700,14.6400,14.9000,9291360,135657668.0000,3,1.364871,1,-1.745000,0
2016-07-20,sh.603369,14.6300,14.9000,14.6300,14.6800,14.6400,5396288,79458418.0000,3,0.792697,1,0.273200,0
2016-07-21,sh.603369,14.6100,15.1800,14.6100,15.0000,14.6800,10377831,154989803.0000,3,1.524470,1,2.179800,0
2016-07-22,sh.603369,14.9500,14.9900,14.5000,14.5600,15.0000,7864749,115496130.0000,3,1.155307,1,-2.933300,0
2016-07-25,sh.603369,14.5700,14.8300,14.5000,14.6500,14.5600,4649315,68087578.0000,3,0.682970,1,0.618100,0
2016-07-26,sh.603369,14.7000,14.7800,14.5100,14.7700,14.6500,10659754,155747488.0000,3,1.565884,1,0.819100,0
2016-07-27,sh.603369,14.7100,14.7200,13.4300,13.5100,14.7700,19354245,268895232.0000,3,2.843077,1,-8.530800,0
2016-07-28,sh.603369,13.5100,13.8000,13.3900,13.6900,13.5100,9480748,128829841.0000,3,1.392692,1,1.332300,0
2016-07-29,sh.603369,13.7000,13.8700,13.5500,13.5800,13.6900,6385292,87544351.0000,3,0.937979,1,-0.803500,0
2016-08-01,sh.603369,13.4500,13.5600,13.0600,13.2500,13.5800,5468610,72437254.0000,3,0.803321,1,-2.430000,0
2016-08-02,sh.603369,13.2400,13.4300,13.1600,13.3900,13.2500,3700408,49264746.0000,3,0.543578,1,1.056600,0
2016-08-03,sh.603369,13.3900,13.4600,13.2100,13.3300,13.3900,3901485,52040620.0000,3,0.573116,1,-0.448100,0
2016-08-04,sh.603369,13.3300,13.4200,13.2700,13.3200,13.3300,3593269,47951571.0000,3,0.527840,1,-0.075000,0
2016-08-05,sh.603369,13.3200,13.4400,13.2700,13.3300,13.3200,4031295,53840833.0000,3,0.592184,1,0.075100,0
2016-08-08,sh.603369,13.3500,13.4900,13.0800,13.4800,13.3300,5733319,76200978.0000,3,0.842206,1,1.125300,0
2016-08-09,sh.603369,13.4900,13.8400,13.4100,13.7800,13.4800,7729755,105522310.0000,3,1.135476,1,2.225500,0
2016-08-10,sh.603369,13.7600,13.7600,13.6100,13.6400,13.7800,4757802,65054742.0000,3,0.698906,1,-1.016000,0
2016-08-11,sh.603369,13.6300,13.8300,13.4000,13.4400,13.6400,4933549,67346328.0000,3,0.724723,1,-1.466300,0
2016-08-12,sh.603369,13.4000,13.5600,13.3500,13.5500,13.4400,3864562,51965707.0000,3,0.567692,1,0.818500,0
2016-08-15,sh.603369,13.5500,14.0700,13.5200,13.9400,13.5500,7689097,106510658.0000,3,1.129504,1,2.878200,0
2016-08-16,sh.603369,13.9500,14.0500,13.8000,13.9700,13.9400,7354839,102348247.0000,3,1.080402,1,0.215200,0
2016-08-17,sh.603369,13.9800,14.1500,13.9200,14.0900,13.9700,6706882,94046585.0000,3,0.985220,1,0.859000,0
2016-08-18,sh.603369,14.0100,14.0800,13.8700,13.9800,14.0900,5424667,75723754.0000,3,0.796866,1,-0.780700,0
2016-08-19,sh.603369,13.9600,13.9600,13.8500,13.9200,13.9800,3616704,50285929.0000,3,0.531282,1,-0.429200,0
2016-08-22,sh.603369,14.0100,14.0700,13.8300,13.9000,13.9200,4472868,62519187.0000,3,0.657050,1,-0.143700,0
2016-08-23,sh.603369,13.9200,13.9500,13.7000,13.7900,13.9000,4781633,65841863.0000,3,0.702407,1,-0.791400,0
2016-08-24,sh.603369,13.8000,13.8500,13.6900,13.8000,13.7900,3491761,48041654.0000,3,0.512929,1,0.072500,0
2016-08-25,sh.603369,13.7400,13.7800,13.4800,13.5900,13.8000,3726581,50753477.0000,3,0.547423,1,-1.521700,0
2016-08-26,sh.603369,13.6800,13.8900,13.6500,13.8500,13.5900,4980711,68742256.0000,3,0.731651,1,1.913200,0
2016-08-29,sh.603369,13.8800,13.9900,13.7800,13.8400,13.8500,3509562,48746990.0000,3,0.515543,1,-0.072200,0
2016-08-30,sh.603369,13.8700,14.1500,13.8700,14.1200,13.8400,6237142,87636511.0000,3,0.916216,1,2.023100,0
2016-08-31,sh.603369,14.1900,14.6800,14.1700,14.5400,14.1200,15746456,228641050.0000,3,2.313104,1,2.974500,0
2016-09-01,sh.603369,14.5000,14.5300,13.9400,14.0100,14.5400,12819682,181964959.0000,3,1.883170,1,-3.645100,0
2016-09-02,sh.603369,14.0200,14.1100,13.8100,13.9000,14.0100,5427883,75688670.0000,3,0.797339,1,-0.785200,0
2016-09-05,sh.603369,13.9300,14.0100,13.8600,13.9000,13.9000,3460649,48211201.0000,3,0.508358,1,0.000000,0
2016-09-06,sh.603369,13.8800,14.0000,13.6000,14.0000,13.9000,6993154,96477141.0000,3,1.027272,1,0.719427,0
2016-09-07,sh.603369,13.9600,13.9600,13.8100,13.8800,14.0000,5542145,76901815.0000,3,0.814123,1,-0.857142,0
2016-09-08,sh.603369,13.8400,13.9800,13.8300,13.9000,13.8800,3414102,47457990.0000,3,0.501521,1,0.144089,0
2016-09-09,sh.603369,13.9500,13.9500,13.6700,13.6900,13.9000,4592856,63385375.0000,3,0.674676,1,-1.510792,0
2016-09-12,sh.603369,13.4800,13.5900,13.2900,13.3000,13.6900,5236692,70260232.0000,3,0.769253,1,-2.848790,0
2016-09-13,sh.603369,13.3600,13.4300,13.2800,13.3800,13.3000,2532447,33785541.0000,3,0.372008,1,0.601503,0
2016-09-14,sh.603369,13.3700,13.3700,13.1100,13.1800,13.3800,3203817,42378328.0000,3,0.470630,1,-1.494767,0
2016-09-19,sh.603369,13.2000,13.3500,13.2000,13.2700,13.1800,2177038,28874724.0000,3,0.319800,1,0.682854,0
2016-09-20,sh.603369,13.2700,13.3000,13.2000,13.2100,13.2700,1888845,24975630.0000,3,0.277465,1,-0.452151,0
2016-09-21,sh.603369,13.2500,13.2700,13.1800,13.2100,13.2100,2385342,31515177.0000,3,0.350399,1,0.000000,0
2016-09-22,sh.603369,13.2800,13.3700,13.2300,13.3300,13.2100,3944123,52504315.0000,3,0.579379,1,0.908402,0
2016-09-23,sh.603369,13.3700,13.3700,13.2100,13.2300,13.3300,2065903,27387275.0000,3,0.303475,1,-0.750190,0
2016-09-26,sh.603369,13.2000,13.2500,12.8000,12.8100,13.2300,3875709,50511742.0000,3,0.569329,1,-3.174597,0
2016-09-27,sh.603369,12.8000,12.9000,12.6000,12.8200,12.8100,3547471,45242066.0000,3,0.521112,1,0.078058,0
2016-09-28,sh.603369,12.7900,12.7900,12.6100,12.6700,12.8200,3894231,49422418.0000,3,0.572050,1,-1.170044,0
2016-09-29,sh.603369,12.6800,12.9400,12.6800,12.8800,12.6700,4373135,56027856.0000,3,0.642400,1,1.657459,0
2016-09-30,sh.603369,12.8900,13.3300,12.8200,13.2300,12.8800,5653254,74598530.0000,3,0.830445,1,2.717387,0
2016-10-10,sh.603369,13.3000,13.4500,13.2100,13.4000,13.2300,4926721,65537315.0000,3,0.723720,1,1.284959,0
2016-10-11,sh.603369,13.3600,13.4300,13.2700,13.3200,13.4000,3962601,52838236.0000,3,0.582093,1,-0.597014,0
2016-10-12,sh.603369,13.3000,13.3700,13.2200,13.3200,13.3200,2999264,39922244.0000,3,0.440582,1,0.000000,0
2016-10-13,sh.603369,13.2800,13.4100,13.2500,13.3000,13.3200,2222916,29605479.0000,3,0.326539,1,-0.150146,0
2016-10-14,sh.603369,13.3100,13.3500,13.0900,13.2200,13.3000,2601020,34330659.0000,3,0.382082,1,-0.601503,0
2016-10-17,sh.603369,13.2200,13.3600,13.1300,13.2400,13.2200,2523798,33486457.0000,3,0.370738,1,0.151282,0
2016-10-18,sh.603369,13.2400,13.4700,13.2400,13.4600,13.2400,6172956,82579145.0000,3,0.906788,1,1.661633,0
2016-10-19,sh.603369,13.4200,13.4500,13.3100,13.3700,13.4600,3277531,43826052.0000,3,0.481459,1,-0.668649,0
2016-10-20,sh.603369,13.3900,13.4300,13.2200,13.2400,13.3700,3805983,50653470.0000,3,0.559087,1,-0.972327,0
2016-10-21,sh.603369,13.2600,13.3100,13.1600,13.2400,13.2400,2821152,37337323.0000,3,0.414418,1,0.000000,0
2016-10-24,sh.603369,13.2700,13.3900,13.2100,13.3800,13.2400,3570705,47573579.0000,3,0.524525,1,1.057405,0
2016-10-25,sh.603369,13.4000,13.5000,13.3500,13.4500,13.3800,6155588,82665533.0000,3,0.904236,1,0.523167,0
2016-10-26,sh.603369,13.4600,14.2400,13.4600,13.7800,13.4500,20634066,285545456.0000,3,3.031078,1,2.453531,0
2016-10-27,sh.603369,13.7400,13.7400,13.4600,13.5600,13.7800,9154647,124021559.0000,3,1.344788,1,-1.596512,0
2016-10-28,sh.603369,13.5500,13.6300,13.4100,13.4300,13.5600,5729680,77230617.0000,3,0.841672,1,-0.958703,0
2016-10-31,sh.603369,13.3300,13.4300,12.9000,13.3100,13.4300,4390114,58117012.0000,3,0.644894,1,-0.893521,0
2016-11-01,sh.603369,13.2100,13.4300,13.2100,13.4200,13.3100,3943524,52653418.0000,3,0.579291,1,0.826444,0
2016-11-02,sh.603369,13.3500,13.3900,13.1900,13.2200,13.4200,5446842,72170448.0000,3,0.800124,1,-1.490312,0
2016-11-03,sh.603369,13.1700,13.3400,13.1000,13.2800,13.2200,4387854,58144681.0000,3,0.644562,1,0.453854,0
2016-11-04,sh.603369,13.2500,13.3200,13.1400,13.1600,13.2800,4067700,53732957.0000,3,0.597532,1,-0.903614,0
2016-11-07,sh.603369,13.1700,13.2200,13.1000,13.1700,13.1600,3591728,47204755.0000,3,0.527613,1,0.075990,0
2016-11-08,sh.603369,13.2200,13.3500,13.1800,13.3000,13.1700,5429990,72173319.0000,3,0.797648,1,0.987093,0
2016-11-09,sh.603369,13.2400,13.2600,12.9800,13.1200,13.3000,5856611,76908380.0000,3,0.860317,1,-1.353386,0
2016-11-10,sh.603369,13.2000,13.2500,13.1600,13.2300,13.1200,4837235,63915330.0000,3,0.710574,1,0.838412,0
2016-11-11,sh.603369,13.2700,13.2800,13.1500,13.2600,13.2300,4499681,59434767.0000,3,0.660989,1,0.226763,0
2016-11-14,sh.603369,13.2100,13.3800,13.1900,13.3600,13.2600,6291284,83683451.0000,3,0.924170,1,0.754143,0
2016-11-15,sh.603369,13.3800,13.5200,13.2800,13.5100,13.3600,6377448,85535418.0000,3,0.936827,1,1.122759,0
2016-11-16,sh.603369,13.4400,13.5400,13.3800,13.4300,13.5100,5502229,74058115.0000,3,0.808260,1,-0.592153,0
2016-11-17,sh.603369,13.4200,13.5200,13.3500,13.5000,13.4300,4055325,54503031.0000,3,0.595714,1,0.521219,0
2016-11-18,sh.603369,13.5000,13.5200,13.3100,13.3400,13.5000,3981217,53379514.0000,3,0.584828,1,-1.185184,0
2016-11-21,sh.603369,13.2400,13.3200,13.2000,13.2600,13.3400,4191240,55537757.0000,3,0.615680,1,-0.599700,0
2016-11-22,sh.603369,13.2900,13.3000,13.2200,13.3000,13.2600,4475754,59333828.0000,3,0.657474,1,0.301659,0
2016-11-23,sh.603369,13.3000,13.5000,13.2700,13.4000,13.3000,7395611,99078535.0000,3,1.086392,1,0.751875,0
2016-11-24,sh.603369,13.4100,13.4900,13.3000,13.3300,13.4000,4935591,65945094.0000,3,0.725023,1,-0.522386,0
2016-11-25,sh.603369,13.3400,13.4300,13.1000,13.3900,13.3300,5450545,72245926.0000,3,0.800668,1,0.450116,0
2016-11-28,sh.603369,13.4100,13.4600,13.3300,13.4100,13.3900,4831976,64716990.0000,3,0.709802,1,0.149362,0
2016-11-29,sh.603369,13.4500,13.6600,13.3700,13.5200,13.4100,11520906,155930175.0000,3,1.692384,1,0.820288,0
2016-11-30,sh.603369,13.5000,13.5200,13.2100,13.3000,13.5200,7335146,97858982.0000,3,1.077510,1,-1.627221,0
2016-12-01,sh.603369,13.2500,13.3900,13.2400,13.3000,13.3000,4986135,66290406.0000,3,0.732447,1,0.000000,0
2016-12-02,sh.603369,13.3000,13.3600,13.1100,13.1200,13.3000,4950813,65445822.0000,3,0.727259,1,-1.353386,0
2016-12-05,sh.603369,13.1800,13.2700,13.0700,13.2200,13.1200,4007680,52934623.0000,3,0.588715,1,0.762198,0
2016-12-06,sh.603369,13.2900,13.3400,13.2100,13.3000,13.2200,3054303,40548396.0000,3,0.448667,1,0.605143,0
2016-12-07,sh.603369,13.3000,13.3300,13.2100,13.3200,13.3000,2992251,39735548.0000,3,0.439552,1,0.150372,0
2016-12-08,sh.603369,13.3400,13.7600,13.2800,13.4600,13.3200,11691392,158348249.0000,3,1.717428,1,1.051054,0
2016-12-09,sh.603369,13.4700,14.0200,13.4700,14.0000,13.4600,25059747,345838128.0000,3,3.681197,1,4.011887,0
2016-12-12,sh.603369,14.0700,14.1800,13.4500,13.5600,14.0000,20793054,286693456.0000,3,3.054433,1,-3.142854,0
2016-12-13,sh.603369,13.5000,14.5900,13.1100,14.5000,13.5600,41697165,585827200.0000,3,6.125180,1,6.932150,0
2016-12-14,sh.603369,14.2100,14.5400,14.0800,14.1500,14.5000,28451991,405444544.0000,3,4.179507,1,-2.413796,0
2016-12-15,sh.603369,14.1500,14.4300,13.7500,14.2500,14.1500,24292241,342845168.0000,3,3.568453,1,0.706716,0
2016-12-16,sh.603369,14.1800,14.1800,13.9000,13.9300,14.2500,14222654,199355697.0000,3,2.089262,1,-2.245612,0
2016-12-19,sh.603369,13.8600,14.3600,13.8500,14.2700,13.9300,20470725,290238800.0000,3,3.007084,1,2.440776,0
2016-12-20,sh.603369,14.1000,14.2000,13.9100,14.0100,14.2700,11539888,161543662.0000,3,1.695173,1,-1.822006,0
2016-12-21,sh.603369,14.0500,14.1000,13.7600,13.8900,14.0100,11548359,160944880.0000,3,1.696417,1,-0.856530,0
2016-12-22,sh.603369,13.8700,13.8900,13.7100,13.8600,13.8900,8724091,120243638.0000,3,1.281541,1,-0.215988,0
2016-12-23,sh.603369,13.8400,14.0200,13.7200,14.0100,13.8600,12532683,174384232.0000,3,1.841011,1,1.082255,0
2016-12-26,sh.603369,13.9500,13.9900,13.7100,13.9600,14.0100,8511194,117925029.0000,3,1.250267,1,-0.356889,0
2016-12-27,sh.603369,13.7900,13.8500,13.1300,13.2000,13.9600,24782125,331770144.0000,3,3.640415,1,-5.444128,0
2016-12-28,sh.603369,13.1300,13.2400,12.9500,13.0200,13.2000,10323886,134804048.0000,3,1.516546,1,-1.363631,0
2016-12-29,sh.603369,13.0600,13.0800,12.9300,13.0000,13.0200,4796780,62380314.0000,3,0.704632,1,-0.153613,0
2016-12-30,sh.603369,13.0000,13.2300,13.0000,13.1200,13.0000,7551122,99128840.0000,3,1.109236,1,0.923076,0
2017-01-03,sh.603369,13.1700,13.2800,13.1200,13.1900,13.1200,5775807,76099327.0000,3,0.848448,1,0.533534,0
2017-01-04,sh.603369,13.1900,13.3000,13.0600,13.3000,13.1900,9863273,130179655.0000,3,1.448883,1,0.833970,0
2017-01-05,sh.603369,13.2800,13.3000,13.1500,13.1800,13.3000,8196752,108233403.0000,3,1.204077,1,-0.902255,0
2017-01-06,sh.603369,13.1500,13.1900,13.0700,13.0800,13.1800,5905814,77429601.0000,3,0.867545,1,-0.758728,0
2017-01-09,sh.603369,13.0400,13.1500,13.0100,13.1000,13.0800,4180994,54763469.0000,3,0.614175,1,0.152909,0
2017-01-10,sh.603369,13.1100,13.1300,13.0200,13.0400,13.1000,5130765,67147801.0000,3,0.753693,1,-0.458018,0
2017-01-11,sh.603369,13.0100,13.1000,12.7000,12.7400,13.0400,7144540,92338005.0000,3,1.049510,1,-2.300615,0
2017-01-12,sh.603369,12.7000,12.8000,12.5100,12.5200,12.7400,6600488,83356924.0000,3,0.969591,1,-1.726839,0
2017-01-13,sh.603369,12.5600,12.5800,12.2300,12.2600,12.5200,5166967,64047857.0000,3,0.759011,1,-2.076679,0
2017-01-16,sh.603369,12.2700,12.2800,11.3200,11.7600,12.2600,7460686,88790872.0000,3,1.095951,1,-4.078303,0
2017-01-17,sh.603369,11.7600,11.9700,11.6200,11.9600,11.7600,4866140,57678267.0000,3,0.714820,1,1.700679,0
2017-01-18,sh.603369,11.9600,12.2900,11.8600,12.2000,11.9600,5610263,68052003.0000,3,0.824130,1,2.006687,0
2017-01-19,sh.603369,12.3000,12.3000,12.0100,12.0600,12.2000,2899919,35081831.0000,3,0.425989,1,-1.147536,0
2017-01-20,sh.603369,12.0000,12.2300,11.9200,12.1700,12.0600,3166329,38526249.0000,3,0.465124,1,0.912103,0
2017-01-23,sh.603369,12.1800,12.3500,12.1500,12.3000,12.1700,3399425,41752844.0000,3,0.499365,1,1.068201,0
2017-01-24,sh.603369,12.2600,12.4400,12.2200,12.2600,12.3000,3381612,41611003.0000,3,0.496748,1,-0.325203,0
2017-01-25,sh.603369,12.2800,12.3500,12.2200,12.2700,12.2600,2555569,31389391.0000,3,0.375405,1,0.081568,0
2017-01-26,sh.603369,12.3300,12.3500,12.2400,12.2800,12.2700,3124953,38349450.0000,3,0.459046,1,0.081494,0
2017-02-03,sh.603369,12.2800,12.3300,12.2000,12.2100,12.2800,2055802,25194481.0000,3,0.301991,1,-0.570030,0
2017-02-06,sh.603369,12.2000,12.2400,12.0000,12.2100,12.2100,4760420,57892610.0000,3,0.699290,1,0.000000,0
2017-02-07,sh.603369,12.1900,12.2400,12.1200,12.1500,12.2100,3734863,45471421.0000,3,0.548639,1,-0.491404,0
2017-02-08,sh.603369,12.1600,12.2200,12.0600,12.2200,12.1500,3034070,36812425.0000,3,0.445695,1,0.576137,0
2017-02-09,sh.603369,12.2200,12.3500,12.1600,12.3300,12.2200,4671783,57365532.0000,3,0.686270,1,0.900161,0
2017-02-10,sh.603369,12.3300,12.6100,12.3000,12.5000,12.3300,8226694,102541278.0000,3,1.208475,1,1.378752,0
2017-02-13,sh.603369,12.4900,12.9800,12.4000,12.9000,12.5000,13523203,173160414.0000,3,1.986515,1,3.199997,0
2017-02-14,sh.603369,12.9000,13.4400,12.7400,13.3100,12.9000,21436995,282544560.0000,3,3.149026,1,3.178301,0
2017-02-15,sh.603369,13.3100,13.4400,13.0600,13.1800,13.3100,12143959,161321992.0000,3,1.783909,1,-0.976710,0
2017-02-16,sh.603369,13.1000,13.2400,13.0100,13.1700,13.1800,5532555,72677992.0000,3,0.812715,1,-0.075874,0
2017-02-17,sh.603369,13.1300,13.4500,13.0400,13.0500,13.1700,7558207,99773052.0000,3,1.110276,1,-0.911161,0
2017-02-20,sh.603369,13.0100,13.4800,13.0100,13.4400,13.0500,11119613,148517864.0000,3,1.633436,1,2.988501,0
2017-02-21,sh.603369,13.4400,13.6800,13.3600,13.4300,13.4400,8317004,112204282.0000,3,1.221741,1,-0.074399,0
2017-02-22,sh.603369,13.4400,14.2700,13.3800,14.2600,13.4300,28602255,399241248.0000,3,4.201580,1,6.180193,0
2017-02-23,sh.603369,14.1000,14.9700,14.0600,14.4300,14.2600,24812341,357942176.0000,3,3.644854,1,1.192146,0
2017-02-24,sh.603369,14.2500,14.3800,14.0900,14.1800,14.4300,9884395,140204215.0000,3,1.451986,1,-1.732502,0
2017-02-27,sh.603369,14.2300,14.3200,13.7000,13.8000,14.1800,9679583,134736057.0000,3,1.421900,1,-2.679832,0
2017-02-28,sh.603369,13.8000,14.0700,13.8000,13.9200,13.8000,4965039,69036836.0000,3,0.729348,1,0.869564,0
2017-03-01,sh.603369,13.8900,14.0500,13.8400,13.9000,13.9200,6021862,83975957.0000,3,0.884592,1,-0.143681,0
2017-03-02,sh.603369,13.8800,13.9300,13.6200,13.7200,13.9000,7274237,99848702.0000,3,1.068562,1,-1.294959,0
2017-03-03,sh.603369,13.7100,14.0300,13.6300,13.9600,13.7200,8858576,123099593.0000,3,1.301297,1,1.749269,0
2017-03-06,sh.603369,13.9200,14.0200,13.7600,14.0000,13.9600,6050633,84147279.0000,3,0.888819,1,0.286533,0
2017-03-07,sh.603369,13.9800,14.4500,13.9100,14.4000,14.0000,16270376,233443986.0000,3,2.390066,1,2.857140,0
2017-03-08,sh.603369,14.3500,14.3700,14.0500,14.1500,14.4000,12859310,182042087.0000,3,1.888992,1,-1.736111,0
2017-03-09,sh.603369,14.0800,14.1500,13.7500,13.9200,14.1500,6815670,94511336.0000,3,1.001200,1,-1.625439,0
2017-03-10,sh.603369,13.9200,14.2000,13.8100,13.9000,13.9200,7452779,104543169.0000,3,1.094789,1,-0.143681,0
2017-03-13,sh.603369,13.9100,14.1400,13.6100,14.0100,13.9000,7550087,105080452.0000,3,1.109084,1,0.791371,0
2017-03-14,sh.603369,13.9700,14.0800,13.7500,13.8300,14.0100,5430062,75214669.0000,3,0.797659,1,-1.284799,0
2017-03-15,sh.603369,13.7400,13.9100,13.7000,13.7800,13.8300,3348280,46228343.0000,3,0.491852,1,-0.361534,0
2017-03-16,sh.603369,13.8200,13.9800,13.8000,13.8800,13.7800,4684616,64933333.0000,3,0.688155,1,0.725692,0
2017-03-17,sh.603369,13.8600,13.9700,13.7200,13.7300,13.8800,5041481,69756896.0000,3,0.740577,1,-1.080696,0
2017-03-20,sh.603369,13.6800,13.8400,13.4700,13.6400,13.7300,5516488,75263686.0000,3,0.810354,1,-0.655493,0
2017-03-21,sh.603369,13.6200,14.3200,13.5500,14.3000,13.6400,16605714,233672260.0000,3,2.439326,1,4.838708,0
2017-03-22,sh.603369,14.2200,14.2700,14.0000,14.1300,14.3000,12518062,176856719.0000,3,1.838863,1,-1.188812,0
2017-03-23,sh.603369,14.0800,14.2200,13.7100,13.9200,14.1300,11927803,166281653.0000,3,1.752156,1,-1.486200,0
2017-03-24,sh.603369,13.8200,14.0300,13.7900,13.9200,13.9200,7097295,98731762.0000,3,1.042570,1,0.000000,0
2017-03-27,sh.603369,13.9200,13.9900,13.6100,13.7000,13.9200,9209166,126885300.0000,3,1.352797,1,-1.580462,0
2017-03-28,sh.603369,13.6500,13.7600,13.6000,13.7000,13.7000,3659602,50101944.0000,3,0.537584,1,0.000000,0
2017-03-29,sh.603369,13.7000,13.7800,13.5200,13.7000,13.7000,4732742,64796475.0000,3,0.695225,1,0.000000,0
2017-03-30,sh.603369,13.6500,13.6800,13.1000,13.1900,13.7000,8612583,115016002.0000,3,1.265161,1,-3.722629,0
2017-03-31,sh.603369,13.2900,13.2900,13.0800,13.1900,13.1900,4977480,65610428.0000,3,0.731176,1,0.000000,0
2017-04-05,sh.603369,13.1500,13.4000,13.0900,13.3500,13.1900,5174244,68678253.0000,3,0.760080,1,1.213046,0
2017-04-06,sh.603369,13.3200,13.4000,13.1000,13.2200,13.3500,6573320,87089644.0000,3,0.965600,1,-0.973784,0
2017-04-07,sh.603369,13.1200,13.2500,13.1200,13.1800,13.2200,4023823,53042623.0000,3,0.591087,1,-0.302572,0
2017-04-10,sh.603369,13.1700,13.2200,12.8000,12.8800,13.1800,7365152,95360646.0000,3,1.081917,1,-2.276177,0
2017-04-11,sh.603369,12.8200,12.9500,12.6300,12.8800,12.8800,4059561,51884966.0000,3,0.596337,1,0.000000,0
2017-04-12,sh.603369,12.8500,13.1700,12.7100,13.0500,12.8800,5830961,75937514.0000,3,0.856550,1,1.319876,0
2017-04-13,sh.603369,13.0500,13.2200,12.9100,13.2100,13.0500,4786402,62939274.0000,3,0.703107,1,1.226052,0
2017-04-14,sh.603369,13.1900,13.1900,12.9100,12.9300,13.2100,3897856,50801803.0000,3,0.572583,1,-2.119604,0
2017-04-17,sh.603369,12.8400,13.0700,12.8400,12.9200,12.9300,2410940,31215337.0000,3,0.354159,1,-0.077341,0
2017-04-18,sh.603369,12.9300,13.2900,12.8600,13.0900,12.9200,6228400,81928459.0000,3,0.914932,1,1.315790,0
2017-04-19,sh.603369,13.0500,13.2700,12.9100,13.1700,13.0900,5046367,65957946.0000,3,0.741295,1,0.611153,0
2017-04-20,sh.603369,13.1300,13.7700,13.1300,13.6300,13.1700,15516012,210162877.0000,3,2.279253,1,3.492787,0
2017-04-21,sh.603369,13.6600,13.7400,13.1300,13.2700,13.6300,8637977,115685050.0000,3,1.268891,1,-2.641230,0
2017-04-24,sh.603369,13.1000,13.1100,12.3800,12.6100,13.2700,7522693,95577903.0000,3,1.105060,1,-4.973630,0
2017-04-25,sh.603369,12.6500,12.8700,12.6000,12.7200,12.6100,5682679,72295066.0000,3,0.834767,1,0.872328,0
2017-04-26,sh.603369,12.9300,13.9900,12.9300,13.5800,12.7200,26271793,357006624.0000,3,3.859242,1,6.761003,0
2017-04-27,sh.603369,13.3100,13.8300,13.2900,13.7700,13.5800,16018553,218461264.0000,3,2.353074,1,1.399120,0
2017-04-28,sh.603369,13.7500,13.7700,13.4900,13.6700,13.7700,10537467,143580311.0000,3,1.547920,1,-0.726219,0
2017-05-02,sh.603369,13.6500,13.6500,13.2000,13.2600,13.6700,11328666,151965511.0000,3,1.664145,1,-2.999267,0
2017-05-03,sh.603369,13.3000,13.4700,13.2000,13.3900,13.2600,9335918,124686341.0000,3,1.371417,1,0.980393,0
2017-05-04,sh.603369,13.3000,13.3300,12.9100,12.9500,13.3900,9064431,118981537.0000,3,1.331536,1,-3.286038,0
2017-05-05,sh.603369,12.9400,13.0200,12.7500,12.7700,12.9500,7348487,94367288.0000,3,1.079469,1,-1.389956,0
2017-05-08,sh.603369,12.7800,12.8300,12.4500,12.4900,12.7700,5950171,74859949.0000,3,0.874061,1,-2.192644,0
2017-05-09,sh.603369,12.4400,12.6400,12.4200,12.6300,12.4900,4148752,52041474.0000,3,0.609438,1,1.120900,0
2017-05-10,sh.603369,12.6700,12.7300,12.3300,12.3700,12.6300,4006810,50349191.0000,3,0.588588,1,-2.058592,0
2017-05-11,sh.603369,12.1800,12.5000,12.0600,12.4600,12.3700,5083528,62291211.0000,3,0.746754,1,0.727568,0
2017-05-12,sh.603369,12.2600,12.3300,12.0100,12.1700,12.2700,3678850,44829740.0000,3,0.540411,1,-0.814999,0
2017-05-15,sh.603369,12.1700,12.4600,12.1500,12.3700,12.1700,3800001,47041634.0000,3,0.558208,1,1.643384,0
2017-05-16,sh.603369,12.3700,12.7100,12.3300,12.6800,12.3700,5954974,74902330.0000,3,0.874767,1,2.506067,0
2017-05-17,sh.603369,12.6700,12.7000,12.5200,12.5400,12.6800,5448775,68651425.0000,3,0.800408,1,-1.104104,0
2017-05-18,sh.603369,12.4900,12.7400,12.2900,12.3500,12.5400,6344885,79438924.0000,3,0.932043,1,-1.515148,0
2017-05-19,sh.603369,12.4000,12.4400,12.2100,12.2900,12.3500,3665987,45185114.0000,3,0.538522,1,-0.485833,0
2017-05-22,sh.603369,12.3200,12.4800,12.1300,12.2700,12.2900,3761736,46367657.0000,3,0.552587,1,-0.162730,0
2017-05-23,sh.603369,12.2800,12.4900,12.1100,12.2800,12.2700,5402622,66735064.0000,3,0.793628,1,0.081494,0
2017-05-24,sh.603369,12.1600,12.2600,12.0100,12.1900,12.2800,4116650,49956085.0000,3,0.604723,1,-0.732900,0
2017-05-25,sh.603369,12.2200,12.4200,12.1200,12.4000,12.1900,4598191,56470149.0000,3,0.675460,1,1.722724,0
2017-05-26,sh.603369,12.3700,12.4600,12.2500,12.3100,12.4000,3558700,43863179.0000,3,0.522762,1,-0.725800,0
2017-05-31,sh.603369,12.4000,12.4800,12.2500,12.2800,12.3100,4313865,53170043.0000,3,0.633693,1,-0.243710,0
2017-06-01,sh.603369,12.2600,12.3000,11.8000,11.8900,12.2800,6269785,75639175.0000,3,0.921011,1,-3.175891,0
2017-06-02,sh.603369,11.9000,11.9900,11.6500,11.9700,11.8900,5599955,66144308.0000,3,0.822615,1,0.672834,0
2017-06-05,sh.603369,11.9900,12.1100,11.9400,11.9700,11.9700,3804414,45754658.0000,3,0.558856,1,0.000000,0
2017-06-06,sh.603369,11.9700,12.0500,11.9100,12.0500,11.9700,4339792,51912127.0000,3,0.637502,1,0.668337,0
2017-06-07,sh.603369,12.0400,12.4000,12.0000,12.3600,12.0500,8383901,102786440.0000,3,1.231568,1,2.572610,0
2017-06-08,sh.603369,12.3600,12.4500,12.2900,12.4300,12.3600,5725225,70932150.0000,3,0.841017,1,0.566348,0
2017-06-09,sh.603369,12.4300,12.7400,12.3300,12.5500,12.4300,7088554,89218666.0000,3,1.041286,1,0.965405,0
2017-06-12,sh.603369,12.5600,13.1000,12.5600,12.8100,12.5500,12471329,160333842.0000,3,1.831998,1,2.071715,0
2017-06-13,sh.603369,12.7500,12.9200,12.6600,12.8000,12.8100,5976990,76462489.0000,3,0.878001,1,-0.078066,0
2017-06-14,sh.603369,12.8300,13.0300,12.7200,12.8500,12.8000,7693282,99095984.0000,3,1.130119,1,0.390626,0
2017-06-15,sh.603369,12.8000,12.9400,12.7000,12.8100,12.8500,5284071,67647945.0000,3,0.776213,1,-0.311284,0
2017-06-16,sh.603369,12.6800,12.8800,12.6800,12.7500,12.8100,4221391,53863370.0000,3,0.620109,1,-0.468387,0
2017-06-19,sh.603369,12.7600,12.8500,12.6900,12.7300,12.7500,4104991,52300936.0000,3,0.603010,1,-0.156866,0
2017-06-20,sh.603369,12.7500,12.8000,12.6900,12.7600,12.7300,3252794,41444168.0000,3,0.477825,1,0.235669,0
2017-06-21,sh.603369,12.7800,12.8000,12.5500,12.7300,12.7600,4501193,57001094.0000,3,0.661211,1,-0.235115,0
2017-06-22,sh.603369,12.7100,12.9700,12.7000,12.7700,12.7300,11625330,148980203.0000,3,1.707724,1,0.314226,0
2017-06-23,sh.603369,12.7000,12.7600,12.3000,12.5700,12.7700,8265306,103710434.0000,3,1.214147,1,-1.566177,0
2017-06-26,sh.603369,12.5400,12.8900,12.4400,12.8500,12.5700,13240159,167537801.0000,3,1.944937,1,2.227531,0
2017-06-27,sh.603369,12.8900,12.9500,12.7800,12.9200,12.8500,10124738,130181614.0000,3,1.487292,1,0.544745,0
2017-06-28,sh.603369,12.8900,12.9100,12.7000,12.7600,12.9200,6636690,84988075.0000,3,0.974909,1,-1.238389,0
2017-06-29,sh.603369,12.7300,13.0600,12.7300,13.0300,12.7600,8219144,106311282.0000,3,1.207366,1,2.115983,0
2017-06-30,sh.603369,13.0000,13.3500,12.9300,13.2000,13.0300,11938351,157028205.0000,3,1.753706,1,1.304682,0
2017-07-03,sh.603369,13.0800,13.1500,12.8500,13.1000,13.2000,8531992,110854370.0000,3,0.680111,1,-0.757571,0
2017-07-04,sh.603369,13.0300,13.1300,12.9600,13.0300,13.1000,4792445,62544612.0000,3,0.382020,1,-0.534356,0
2017-07-05,sh.603369,13.0100,13.0500,12.9000,13.0300,13.0300,3766118,48929794.0000,3,0.300209,1,0.000000,0
2017-07-06,sh.603369,12.9900,13.0300,12.7300,12.8000,13.0300,7084046,91041956.0000,3,0.564691,1,-1.765154,0
2017-07-07,sh.603369,12.8200,12.8200,12.5600,12.6900,12.8000,7357573,93148421.0000,3,0.586494,1,-0.859380,0
2017-07-10,sh.603369,12.6700,12.8200,12.5900,12.8100,12.6900,5260068,66831071.0000,3,0.419296,1,0.945633,0
2017-07-11,sh.603369,12.7900,12.8600,12.7100,12.7500,12.8100,5152544,65971763.0000,3,0.410725,1,-0.468387,0
2017-07-12,sh.603369,12.7300,12.8200,12.5700,12.7600,12.7500,4497269,57256001.0000,3,0.358491,1,0.078433,0
2017-07-13,sh.603369,12.7600,13.1500,12.7100,13.1500,12.7600,10707345,139313157.0000,3,0.853515,1,3.056422,0
2017-07-14,sh.603369,13.2100,13.4300,13.0200,13.3800,13.1500,12694050,168057098.0000,3,1.011881,1,1.749053,0
2017-07-17,sh.603369,13.2800,13.5700,12.9500,13.1000,13.3800,13347002,177200456.0000,3,1.063930,1,-2.092674,0
2017-07-18,sh.603369,13.1000,13.2700,12.7000,13.0200,13.1000,9664743,125293589.0000,3,0.770406,1,-0.610686,0
2017-07-19,sh.603369,12.9800,13.6500,12.8400,13.5400,13.0200,15160430,202340293.0000,3,1.208484,1,3.993852,0
2017-07-20,sh.603369,13.5100,13.8000,13.4000,13.7800,13.5400,14186045,192786822.0000,3,1.130813,1,1.772524,0
2017-07-21,sh.603369,13.8100,14.2500,13.7500,14.2400,13.7800,26789116,376638880.0000,3,2.135442,1,3.338171,0
2017-07-24,sh.603369,14.1300,14.6800,14.1000,14.1500,14.2400,21515165,309862992.0000,3,1.715039,1,-0.632023,0
2017-07-25,sh.603369,14.1200,14.5500,13.9900,14.4200,14.1500,14369210,205956220.0000,3,1.145413,1,1.908131,0
2017-07-26,sh.603369,14.4000,14.4900,13.9500,14.1700,14.4200,10676327,151307904.0000,3,0.851042,1,-1.733703,0
2017-07-27,sh.603369,14.0600,14.4800,13.9500,14.2900,14.1700,9641663,136914527.0000,3,0.768566,1,0.846859,0
2017-07-28,sh.603369,14.2500,15.0500,14.1200,15.0100,14.2900,23478059,346362096.0000,3,1.871507,1,5.038490,0
2017-07-31,sh.603369,15.1600,15.7800,14.8000,15.2000,15.0100,28558096,437764688.0000,3,2.276452,1,1.265820,0
2017-08-01,sh.603369,15.0600,15.3000,14.8000,15.0600,15.2000,15884957,238144117.0000,3,1.266238,1,-0.921049,0
2017-08-02,sh.603369,14.9600,15.1600,14.5800,14.7000,15.0600,14229332,211280063.0000,3,1.134263,1,-2.390442,0
2017-08-03,sh.603369,14.6500,14.8600,14.3200,14.4800,14.7000,15199002,221357597.0000,3,1.211559,1,-1.496601,0
2017-08-04,sh.603369,14.4100,14.5000,14.2700,14.3500,14.4800,10654278,152999239.0000,3,0.849285,1,-0.897784,0
2017-08-07,sh.603369,14.2500,15.1200,14.2300,15.0100,14.3500,17900199,263642662.0000,3,1.426879,1,4.599302,0
2017-08-08,sh.603369,14.9300,15.1500,14.6300,14.7700,15.0100,12845155,190837311.0000,3,1.023926,1,-1.598932,0
2017-08-09,sh.603369,14.6800,15.5000,14.5400,15.4000,14.7700,22731078,346194128.0000,3,1.811963,1,4.265397,0
2017-08-10,sh.603369,15.4500,16.6900,15.3000,16.1900,15.4000,32243373,517261152.0000,3,2.570217,1,5.129876,0
2017-08-11,sh.603369,15.9700,16.5700,15.3000,15.6000,16.1900,25569933,408565280.0000,3,2.038257,1,-3.644226,0
2017-08-14,sh.603369,15.8000,17.1000,15.7900,16.8800,15.6000,31445100,520401872.0000,3,2.506584,1,8.205120,0
2017-08-15,sh.603369,16.8600,17.5900,16.5100,17.4100,16.8800,30529038,524152416.0000,3,2.433562,1,3.139815,0
2017-08-16,sh.603369,17.2600,17.4100,16.8800,17.2300,17.4100,17479591,298529632.0000,3,1.393351,1,-1.033890,0
2017-08-17,sh.603369,16.9700,17.1700,16.6100,16.8600,17.2300,15494573,260381083.0000,3,1.235119,1,-2.147411,0
2017-08-18,sh.603369,16.7000,17.1000,16.5000,16.6700,16.8600,11517400,192948135.0000,3,0.918087,1,-1.126931,0
2017-08-21,sh.603369,16.6200,16.8800,16.2000,16.4300,16.6700,14592087,239405013.0000,3,1.163180,1,-1.439711,0
2017-08-22,sh.603369,16.4400,16.4500,15.7300,16.0500,16.4300,20794534,331694048.0000,3,1.657595,1,-2.312849,0
2017-08-23,sh.603369,16.0000,16.2900,15.9100,16.0900,16.0500,12790209,206301802.0000,3,1.019546,1,0.249227,0
2017-08-24,sh.603369,16.1100,16.1100,15.3200,15.3700,16.0900,17193590,268467024.0000,3,1.370553,1,-4.474831,0
2017-08-25,sh.603369,15.4900,15.9400,15.3900,15.8300,15.3700,14518401,227868112.0000,3,1.157306,1,2.992843,0
2017-08-28,sh.603369,15.9000,16.3500,15.8800,15.9600,15.8300,13904506,223742385.0000,3,1.108370,1,0.821226,0
2017-08-29,sh.603369,15.8400,16.2000,15.5900,15.8800,15.9600,11617753,185326141.0000,3,0.926086,1,-0.501253,0
2017-08-30,sh.603369,15.8100,16.0200,15.7300,15.9000,15.8800,11231998,178151312.0000,3,0.895337,1,0.125942,0
2017-08-31,sh.603369,15.9600,15.9600,15.4800,15.7200,15.9000,10798782,169198732.0000,3,0.860804,1,-1.132071,0
2017-09-01,sh.603369,15.6400,16.3000,15.6100,16.2900,15.7200,15486711,247516050.0000,3,1.234493,1,3.625958,0
2017-09-04,sh.603369,16.2900,16.3000,16.0000,16.1300,16.2900,11604730,187143691.0000,3,0.925048,1,-0.982208,0
2017-09-05,sh.603369,16.0100,16.4900,16.0100,16.2700,16.1300,13865552,225781587.0000,3,1.105265,1,0.867956,0
2017-09-06,sh.603369,16.1400,16.2500,15.8200,15.8800,16.2700,13789046,220500032.0000,3,1.099167,1,-2.397052,0
2017-09-07,sh.603369,15.8600,15.8800,15.3500,15.3600,15.8800,15998849,248185458.0000,3,1.275317,1,-3.274562,0
2017-09-08,sh.603369,15.2500,15.3600,15.0200,15.1100,15.3600,11339851,171701662.0000,3,0.903934,1,-1.627604,0
2017-09-11,sh.603369,15.0500,15.3400,14.8600,15.2200,15.1100,10624960,160794984.0000,3,0.846948,1,0.727999,0
2017-09-12,sh.603369,15.1500,15.9100,15.1000,15.8800,15.2200,17982510,279397826.0000,3,1.433440,1,4.336399,0
2017-09-13,sh.603369,15.7800,16.3900,15.7200,16.0000,15.8800,24181271,388347802.0000,3,1.927562,1,0.755667,0
2017-09-14,sh.603369,15.8100,15.9500,15.6100,15.7400,16.0000,11824941,185991876.0000,3,0.942602,1,-1.625001,0
2017-09-15,sh.603369,15.7400,16.1500,15.5800,15.6300,15.7400,10393231,164544612.0000,3,0.828476,1,-0.698854,0
2017-09-18,sh.603369,15.5300,16.1500,15.5100,16.0800,15.6300,18555109,295889591.0000,3,1.479084,1,2.879077,0
2017-09-19,sh.603369,16.1900,16.3900,15.8200,15.9400,16.0800,14639934,235047320.0000,3,1.166994,1,-0.870649,0
2017-09-20,sh.603369,16.0000,16.7400,16.0000,16.5800,15.9400,29343679,483921130.0000,3,2.339074,1,4.015059,0
2017-09-21,sh.603369,16.4500,16.5500,16.2000,16.4400,16.5800,16047617,262200371.0000,3,1.279204,1,-0.844387,0
2017-09-22,sh.603369,16.3000,16.5900,16.0500,16.2700,16.4400,11651673,189508585.0000,3,0.928790,1,-1.034064,0
2017-09-25,sh.603369,16.1500,16.5600,16.0700,16.3600,16.2700,18373956,299706734.0000,3,1.464644,1,0.553166,0
2017-09-26,sh.603369,16.3000,16.3700,15.7000,15.7200,16.3600,16268646,259214316.0000,3,1.296823,1,-3.911983,0
2017-09-27,sh.603369,15.5900,15.7300,15.5300,15.6000,15.7200,8991846,140332994.0000,3,0.716767,1,-0.763358,0
2017-09-28,sh.603369,15.6000,16.3400,15.5400,16.1400,15.6000,17721036,284035398.0000,3,1.412598,1,3.461532,0
2017-09-29,sh.603369,16.1700,16.3800,15.9500,16.0000,16.1400,14033092,226602890.0000,3,1.118620,1,-0.867406,0
2017-10-09,sh.603369,16.2300,16.3900,16.0000,16.0700,16.0000,12989319,210508724.0000,3,1.035418,1,0.437498,0
2017-10-10,sh.603369,16.0600,16.5500,16.0200,16.4300,16.0700,18519636,302808642.0000,3,1.476256,1,2.240203,0
2017-10-11,sh.603369,16.4300,17.9700,16.2500,17.1200,16.4300,35195194,599686963.0000,3,2.805516,1,4.199638,0
2017-10-12,sh.603369,16.9800,17.2300,16.7000,17.1500,17.1200,17841300,302968787.0000,3,1.422184,1,0.175227,0
2017-10-13,sh.603369,17.1200,17.4500,17.0500,17.2600,17.1500,19094373,329918032.0000,3,1.522070,1,0.641403,0
2017-10-16,sh.603369,17.3000,17.8600,16.6600,16.7000,17.2600,22267057,383885693.0000,3,1.774975,1,-3.244493,0
2017-10-17,sh.603369,16.7800,16.9500,16.5700,16.7700,16.7000,9641449,161398475.0000,3,0.768549,1,0.419160,0
2017-10-18,sh.603369,16.7200,16.8500,16.3600,16.6600,16.7700,11645028,193273578.0000,3,0.928261,1,-0.655937,0
2017-10-19,sh.603369,16.5900,17.2800,16.5600,16.9900,16.6600,18810208,320768082.0000,3,1.499419,1,1.980792,0
2017-10-20,sh.603369,16.7700,16.8600,16.3200,16.6000,16.9900,13275211,219568663.0000,3,1.058207,1,-2.295464,0
2017-10-23,sh.603369,16.5800,16.8800,16.5300,16.7100,16.6000,11440214,191117315.0000,3,0.911934,1,0.662643,0
2017-10-24,sh.603369,16.6800,16.7100,16.2700,16.3700,16.7100,12723177,209049730.0000,3,1.014203,1,-2.034699,0
2017-10-25,sh.603369,16.3500,16.4700,16.0100,16.2000,16.3700,10781509,174871377.0000,3,0.859427,1,-1.038486,0
2017-10-26,sh.603369,16.4100,16.8900,16.3300,16.5300,16.2000,19838396,329152504.0000,3,1.581379,1,2.037036,0
2017-10-27,sh.603369,16.3000,16.3300,15.8100,16.0900,16.5300,25100205,403021987.0000,3,2.000813,1,-2.661830,0
2017-10-30,sh.603369,16.0500,16.0500,15.3600,15.3800,16.0900,19974593,309872063.0000,3,1.592235,1,-4.412679,0
2017-10-31,sh.603369,15.3300,15.5400,15.2200,15.5400,15.3800,9124639,140813509.0000,3,0.727353,1,1.040311,0
2017-11-01,sh.603369,15.5300,15.7300,15.1700,15.2000,15.5400,14143958,218502741.0000,3,1.127458,1,-2.187903,0
2017-11-02,sh.603369,15.0900,15.4100,15.0600,15.2200,15.2000,9039698,137919181.0000,3,0.720582,1,0.131582,0
2017-11-03,sh.603369,15.2300,15.5900,15.1300,15.5700,15.2200,13738611,212375805.0000,3,1.095146,1,2.299602,0
2017-11-06,sh.603369,15.5400,16.2000,15.4200,16.1800,15.5700,18612903,295419561.0000,3,1.483691,1,3.917795,0
2017-11-07,sh.603369,16.0600,16.4800,15.8200,15.9900,16.1800,19821913,318816550.0000,3,1.580065,1,-1.174293,0
2017-11-08,sh.603369,15.9300,16.1700,15.8500,15.9800,15.9900,9288828,148430160.0000,3,0.740441,1,-0.062541,0
2017-11-09,sh.603369,15.9300,16.0400,15.6100,15.7800,15.9800,8209957,129195421.0000,3,0.654441,1,-1.251563,0
2017-11-10,sh.603369,15.7000,16.3100,15.6200,16.2800,15.7800,17345729,279428570.0000,3,1.382681,1,3.168574,0
2017-11-13,sh.603369,16.3200,16.3600,15.9100,15.9800,16.2800,12804049,205297364.0000,3,1.020650,1,-1.842759,0
2017-11-14,sh.603369,15.9000,15.9300,15.4000,15.4500,15.9800,14526996,226044454.0000,3,1.157991,1,-3.316644,0
2017-11-15,sh.603369,15.5900,15.8300,15.5600,15.7800,15.4500,10766419,168942794.0000,3,0.858224,1,2.135922,0
2017-11-16,sh.603369,15.6700,16.5000,15.6200,16.4100,15.7800,24719251,401092284.0000,3,1.970446,1,3.992396,0
2017-11-17,sh.603369,16.3000,16.3000,15.5500,15.5900,16.4100,19404673,308229825.0000,3,1.546805,1,-4.996951,0
2017-11-20,sh.603369,15.4000,15.4300,14.9300,15.3500,15.5900,10974226,166477124.0000,3,0.874789,1,-1.539447,0
2017-11-21,sh.603369,15.2400,15.7000,15.1500,15.6200,15.3500,12108783,187387962.0000,3,0.965228,1,1.758954,0
2017-11-22,sh.603369,15.5600,15.7300,15.1200,15.2400,15.6200,12154983,186364402.0000,3,0.968911,1,-2.432779,0
2017-11-23,sh.603369,15.1000,15.1000,14.2100,14.3600,15.2400,21281450,312020126.0000,3,1.696409,1,-5.774279,0
2017-11-24,sh.603369,14.2600,14.4300,13.8800,14.1100,14.3600,12178717,171575309.0000,3,0.970802,1,-1.740947,0
2017-11-27,sh.603369,14.1000,14.2900,13.8600,14.0300,14.1100,6380250,89751558.0000,3,0.508589,1,-0.566973,0
2017-11-28,sh.603369,13.9900,14.2600,13.9900,14.2500,14.0300,4995040,70812117.0000,3,0.398170,1,1.568070,0
2017-11-29,sh.603369,14.2500,14.3100,13.9400,14.2800,14.2500,7041441,99543132.0000,3,0.561295,1,0.210524,0
2017-11-30,sh.603369,14.2800,14.3800,14.1200,14.2100,14.2800,4257706,60622623.0000,3,0.339395,1,-0.490194,0
2017-12-01,sh.603369,14.2000,14.3300,14.1800,14.2300,14.2100,5017805,71545063.0000,3,0.399984,1,0.140742,0
2017-12-04,sh.603369,14.1800,14.5600,14.0600,14.2900,14.2300,8949882,128438378.0000,3,0.713422,1,0.421647,0
2017-12-05,sh.603369,14.2100,14.4500,13.9100,13.9500,14.2900,9247934,130838456.0000,3,0.737181,1,-2.379287,0
2017-12-06,sh.603369,13.8200,14.0600,13.7200,13.9600,13.9500,6384554,88581000.0000,3,0.508932,1,0.071686,0
2017-12-07,sh.603369,13.9300,14.0000,13.8500,13.9200,13.9600,3130250,43562718.0000,3,0.249522,1,-0.286533,0
2017-12-08,sh.603369,13.8900,14.2600,13.8500,14.2100,13.9200,6169291,86953488.0000,3,0.491773,1,2.083333,0
2017-12-11,sh.603369,14.1400,14.5200,14.1400,14.4400,14.2100,7598823,109427299.0000,3,0.605725,1,1.618575,0
2017-12-12,sh.603369,14.4400,14.4600,14.2000,14.2300,14.4400,3962549,56722240.0000,3,0.315867,1,-1.454294,0
2017-12-13,sh.603369,14.2900,14.4400,14.2400,14.4100,14.2300,6091090,87551078.0000,3,0.485539,1,1.264935,0
2017-12-14,sh.603369,14.3900,14.4800,14.3000,14.3600,14.4100,3821741,54915152.0000,3,0.304643,1,-0.346983,0
2017-12-15,sh.603369,14.2600,14.5000,14.2600,14.4000,14.3600,6604684,95207517.0000,3,0.526479,1,0.278551,0
2017-12-18,sh.603369,14.4200,14.8300,14.4100,14.5000,14.4000,8432588,123173993.0000,3,0.672187,1,0.694447,0
2017-12-19,sh.603369,14.4800,14.8500,14.4700,14.7900,14.5000,10619141,156553181.0000,3,0.846484,1,2.000000,0
2017-12-20,sh.603369,14.7500,15.0400,14.6800,14.8900,14.7900,10447820,155555929.0000,3,0.832827,1,0.676135,0
2017-12-21,sh.603369,14.8100,14.9800,14.7100,14.8600,14.8900,8503539,126095206.0000,3,0.677843,1,-0.201482,0
2017-12-22,sh.603369,14.8600,14.8600,14.5800,14.6800,14.8600,5754661,84564726.0000,3,0.458721,1,-1.211301,0
2017-12-25,sh.603369,14.7200,15.2800,14.7200,15.1800,14.6800,15622013,236404469.0000,3,1.245278,1,3.405995,0
2017-12-26,sh.603369,15.2500,15.2500,15.0400,15.2000,15.1800,8626057,130825732.0000,3,0.687609,1,0.131749,0
2017-12-27,sh.603369,15.2800,15.3800,15.0400,15.1100,15.2000,8359891,127087968.0000,3,0.666392,1,-0.592106,0
2017-12-28,sh.603369,15.2000,15.6600,15.1100,15.5400,15.1100,11960583,184710113.0000,3,0.953414,1,2.845799,0
2017-12-29,sh.603369,15.5700,15.6300,15.3100,15.5100,15.5400,7436383,114992543.0000,3,0.592777,1,-0.193049,0
2018-01-02,sh.603369,15.6800,15.7000,15.3800,15.5500,15.5100,7836843,121277407.0000,3,0.624699,1,0.257898,0
2018-01-03,sh.603369,15.5400,15.5500,15.0500,15.1400,15.5500,17426956,264912782.0000,3,1.389156,1,-2.636655,0
2018-01-04,sh.603369,15.1900,15.4500,15.1500,15.2200,15.1400,13771160,210769377.0000,3,1.097741,1,0.528401,0
2018-01-05,sh.603369,15.2900,15.3100,15.0500,15.1800,15.2200,8100054,122759363.0000,3,0.645680,1,-0.262812,0
2018-01-08,sh.603369,15.1500,15.7400,15.0100,15.7300,15.1800,17062869,265130393.0000,3,1.360133,1,3.623183,0
2018-01-09,sh.603369,15.6900,16.7700,15.6100,16.2300,15.7300,22718573,369822684.0000,3,1.810966,1,3.178640,0
2018-01-10,sh.603369,16.2100,16.6200,16.0000,16.3100,16.2300,16944838,276234146.0000,3,1.350724,1,0.492914,0
2018-01-11,sh.603369,16.3000,16.4500,16.0800,16.3600,16.3100,10057007,164084214.0000,3,0.801675,1,0.306567,0
2018-01-12,sh.603369,16.2200,17.4400,16.2200,17.1900,16.3600,20892534,351381892.0000,3,1.665407,1,5.073349,0
2018-01-15,sh.603369,17.1900,17.9100,16.8300,17.0300,17.1900,25687656,446061670.0000,3,2.047641,1,-0.930773,0
2018-01-16,sh.603369,17.1000,18.3000,16.9500,17.9900,17.0300,28217023,502563242.0000,3,2.249264,1,5.637105,0
2018-01-17,sh.603369,18.0100,18.2900,17.5200,17.6800,17.9900,16631242,297071486.0000,3,1.325727,1,-1.723177,0
2018-01-18,sh.603369,17.6600,18.0800,17.6600,17.8900,17.6800,12187503,217884126.0000,3,0.971503,1,1.187778,0
2018-01-19,sh.603369,17.8700,17.8700,17.1800,17.5300,17.8900,13469922,234608047.0000,3,1.073728,1,-2.012290,0
2018-01-22,sh.603369,17.4300,18.1700,17.3800,18.0900,17.5300,15394725,274251545.0000,3,1.227160,1,3.194521,0
2018-01-23,sh.603369,18.0700,18.1000,17.6100,17.8900,18.0900,10974468,195569600.0000,3,0.874808,1,-1.105587,0
2018-01-24,sh.603369,17.9000,17.9400,17.3000,17.5700,17.8900,9488064,166318704.0000,3,0.756322,1,-1.788707,0
2018-01-25,sh.603369,17.4500,17.4700,16.8000,17.1800,17.5700,13490759,230075132.0000,3,1.075389,1,-2.219689,0
2018-01-26,sh.603369,17.2100,17.4200,17.0700,17.2200,17.1800,8442837,145552163.0000,3,0.673004,1,0.232823,0
2018-01-29,sh.603369,17.1900,17.1900,16.1900,16.4100,17.2200,15634807,259862982.0000,3,1.246298,1,-4.703830,0
2018-01-30,sh.603369,16.3900,16.7400,16.3800,16.5400,16.4100,7672400,126737253.0000,3,0.611590,1,0.792206,0
2018-01-31,sh.603369,16.5200,16.7600,16.4000,16.5300,16.5400,9347162,155346590.0000,3,0.745091,1,-0.060461,0
2018-02-01,sh.603369,16.5300,16.5800,15.6900,15.7400,16.5300,10448086,167314340.0000,3,0.832849,1,-4.779195,0
2018-02-02,sh.603369,15.7800,15.9300,15.2500,15.7000,15.7400,9122944,141970200.0000,3,0.727218,1,-0.254129,0
2018-02-05,sh.603369,15.4900,15.5600,14.8100,15.3600,15.7000,12253395,186821277.0000,3,0.976755,1,-2.165606,0
2018-02-06,sh.603369,15.0400,15.6300,14.9900,15.1000,15.3600,9936480,152300625.0000,3,0.792067,1,-1.692704,0
2018-02-07,sh.603369,15.4000,15.4800,14.6800,14.8400,15.1000,9679833,145743685.0000,3,0.771609,1,-1.721856,0
2018-02-08,sh.603369,14.6900,15.2800,14.6900,15.0700,14.8400,6263977,94471310.0000,3,0.499321,1,1.549862,0
2018-02-09,sh.603369,14.7200,14.9000,14.3700,14.6500,15.0700,8905628,130125648.0000,3,0.709895,1,-2.786994,0
2018-02-12,sh.603369,14.8800,15.2500,14.7100,15.1700,14.6500,6560523,98452276.0000,3,0.522959,1,3.549491,0
2018-02-13,sh.603369,15.3700,15.8800,15.2000,15.6700,15.1700,11816021,184252963.0000,3,0.941891,1,3.295979,0
2018-02-14,sh.603369,15.5500,16.1000,15.5500,15.9100,15.6700,7423503,117809847.0000,3,0.591750,1,1.531588,0
2018-02-22,sh.603369,15.9900,16.3400,15.9900,16.2300,15.9100,6553061,105737125.0000,3,0.522364,1,2.011312,0
2018-02-23,sh.603369,16.1600,16.2700,16.0000,16.1400,16.2300,7322429,117952572.0000,3,0.583693,1,-0.554530,0
2018-02-26,sh.603369,16.1200,16.2800,15.8900,16.2500,16.1400,5167934,83476848.0000,3,0.411952,1,0.681540,0
2018-02-27,sh.603369,16.1900,16.3000,15.8500,15.8700,16.2500,4163579,66803285.0000,3,0.331892,1,-2.338462,0
2018-02-28,sh.603369,15.5800,16.0500,15.3700,15.8400,15.8700,6214682,98426682.0000,3,0.495391,1,-0.189034,0
2018-03-01,sh.603369,15.8100,16.4200,15.8100,16.2800,15.8400,6525488,105894201.0000,3,0.520166,1,2.777781,0
2018-03-02,sh.603369,16.1500,16.3000,15.9100,15.9800,16.2800,4967303,79719031.0000,3,0.395959,1,-1.842759,0
2018-03-05,sh.603369,15.9800,16.2000,15.7100,15.8000,15.9800,5850093,93359489.0000,3,0.466329,1,-1.126404,0
2018-03-06,sh.603369,15.8300,16.7500,15.8300,16.6500,15.8000,12148450,198816184.0000,3,0.968390,1,5.379743,0
2018-03-07,sh.603369,16.6500,16.9800,16.5500,16.7600,16.6500,10441943,175565341.0000,3,0.832359,1,0.660664,0
2018-03-08,sh.603369,16.7700,16.9800,16.5700,16.8600,16.7600,4982397,83667653.0000,3,0.397162,1,0.596661,0
2018-03-09,sh.603369,17.0000,17.1000,16.8200,16.9800,16.8600,6385768,108248380.0000,3,0.509029,1,0.711738,0
2018-03-12,sh.603369,16.9800,17.0600,16.6500,16.8900,16.9800,7493955,126289506.0000,3,0.597366,1,-0.530036,0
2018-03-13,sh.603369,16.7500,17.1700,16.7300,16.7900,16.8900,4923389,83430870.0000,3,0.392458,1,-0.592057,0
2018-03-14,sh.603369,16.6100,16.8000,16.4800,16.7700,16.7900,4317891,71948550.0000,3,0.344192,1,-0.119121,0
2018-03-15,sh.603369,16.6600,17.3200,16.6500,17.0200,16.7700,8837865,150859977.0000,3,0.704493,1,1.490757,0
2018-03-16,sh.603369,17.1700,17.2200,16.9400,17.0500,17.0200,7420453,126766228.0000,3,0.591507,1,0.176256,0
2018-03-19,sh.603369,17.0400,17.1700,16.7800,16.8600,17.0500,4258202,72184776.0000,3,0.339434,1,-1.114361,0
2018-03-20,sh.603369,16.7900,16.7900,16.2100,16.4100,16.8600,5850467,96010021.0000,3,0.466358,1,-2.669044,0
2018-03-21,sh.603369,16.4100,16.6400,16.2500,16.3300,16.4100,4528558,74447829.0000,3,0.360985,1,-0.487507,0
2018-03-22,sh.603369,16.4500,16.5100,16.1400,16.2200,16.3300,4109477,66948420.0000,3,0.327579,1,-0.673611,0
2018-03-23,sh.603369,15.7100,16.1500,15.0200,15.3500,16.2200,7233386,112834673.0000,3,0.576595,1,-5.363742,0
2018-03-26,sh.603369,15.3000,15.5900,15.1300,15.4300,15.3500,6538181,100554333.0000,3,0.521178,1,0.521172,0
2018-03-27,sh.603369,15.5900,15.6700,15.3700,15.5100,15.4300,6259687,96897252.0000,3,0.498979,1,0.518470,0
2018-03-28,sh.603369,15.2800,15.3900,14.8000,14.9600,15.5100,9080702,136591831.0000,3,0.723850,1,-3.546100,0
2018-03-29,sh.603369,15.0100,15.5800,14.8700,15.4900,14.9600,7286939,111192821.0000,3,0.580864,1,3.542779,0
2018-03-30,sh.603369,15.5000,15.8700,15.3600,15.7100,15.4900,6802645,106527159.0000,3,0.542259,1,1.420273,0
2018-04-02,sh.603369,15.4500,15.7900,15.2500,15.4400,15.7100,6661655,103331753.0000,3,0.531021,1,-1.718653,0
2018-04-03,sh.603369,15.2500,15.8500,15.2300,15.8100,15.4400,10022980,157504534.0000,3,0.798962,1,2.396379,0
2018-04-04,sh.603369,15.7400,17.2500,15.7400,16.8800,15.8100,24183805,404564339.0000,3,1.927764,1,6.767860,0
2018-04-09,sh.603369,16.8500,17.1700,16.6200,17.1500,16.8800,10457843,177488726.0000,3,0.833626,1,1.599529,0
2018-04-10,sh.603369,17.2900,17.6500,16.8500,17.2800,17.1500,20491838,353995399.0000,3,1.633467,1,0.758024,0
2018-04-11,sh.603369,17.3900,17.7000,17.3300,17.3900,17.2800,11844524,207726126.0000,3,0.944163,1,0.636567,0
2018-04-12,sh.603369,17.4300,17.9300,17.4300,17.6400,17.3900,12217247,216704643.0000,3,0.973874,1,1.437608,0
2018-04-13,sh.603369,17.7200,17.8700,17.3100,17.4000,17.6400,6654268,116518085.0000,3,0.530432,1,-1.360543,0
2018-04-16,sh.603369,17.4000,17.9900,17.2000,17.4900,17.4000,8263979,145159272.0000,3,0.658747,1,0.517242,0
2018-04-17,sh.603369,17.8800,17.9100,17.2200,17.2600,17.4900,8242839,144508994.0000,3,0.657062,1,-1.315035,0
2018-04-18,sh.603369,17.3400,17.4400,16.8500,17.2800,17.2600,7870093,135194568.0000,3,0.627349,1,0.115877,0
2018-04-19,sh.603369,17.4200,17.8900,17.4100,17.4900,17.2800,9511097,168272267.0000,3,0.758158,1,1.215272,0
2018-04-20,sh.603369,17.3900,17.7500,16.9100,17.0200,17.4900,12103270,208500761.0000,3,0.964788,1,-2.687246,0
2018-04-23,sh.603369,16.8200,17.6000,16.8200,17.2800,17.0200,9836240,169879981.0000,3,0.784077,1,1.527616,0
2018-04-24,sh.603369,17.4000,17.8700,17.2000,17.5800,17.2800,12817322,225942129.0000,3,1.021708,1,1.736107,0
2018-04-25,sh.603369,17.5900,17.6000,17.0500,17.3600,17.5800,7711644,133391086.0000,3,0.614719,1,-1.251418,0
2018-04-26,sh.603369,17.5000,17.5000,16.2700,16.3400,17.3600,11655747,194560432.0000,3,0.929115,1,-5.875578,0
2018-04-27,sh.603369,16.5500,16.8500,16.3700,16.7100,16.3400,10058380,167253342.0000,3,0.801784,1,2.264375,0
2018-05-02,sh.603369,16.6000,17.6500,16.5800,17.6300,16.7100,18843414,326229770.0000,3,1.502066,1,5.505686,0
2018-05-03,sh.603369,17.6600,18.0800,17.3800,17.9700,17.6300,18247756,324956251.0000,3,1.454584,1,1.928532,0
2018-05-04,sh.603369,18.0000,18.5600,17.8000,18.3000,17.9700,21710232,398641363.0000,3,1.730588,1,1.836394,0
2018-05-07,sh.603369,18.4700,20.1300,18.4600,20.1300,18.3000,24172258,472292543.0000,3,1.926844,1,10.000000,0
2018-05-08,sh.603369,20.8200,21.7500,20.5000,20.9700,20.1300,35036855,733067819.0000,3,2.792894,1,4.172877,0
2018-05-09,sh.603369,21.0200,21.6200,20.6000,21.4100,20.9700,25720972,540962923.0000,3,2.050297,1,2.098238,0
2018-05-10,sh.603369,21.2300,21.8200,20.9800,21.7400,21.4100,26258540,560622981.0000,3,2.093148,1,1.541335,0
2018-05-11,sh.603369,21.5000,21.8700,20.8900,21.1900,21.7400,19135442,409305247.0000,3,1.525344,1,-2.529895,0
2018-05-14,sh.603369,21.1900,21.8000,21.0200,21.3700,21.1900,16909475,361387508.0000,3,1.347906,1,0.849459,0
2018-05-15,sh.603369,21.3300,21.3500,20.5600,21.1900,21.3700,22885171,477997557.0000,3,1.824246,1,-0.842304,0
2018-05-16,sh.603369,21.1300,22.1200,21.0200,21.6800,21.1900,27689354,596588856.0000,3,2.207202,1,2.312410,0
2018-05-17,sh.603369,21.5200,21.6000,20.5800,20.7900,21.6800,19410306,406323721.0000,3,1.547254,1,-4.105163,0
2018-05-18,sh.603369,20.8600,20.9700,20.2500,20.8200,20.7900,17202887,354572164.0000,3,1.371294,1,0.144294,0
2018-05-21,sh.603369,20.7800,21.0200,20.2800,20.6600,20.5700,12630009,261072100.0000,3,1.006776,1,0.437531,0
2018-05-22,sh.603369,20.6800,21.0700,20.5000,20.9900,20.6600,15764090,328180889.0000,3,1.256603,1,1.597289,0
2018-05-23,sh.603369,21.0000,21.0000,20.1100,20.2000,20.9900,13115492,269279913.0000,3,1.045476,1,-3.763692,0
2018-05-24,sh.603369,20.1600,20.6900,20.1000,20.2000,20.2000,15315814,312346033.0000,3,1.220870,1,0.000000,0
2018-05-25,sh.603369,20.2600,20.9500,20.2600,20.7400,20.2000,18268628,377994822.0000,3,1.456248,1,2.673262,0
2018-05-28,sh.603369,20.6600,22.5000,20.6600,22.1500,20.7400,31335596,678087995.0000,3,2.497855,1,6.798457,0
2018-05-29,sh.603369,22.1000,22.7400,21.5500,21.5900,22.1500,24642853,545284572.0000,3,1.964357,1,-2.528214,0
2018-05-30,sh.603369,21.1000,22.8600,20.6200,22.1000,21.5900,26397563,577890016.0000,3,2.104230,1,2.362206,0
2018-05-31,sh.603369,22.4100,24.1300,21.7200,23.5800,22.1000,24647445,566683667.0000,3,1.964723,1,6.696831,0
2018-06-01,sh.603369,23.1000,23.5800,21.9100,22.4200,23.5800,23256437,528604959.0000,3,1.853841,1,-4.919423,0
2018-06-04,sh.603369,22.4500,22.8500,21.7000,22.4500,22.4200,18107643,405617948.0000,3,1.443415,1,0.133812,0
2018-06-05,sh.603369,22.5300,23.6200,22.1100,23.3600,22.4500,15061902,346307628.0000,3,1.200630,1,4.053451,0
2018-06-06,sh.603369,23.1200,23.6800,23.0200,23.3900,23.3600,13484367,314682355.0000,3,1.074880,1,0.128419,0
2018-06-07,sh.603369,23.3300,23.4000,22.6700,23.1100,23.3900,11623886,267790448.0000,3,0.926575,1,-1.197088,0
2018-06-08,sh.603369,23.0900,23.9300,22.5500,23.3100,23.1100,12708733,294788311.0000,3,1.013052,1,0.865421,0
2018-06-11,sh.603369,23.3900,23.3900,22.2000,22.4700,23.3100,12604890,285489645.0000,3,1.004774,1,-3.603604,0
2018-06-12,sh.603369,22.3700,24.1900,22.3700,24.1600,22.4700,20445064,480792977.0000,3,1.629738,1,7.521142,0
2018-06-13,sh.603369,23.8800,24.0700,23.2500,23.7100,24.1600,14270168,337838916.0000,3,1.137518,1,-1.862586,0
2018-06-14,sh.603369,23.6300,23.9500,22.7600,23.0300,23.7100,13159148,306026257.0000,3,1.048956,1,-2.867982,0
2018-06-15,sh.603369,23.0500,23.1800,22.0100,22.6300,23.0300,14040854,315481103.0000,3,1.119239,1,-1.736871,0
2018-06-19,sh.603369,22.1100,22.4300,20.3700,20.9300,22.6300,15111877,322961084.0000,3,1.204614,1,-7.512147,0
2018-06-20,sh.603369,20.7900,22.2700,20.7900,21.9600,20.9300,15341828,334362984.0000,3,1.222944,1,4.921160,0
2018-06-21,sh.603369,21.9800,22.5700,21.5000,21.5200,21.9600,9408000,207982466.0000,3,0.749940,1,-2.003637,0
2018-06-22,sh.603369,21.5000,22.8000,21.1100,22.6700,21.5200,11139476,247926749.0000,3,0.887961,1,5.343864,0
2018-06-25,sh.603369,22.8600,23.9800,22.5100,23.4000,22.6700,15013990,352026270.0000,3,1.196811,1,3.220113,0
2018-06-26,sh.603369,23.3000,24.4900,23.0000,24.0300,23.4000,13708329,327515866.0000,3,1.092732,1,2.692312,0
2018-06-27,sh.603369,23.9000,23.9000,22.2200,22.5500,24.0300,12662211,290259398.0000,3,1.009343,1,-6.158974,0
2018-06-28,sh.603369,22.2200,22.8200,21.3000,22.2500,22.5500,8944838,198081714.0000,3,0.713020,1,-1.330374,0
2018-06-29,sh.603369,22.0200,22.9700,21.8100,22.8300,22.2500,8889705,200971765.0000,3,0.708625,1,2.606741,0
2018-07-02,sh.603369,23.0000,23.9900,22.8200,23.1100,22.8300,10776893,251669471.0000,3,0.859059,1,1.226460,0
2018-07-03,sh.603369,23.1000,23.3300,21.4100,22.1900,23.1100,13896059,307693536.0000,3,1.107697,1,-3.980961,0
2018-07-04,sh.603369,22.2000,22.5400,21.4300,21.4900,22.1900,10034208,221204647.0000,3,0.799857,1,-3.154577,0
2018-07-05,sh.603369,21.5100,22.1500,20.0300,20.4200,21.4900,17276390,359205558.0000,3,1.377153,1,-4.979059,0
2018-07-06,sh.603369,20.4200,20.5000,19.2000,19.8900,20.4200,14193121,281741100.0000,3,1.131377,1,-2.595498,0
2018-07-09,sh.603369,19.9900,20.9700,19.8000,20.7900,19.8900,12258922,250134567.0000,3,0.977196,1,4.524895,0
2018-07-10,sh.603369,20.7900,21.2800,20.5600,21.1200,20.7900,9383815,196048699.0000,3,0.748012,1,1.587301,0
2018-07-11,sh.603369,20.6800,20.8800,20.0300,20.5100,21.1200,10074433,205880792.0000,3,0.803064,1,-2.888260,0
2018-07-12,sh.603369,20.5500,21.4000,20.5500,21.3400,20.5100,11343968,239657650.0000,3,0.904262,1,4.046806,0
2018-07-13,sh.603369,21.2500,22.4800,21.0000,22.4400,21.3400,16814737,368676039.0000,3,1.340354,1,5.154641,0
2018-07-16,sh.603369,22.3100,22.6000,22.0000,22.3500,22.4400,9238000,205424846.0000,3,0.736389,1,-0.401070,0
2018-07-17,sh.603369,22.3000,22.3000,21.2200,21.7300,22.3500,13056488,282547150.0000,3,1.040772,1,-2.774053,0
2018-07-18,sh.603369,21.2600,21.4500,20.6900,20.8800,21.7300,16356597,342967147.0000,3,1.303834,1,-3.911645,0
2018-07-19,sh.603369,20.7000,21.0500,20.0400,20.4000,20.8800,11787280,240750132.0000,3,0.939600,1,-2.298849,0
2018-07-20,sh.603369,20.3900,20.4700,19.7000,20.3000,20.4000,14633003,293223159.0000,3,1.166441,1,-0.490198,0
2018-07-23,sh.603369,20.2700,20.2700,19.5000,19.9300,20.3000,16683395,330380510.0000,3,1.329884,1,-1.822655,0
2018-07-24,sh.603369,20.1000,20.8800,19.8800,20.8400,19.9300,17958393,368562062.0000,3,1.431518,1,4.565980,0
2018-07-25,sh.603369,20.6400,20.9500,20.3200,20.6000,20.8400,12274968,252257290.0000,3,0.978475,1,-1.151630,0
2018-07-26,sh.603369,20.5500,20.8800,19.9300,20.0600,20.6000,9241408,188270398.0000,3,0.736661,1,-2.621364,0
2018-07-27,sh.603369,19.9600,20.7200,19.6500,20.2700,20.0600,11691867,237629646.0000,3,0.931994,1,1.046864,0
2018-07-30,sh.603369,20.2200,20.3900,19.6800,19.7700,20.2700,8717284,173501860.0000,3,0.694881,1,-2.466700,0
2018-07-31,sh.603369,19.9100,20.8800,19.8300,20.7400,19.7700,19208862,394523798.0000,3,1.531197,1,4.906420,0
2018-08-01,sh.603369,20.7500,20.8600,20.0600,20.2000,20.7400,13039125,267189781.0000,3,1.039388,1,-2.603660,0
2018-08-02,sh.603369,20.2800,20.2800,19.2300,20.0400,20.2000,12405667,245387531.0000,3,0.988893,1,-0.792078,0
2018-08-03,sh.603369,19.9000,20.0100,19.3500,19.6400,20.0400,10300961,202944516.0000,3,0.821121,1,-1.996016,0
2018-08-06,sh.603369,19.4000,19.4000,18.2700,18.6100,19.6400,13435062,252941970.0000,3,1.070950,1,-5.244393,0
2018-08-07,sh.603369,18.5200,18.9200,17.9700,18.7900,18.6100,11052510,204496925.0000,3,0.881029,1,0.967224,0
2018-08-08,sh.603369,18.7800,18.7800,17.9000,18.1400,18.7900,8851194,161261629.0000,3,0.705556,1,-3.459295,0
2018-08-09,sh.603369,17.9600,18.8400,17.8800,18.6500,18.1400,9622443,178665547.0000,3,0.767034,1,2.811468,0
2018-08-10,sh.603369,18.5800,19.1000,18.5000,18.7700,18.6500,8092004,152671726.0000,3,0.645038,1,0.643436,0
2018-08-13,sh.603369,18.5400,18.5500,18.1300,18.4900,18.7700,8880858,163121563.0000,3,0.707920,1,-1.491746,0
2018-08-14,sh.603369,18.6000,19.1000,18.5600,18.8000,18.4900,8624252,162256442.0000,3,0.687465,1,1.676579,0
2018-08-15,sh.603369,18.7100,18.7700,17.8100,17.9500,18.8000,9489865,171871226.0000,3,0.756466,1,-4.521269,0
2018-08-16,sh.603369,17.6000,18.1900,17.2000,17.5100,17.9500,9530143,167986446.0000,3,0.759677,1,-2.451256,0
2018-08-17,sh.603369,17.7500,17.8700,16.8000,16.8500,17.5100,8879647,153649329.0000,3,0.707824,1,-3.769274,0
2018-08-20,sh.603369,16.8800,17.1600,16.5500,17.1200,16.8500,9021373,152545419.0000,3,0.719121,1,1.602377,0
2018-08-21,sh.603369,17.1200,17.9200,17.0900,17.7500,17.1200,11019313,193955196.0000,3,0.878383,1,3.679901,0
2018-08-22,sh.603369,17.6000,17.9200,17.4600,17.6100,17.7500,6104234,108055377.0000,3,0.486587,1,-0.788729,0
2018-08-23,sh.603369,17.6900,18.0400,17.4800,17.7600,17.6100,6986351,124212396.0000,3,0.556903,1,0.851787,0
2018-08-24,sh.603369,17.7200,17.7200,17.0800,17.2600,17.7600,8580533,148363182.0000,3,0.683980,1,-2.815315,0
2018-08-27,sh.603369,17.4300,18.5600,17.4300,18.4400,17.2600,15341478,278371381.0000,3,1.222916,1,6.836618,0
2018-08-28,sh.603369,18.4400,18.5300,17.9100,18.1700,18.4400,10327163,187496101.0000,3,0.823209,1,-1.464211,0
2018-08-29,sh.603369,18.1800,18.6300,18.0700,18.3400,18.1700,10424577,191410336.0000,3,0.830975,1,0.935608,0
2018-08-30,sh.603369,18.3200,18.7400,18.0700,18.2900,18.3400,10081304,185650784.0000,3,0.803611,1,-0.272624,0
2018-08-31,sh.603369,18.2000,18.2000,17.4300,17.6500,18.2900,10495745,185315422.0000,3,0.836648,1,-3.499187,0
2018-09-03,sh.603369,17.4900,17.9400,17.2000,17.8700,17.6500,7144223,125499858.0000,3,0.569488,1,1.246466,0
2018-09-04,sh.603369,17.8600,18.0200,17.4700,17.8400,17.8700,8208829,145560514.0000,3,0.654351,1,-0.167883,0
2018-09-05,sh.603369,17.7600,17.7600,17.2700,17.3300,17.8400,7126006,124721136.0000,3,0.568036,1,-2.858746,0
2018-09-06,sh.603369,17.2200,17.5800,17.1300,17.2900,17.3300,5486391,95153838.0000,3,0.437337,1,-0.230808,0
2018-09-07,sh.603369,17.2600,17.9000,17.2600,17.4900,17.2900,7962425,140264655.0000,3,0.634709,1,1.156731,0
2018-09-10,sh.603369,17.4400,17.7500,17.2100,17.3300,17.4900,5458090,95123115.0000,3,0.435081,1,-0.914808,0
2018-09-11,sh.603369,17.2800,17.5000,17.1100,17.2500,17.3300,5225702,90192157.0000,3,0.416557,1,-0.461627,0
2018-09-12,sh.603369,17.2500,17.3300,16.6600,16.7300,17.2500,7877570,132726149.0000,3,0.627945,1,-3.014495,0
2018-09-13,sh.603369,16.8300,17.0700,16.2900,16.7100,16.7300,8198015,136477299.0000,3,0.653489,1,-0.119549,0
2018-09-14,sh.603369,16.6400,17.2700,16.4600,17.1400,16.7100,9781696,166273516.0000,3,0.779729,1,2.573311,0
2018-09-17,sh.603369,16.9900,17.2800,16.7300,16.8300,17.1400,6663173,113220613.0000,3,0.531142,1,-1.808632,0
2018-09-18,sh.603369,16.8000,17.5000,16.7000,17.4500,16.8300,9130307,156759282.0000,3,0.727804,1,3.683903,0
2018-09-19,sh.603369,17.3300,19.0700,17.3300,18.7300,17.4500,22891955,423385551.0000,3,1.824787,1,7.335236,0
2018-09-20,sh.603369,18.6800,18.9100,18.5600,18.7300,18.7300,11452110,214420348.0000,3,0.912882,1,0.000000,0
2018-09-21,sh.603369,18.9000,19.8000,18.8100,19.5500,18.7300,15504007,299829527.0000,3,1.235871,1,4.378002,0
2018-09-25,sh.603369,19.2500,20.0000,19.1400,19.6500,19.5500,9263804,181503609.0000,3,0.738446,1,0.511511,0
2018-09-26,sh.603369,19.6400,20.5900,19.6400,20.0000,19.6500,15684076,315556029.0000,3,1.250225,1,1.781173,0
2018-09-27,sh.603369,20.0000,20.0800,19.6500,19.8000,20.0000,10264526,203915453.0000,3,0.818217,1,-1.000004,0
2018-09-28,sh.603369,19.8600,20.0700,19.5500,20.0000,19.8000,9021389,179616679.0000,3,0.719122,1,1.010105,0
2018-10-08,sh.603369,19.5000,19.7300,19.0100,19.0900,20.0000,10042706,193308498.0000,3,0.800535,1,-4.549999,0
2018-10-09,sh.603369,19.1700,19.6400,18.8100,19.0000,19.0900,9513161,182614027.0000,3,0.758323,1,-0.471452,0
2018-10-10,sh.603369,19.2500,19.4400,18.3300,18.7600,19.0000,10232531,192365398.0000,3,0.815666,1,-1.263157,0
2018-10-11,sh.603369,18.1900,19.0500,17.8000,18.4000,18.7600,13458327,247390538.0000,3,1.072804,1,-1.918980,0
2018-10-12,sh.603369,18.4000,19.4700,18.3200,19.3400,18.4000,14672165,278247078.0000,3,1.169563,1,5.108699,0
2018-10-15,sh.603369,19.5000,19.5900,18.5000,18.7000,19.3400,12949153,244289093.0000,3,1.032216,1,-3.309201,0
2018-10-16,sh.603369,18.8400,18.9000,18.0000,18.1400,18.7000,10950043,201738305.0000,3,0.872861,1,-2.994659,0
2018-10-17,sh.603369,18.4500,18.5500,16.8800,17.4500,18.1400,16531090,288944314.0000,3,1.317743,1,-3.803741,0
2018-10-18,sh.603369,17.1800,17.4200,16.8100,17.1400,17.4500,7931884,136015164.0000,3,0.632275,1,-1.776512,0
2018-10-19,sh.603369,16.9700,17.9500,16.8100,17.7600,17.1400,12261440,213994405.0000,3,0.977397,1,3.617274,0
2018-10-22,sh.603369,18.0300,18.8100,17.9500,18.4800,17.7600,13638894,250956852.0000,3,1.087198,1,4.054050,0
2018-10-23,sh.603369,18.3500,18.3500,16.8500,17.0200,18.4800,23441342,408969938.0000,3,1.868580,1,-7.900428,0
2018-10-24,sh.603369,16.6800,16.6900,15.4600,15.8800,17.0200,23293940,372639297.0000,3,1.856831,1,-6.698004,0
2018-10-25,sh.603369,15.3200,15.6300,15.0400,15.5900,15.8800,12666361,194316392.0000,3,1.009674,1,-1.826196,0
2018-10-26,sh.603369,15.7400,15.8500,14.6800,14.8800,15.5900,16795985,253599813.0000,3,1.338859,1,-4.554202,0
2018-10-29,sh.603369,14.1700,14.1900,13.3900,13.3900,14.8800,15552193,211760787.0000,3,1.239712,1,-10.013440,0
2018-10-30,sh.603369,13.0500,13.6900,13.0500,13.4900,13.3900,17169495,229757849.0000,3,1.368633,1,0.746822,0
2018-10-31,sh.603369,13.9000,14.8300,13.8300,14.5800,13.4900,23875814,341973909.0000,3,1.903214,1,8.080061,0
2018-11-01,sh.603369,14.7700,15.6100,14.6300,14.8700,14.5800,22766344,343471764.0000,3,1.814774,1,1.989026,0
2018-11-02,sh.603369,15.3000,15.6000,15.0900,15.5500,14.8700,21747595,333073889.0000,3,1.733567,1,4.572968,0
2018-11-05,sh.603369,15.4800,15.4800,14.8300,15.1100,15.5500,15391641,231239750.0000,3,1.226914,1,-2.829585,0
2018-11-06,sh.603369,15.0300,15.0400,14.7300,14.9100,15.1100,7933408,117826039.0000,3,0.632396,1,-1.323626,0
2018-11-07,sh.603369,14.9300,15.1800,14.8300,15.0200,14.9100,7617814,114476231.0000,3,0.607239,1,0.737764,0
2018-11-08,sh.603369,15.1700,15.3000,14.9000,15.0100,15.0200,10029370,151660193.0000,3,0.799472,1,-0.066579,0
2018-11-09,sh.603369,14.8000,15.0200,14.7500,14.9600,15.0100,5543809,82614999.0000,3,0.441914,1,-0.333112,0
2018-11-12,sh.603369,14.8000,15.2000,14.6800,15.1500,14.9600,10841218,162471582.0000,3,0.864186,1,1.270051,0
2018-11-13,sh.603369,14.9600,16.2400,14.9000,15.9500,15.1500,16600772,258123111.0000,3,1.323298,1,5.280529,0
2018-11-14,sh.603369,15.9000,15.9700,15.4400,15.5400,15.9500,8483346,132633010.0000,3,0.676233,1,-2.570532,0
2018-11-15,sh.603369,15.4900,15.6800,15.4400,15.6100,15.5400,5667254,88195426.0000,3,0.451754,1,0.450448,0
2018-11-16,sh.603369,15.6200,15.7100,15.4200,15.5800,15.6100,5725180,89183336.0000,3,0.456371,1,-0.192183,0
2018-11-19,sh.603369,15.4500,16.3000,15.4500,15.9500,15.5800,9855978,156949599.0000,3,0.785650,1,2.374839,0
2018-11-20,sh.603369,15.7500,15.9000,15.5000,15.5000,15.9500,6763124,106017800.0000,3,0.539109,1,-2.821316,0
2018-11-21,sh.603369,15.3600,15.9600,15.2900,15.7000,15.5000,7382152,116435434.0000,3,0.588454,1,1.290321,0
2018-11-22,sh.603369,15.5000,15.6500,15.3000,15.4800,15.7000,6013070,92928626.0000,3,0.479320,1,-1.401276,0
2018-11-23,sh.603369,15.4700,15.4800,14.8800,14.9700,15.4800,4907039,74220932.0000,3,0.391155,1,-3.294569,0
2018-11-26,sh.603369,14.9700,15.1300,14.8100,14.9000,14.9700,3390440,50723703.0000,3,0.270262,1,-0.467606,0
2018-11-27,sh.603369,15.0600,15.1000,14.7500,14.8600,14.9000,2947780,43904731.0000,3,0.234976,1,-0.268456,0
2018-11-28,sh.603369,14.8900,15.1400,14.8100,15.0600,14.8600,3400383,50958984.0000,3,0.271055,1,1.345900,0
2018-11-29,sh.603369,15.1300,15.4500,15.0400,15.0800,15.0600,5833027,88935000.0000,3,0.464968,1,0.132799,0
2018-11-30,sh.603369,15.2500,15.5700,14.8600,15.5000,15.0800,9269535,142262527.0000,3,0.738903,1,2.785146,0
2018-12-03,sh.603369,16.0400,16.3600,15.7900,16.1000,15.5000,13395067,215840607.0000,3,1.067761,1,3.870970,0
2018-12-04,sh.603369,16.0400,16.2400,15.8100,16.1200,16.1000,6797913,109126121.0000,3,0.541882,1,0.124226,0
2018-12-05,sh.603369,15.7800,16.4400,15.7200,16.0500,16.1200,11765313,189405127.0000,3,0.937849,1,-0.434253,0
2018-12-06,sh.603369,15.8400,15.9800,15.6000,15.7300,16.0500,5657180,89201272.0000,3,0.450951,1,-1.993768,0
2018-12-07,sh.603369,15.7900,15.9600,15.7200,15.7300,15.7300,4002231,63266800.0000,3,0.319030,1,0.000000,0
2018-12-10,sh.603369,15.6000,16.1000,15.5500,15.7600,15.7300,5865836,92745529.0000,3,0.467584,1,0.190723,0
2018-12-11,sh.603369,15.8000,15.8900,15.6400,15.7900,15.7600,3193969,50326006.0000,3,0.254601,1,0.190354,0
2018-12-12,sh.603369,15.8900,15.9300,15.6700,15.8400,15.7900,3844575,60657602.0000,3,0.306463,1,0.316657,0
2018-12-13,sh.603369,15.8000,16.2500,15.7400,16.0900,15.8400,8531610,137033542.0000,3,0.680081,1,1.578283,0
2018-12-14,sh.603369,16.0100,16.0700,15.7500,15.7600,16.0900,5320017,84389290.0000,3,0.424075,1,-2.050963,0
2018-12-17,sh.603369,15.6700,15.9000,15.5000,15.6200,15.7600,5539699,86737170.0000,3,0.441586,1,-0.888327,0
2018-12-18,sh.603369,15.5500,15.6400,15.0500,15.3800,15.6200,5657448,86792988.0000,3,0.450972,1,-1.536490,0
2018-12-19,sh.603369,15.3500,15.5800,14.9200,14.9500,15.3800,5893745,89540531.0000,3,0.469808,1,-2.795841,0
2018-12-20,sh.603369,14.9600,15.0600,14.6500,14.8200,14.9500,6570999,97211705.0000,3,0.523794,1,-0.869566,0
2018-12-21,sh.603369,14.7000,14.8900,14.6500,14.7800,14.8200,4378774,64681512.0000,3,0.349045,1,-0.269905,0
2018-12-24,sh.603369,14.7400,15.1100,14.6600,14.9900,14.7800,6146095,91538535.0000,3,0.489924,1,1.420839,0
2018-12-25,sh.603369,14.8600,14.8900,14.2600,14.7900,14.9900,6682785,97622751.0000,3,0.532705,1,-1.334222,0
2018-12-26,sh.603369,14.7600,14.9000,14.6400,14.6800,14.7900,3631741,53622796.0000,3,0.289497,1,-0.743744,0
2018-12-27,sh.603369,14.9400,14.9700,14.4200,14.4200,14.6800,5731145,84012207.0000,3,0.456847,1,-1.771119,0
2018-12-28,sh.603369,14.4600,14.6800,14.0300,14.4900,14.4200,6389727,91789982.0000,3,0.509345,1,0.485435,0
2019-01-02,sh.603369,14.6000,14.7800,14.3300,14.3700,14.4900,5073684,73616195.0000,3,0.404439,1,-0.828156,0
2019-01-03,sh.603369,14.3600,14.4100,13.7000,13.7200,14.3700,10019080,139671078.0000,3,0.798651,1,-4.523310,0
2019-01-04,sh.603369,13.5900,14.1800,13.5000,14.1600,13.7200,9285357,129523870.0000,3,0.740164,1,3.206994,0
2019-01-07,sh.603369,14.2500,14.7000,14.1500,14.6900,14.1600,9381841,136024082.0000,3,0.747855,1,3.742936,0
2019-01-08,sh.603369,14.5000,14.8200,14.2800,14.6600,14.6900,9428106,137351471.0000,3,0.751543,1,-0.204219,0
2019-01-09,sh.603369,14.7000,15.1500,14.7000,14.9000,14.6600,10180921,152442836.0000,3,0.811552,1,1.637106,0
2019-01-10,sh.603369,14.9700,15.0500,14.7400,14.8300,14.9000,5095515,75735635.0000,3,0.406179,1,-0.469797,0
2019-01-11,sh.603369,14.8700,15.3000,14.7700,15.2000,14.8300,11433706,171647326.0000,3,0.911415,1,2.494942,0
2019-01-14,sh.603369,15.1700,15.8000,15.0500,15.6700,15.2000,14316372,223101015.0000,3,1.141201,1,3.092107,0
2019-01-15,sh.603369,15.6300,16.6400,15.5400,16.4900,15.6700,13651761,220118806.0000,3,1.088223,1,5.232927,0
2019-01-16,sh.603369,16.5000,16.6400,16.1100,16.3400,16.4900,10371328,169360089.0000,3,0.826730,1,-0.909640,0
2019-01-17,sh.603369,16.2800,16.5200,16.1100,16.1600,16.3400,6195268,100883240.0000,3,0.493844,1,-1.101593,0
2019-01-18,sh.603369,16.1600,16.7000,16.1600,16.3500,16.1600,8869331,146164771.0000,3,0.707001,1,1.175746,0
2019-01-21,sh.603369,16.4400,17.4200,16.4400,16.9000,16.3500,15190090,258282948.0000,3,1.210848,1,3.363909,0
2019-01-22,sh.603369,16.6900,16.8800,16.3500,16.4800,16.9000,9191187,151849779.0000,3,0.732657,1,-2.485208,0
2019-01-23,sh.603369,16.3800,16.7800,16.3300,16.4600,16.4800,7951867,131452102.0000,3,0.633867,1,-0.121362,0
2019-01-24,sh.603369,16.6500,16.9000,16.3800,16.7600,16.4600,9703035,161900782.0000,3,0.773458,1,1.822607,0
2019-01-25,sh.603369,16.7400,16.8200,16.4200,16.5600,16.7600,7353727,122430459.0000,3,0.586188,1,-1.193322,0
2019-01-28,sh.603369,16.8600,17.4300,16.7600,16.8500,16.5600,13467403,230501827.0000,3,1.073528,1,1.751213,0
2019-01-29,sh.603369,16.9500,17.4500,16.6600,17.2200,16.8500,10237553,175246223.0000,3,0.816066,1,2.195839,0
2019-01-30,sh.603369,17.2200,17.2400,16.8500,16.9000,17.2200,5842996,99414026.0000,3,0.465763,1,-1.858303,0
2019-01-31,sh.603369,16.9400,17.6400,16.9100,17.3700,16.9000,9105722,158026927.0000,3,0.725845,1,2.781072,0
2019-02-01,sh.603369,17.5500,17.8400,17.2800,17.6200,17.3700,7986130,139783727.0000,3,0.636599,1,1.439263,0
2019-02-11,sh.603369,17.6200,18.5000,17.2700,18.1700,17.6200,11311410,202553580.0000,3,0.901667,1,3.121449,0
2019-02-12,sh.603369,18.0000,19.1300,17.9300,18.7900,18.1700,13971016,262688127.0000,3,1.113672,1,3.412222,0
2019-02-13,sh.603369,18.8300,19.0300,18.6000,18.9600,18.7900,6292238,118749183.0000,3,0.501573,1,0.904727,0
2019-02-14,sh.603369,18.9600,19.4800,18.7300,19.2800,18.9600,8296964,159300074.0000,3,0.661376,1,1.687772,0
2019-02-15,sh.603369,18.9300,19.2300,18.6300,18.7000,19.2800,8167567,153610226.0000,3,0.651062,1,-3.008298,0
2019-02-18,sh.603369,18.7500,19.5500,18.7500,19.3600,18.7000,7775874,150049300.0000,3,0.619839,1,3.529411,0
2019-02-19,sh.603369,19.2800,19.5400,18.7700,19.1000,19.3600,8044201,153993815.0000,3,0.641228,1,-1.342976,0
2019-02-20,sh.603369,18.9500,19.2000,18.4500,18.7100,19.1000,8955068,167687240.0000,3,0.713836,1,-2.041892,0
2019-02-21,sh.603369,18.7500,19.0900,18.3300,18.4600,18.7100,9815243,183214438.0000,3,0.782403,1,-1.336184,0
2019-02-22,sh.603369,18.4500,18.8100,18.1100,18.6700,18.4600,7347472,136013290.0000,3,0.585689,1,1.137600,0
2019-02-25,sh.603369,19.0200,19.4200,18.4800,19.1900,18.6700,16276084,307973732.0000,3,1.297416,1,2.785219,0
2019-02-26,sh.603369,19.0700,20.1300,19.0700,19.5500,19.1900,14360885,280726319.0000,3,1.144750,1,1.875970,0
2019-02-27,sh.603369,19.5500,21.5100,19.5500,20.4000,19.5500,20509063,424993787.0000,3,1.634840,1,4.347828,0
2019-02-28,sh.603369,20.3700,21.1800,19.8600,20.7800,20.4000,13863885,285065943.0000,3,1.105132,1,1.862750,0
2019-03-01,sh.603369,21.0200,22.2800,21.0200,21.8800,20.7800,18811552,408799642.0000,3,1.499526,1,5.293544,0
2019-03-04,sh.603369,21.8800,22.5800,21.2100,22.1300,21.8800,15264352,336672473.0000,3,1.216768,1,1.142596,0
2019-03-05,sh.603369,21.9000,22.4600,21.7600,22.0900,22.1300,12976961,286487426.0000,3,1.034433,1,-0.180746,0
2019-03-06,sh.603369,21.9000,22.4200,21.6900,22.3200,22.0900,10173790,225400870.0000,3,0.810984,1,1.041193,0
2019-03-07,sh.603369,21.9800,22.2000,21.0200,21.4500,22.3200,12297666,262232675.0000,3,0.980284,1,-3.897845,0
2019-03-08,sh.603369,21.0000,21.6500,20.8300,21.4000,21.4500,11046938,236375638.0000,3,0.880585,1,-0.233106,0
2019-03-11,sh.603369,21.0100,23.5400,21.0100,23.5000,21.4000,19772516,450740634.0000,3,1.576127,1,9.813086,0
2019-03-12,sh.603369,23.5000,23.8800,22.7300,23.2000,23.5000,13643031,315723623.0000,3,1.087527,1,-1.276592,0
2019-03-13,sh.603369,23.2500,23.5200,22.8500,23.2500,23.2000,11403414,264768937.0000,3,0.909001,1,0.215514,0
2019-03-14,sh.603369,23.1000,24.9800,22.6300,24.0000,23.2500,17113195,411055293.0000,3,1.364145,1,3.225806,0
2019-03-15,sh.603369,24.1800,26.3600,24.1800,25.8000,24.0000,19821325,505950889.0000,3,1.580018,1,7.499997,0
2019-03-18,sh.603369,25.8000,28.3800,25.8000,28.3800,25.8000,24010149,664614261.0000,3,1.913922,1,10.000000,0
2019-03-19,sh.603369,28.5000,29.6000,26.8000,27.6100,28.3800,22009199,605337484.0000,3,1.754420,1,-2.713173,0
2019-03-20,sh.603369,27.0900,28.5000,26.5300,27.1200,27.6100,20982338,574927190.0000,3,1.672566,1,-1.774718,0
2019-03-21,sh.603369,26.9900,26.9900,26.0200,26.6300,27.1200,16694021,443100234.0000,3,1.330731,1,-1.806791,0
2019-03-22,sh.603369,26.5000,27.3500,26.0600,26.9700,26.6300,13546708,361317772.0000,3,1.079849,1,1.276756,0
2019-03-25,sh.603369,26.3500,27.3500,25.8800,26.5000,26.9700,12397656,331228489.0000,3,0.988255,1,-1.742675,0
2019-03-26,sh.603369,26.5900,27.4200,26.2800,26.7000,26.5000,11045772,297492981.0000,3,0.880492,1,0.754720,0
2019-03-27,sh.603369,26.7000,28.5000,26.5800,27.9000,26.7000,15829049,440998109.0000,3,1.261782,1,4.494378,0
2019-03-28,sh.603369,27.6000,28.9500,27.3000,27.7200,27.9000,13538652,379498896.0000,3,1.079207,1,-0.645162,0
2019-03-29,sh.603369,27.5500,28.8700,27.5500,28.7000,27.7200,20175731,574400876.0000,3,1.608269,1,3.535359,0
2019-04-01,sh.603369,28.6100,29.1500,28.0000,28.8600,28.7000,18318982,521312571.0000,3,1.460262,1,0.557491,0
2019-04-02,sh.603369,28.5600,28.5800,27.7300,27.9900,28.8600,13259704,372435680.0000,3,1.056971,1,-3.014556,0
2019-04-03,sh.603369,27.7700,28.4000,27.4300,27.7900,27.9900,9602426,267151150.0000,3,0.765439,1,-0.714537,0
2019-04-04,sh.603369,27.6000,29.7000,27.4900,29.5700,27.7900,21506110,616474544.0000,3,1.714317,1,6.405177,0
2019-04-08,sh.603369,29.6700,30.8000,28.5000,29.0400,29.5700,20286796,598665590.0000,3,1.617122,1,-1.792353,0
2019-04-09,sh.603369,28.4100,28.5000,27.5200,28.3800,29.0400,18704972,523353282.0000,3,1.491030,1,-2.272733,0
2019-04-10,sh.603369,28.0000,29.2000,27.5000,28.1000,28.3800,16112565,455526056.0000,3,1.284381,1,-0.986606,0
2019-04-11,sh.603369,28.0000,28.0000,25.4000,25.7400,28.1000,24940888,655610257.0000,3,1.988114,1,-8.398579,0
2019-04-12,sh.603369,25.7500,26.1500,25.3800,25.9000,25.7400,11112555,287002758.0000,3,0.885815,1,0.621600,0
2019-04-15,sh.603369,26.5000,26.9400,25.2300,25.3800,25.9000,18657221,487750810.0000,3,1.487224,1,-2.007724,0
2019-04-16,sh.603369,25.1500,26.8800,25.1200,26.6000,25.3800,22220860,585500567.0000,3,1.771292,1,4.806940,0
2019-04-17,sh.603369,26.8600,27.8800,26.3100,27.2700,26.6000,16204228,440557384.0000,3,1.291688,1,2.518797,0
2019-04-18,sh.603369,27.3800,28.5000,27.3500,28.0500,27.2700,13518786,379386847.0000,3,1.077623,1,2.860281,0
2019-04-19,sh.603369,27.8100,27.9700,26.9000,27.6000,28.0500,11646574,318756153.0000,3,0.928384,1,-1.604274,0
2019-04-22,sh.603369,27.6100,28.3000,26.9500,27.1200,27.6000,10100877,277111324.0000,3,0.805172,1,-1.739129,0
2019-04-23,sh.603369,27.1500,27.7000,27.0000,27.1700,27.1200,9469543,259086383.0000,3,0.754846,1,0.184363,0
2019-04-24,sh.603369,27.1700,27.7600,26.5200,27.4000,27.1700,9567236,259665009.0000,3,0.762633,1,0.846520,0
2019-04-25,sh.603369,27.2300,27.6000,26.4600,26.5300,27.4000,8953802,241590522.0000,3,0.713735,1,-3.175179,0
2019-04-26,sh.603369,26.6500,27.1700,26.4000,26.8000,26.5300,8057581,216005192.0000,3,0.642294,1,1.017710,0
2019-04-29,sh.603369,26.8100,27.8000,25.7500,27.0800,26.8000,13002263,349868296.0000,3,1.036450,1,1.044779,0
2019-04-30,sh.603369,27.0500,27.3000,25.7100,26.1200,27.0800,13016781,341507222.0000,3,1.037607,1,-3.545048,0
2019-05-06,sh.603369,25.2100,25.4900,24.0700,24.1700,26.1200,13874771,344040310.0000,3,1.106000,1,-7.465547,0
2019-05-07,sh.603369,24.5300,26.0900,24.2900,26.0100,24.1700,14020765,357273893.0000,3,1.117638,1,7.612744,0
2019-05-08,sh.603369,25.5000,26.6800,25.4000,26.0300,26.0100,12282780,321225962.0000,3,0.979098,1,0.076895,0
2019-05-09,sh.603369,25.9500,26.2700,24.7800,25.2300,26.0300,7984965,202650611.0000,3,0.636506,1,-3.073381,0
2019-05-10,sh.603369,25.7000,26.3900,24.8900,26.1900,25.2300,11921883,308859987.0000,3,0.950329,1,3.804998,0
2019-05-13,sh.603369,26.0200,26.6800,25.5600,26.3600,26.1900,8347017,220034378.0000,3,0.665366,1,0.649103,0
2019-05-14,sh.603369,25.8800,26.9000,25.8800,26.4100,26.3600,8018931,212750992.0000,3,0.639213,1,0.189678,0
2019-05-15,sh.603369,26.6200,28.3800,26.6200,28.3800,26.4100,16626809,460904936.0000,3,1.325373,1,7.459293,0
2019-05-16,sh.603369,28.0600,29.1800,27.8100,28.5100,28.3800,12229620,347478812.0000,3,0.974860,1,0.458073,0
2019-05-17,sh.603369,28.3400,28.5800,27.3000,27.6800,28.5100,10633320,296042107.0000,3,0.847614,1,-2.911259,0
2019-05-20,sh.603369,27.5000,27.6800,26.0600,26.5100,27.6800,11697982,310707153.0000,3,0.932482,1,-4.226879,0
2019-05-21,sh.603369,26.2000,26.6200,25.6200,26.4000,26.1800,11258818,296013760.0000,3,0.897475,1,0.840333,0
2019-05-22,sh.603369,26.5000,26.5000,25.5100,26.0900,26.4000,10631934,276317034.0000,3,0.847504,1,-1.174240,0
2019-05-23,sh.603369,25.9800,25.9800,24.8000,25.0500,26.0900,10817766,274008364.0000,3,0.862317,1,-3.986205,0
2019-05-24,sh.603369,25.0000,25.5800,24.7000,24.8800,25.0500,7829759,196098547.0000,3,0.624134,1,-0.678643,0
2019-05-27,sh.603369,24.7600,25.1700,24.3300,25.0900,24.8800,9412091,233581157.0000,3,0.750266,1,0.844055,0
2019-05-28,sh.603369,25.0900,25.3900,24.6600,24.9800,25.0900,8787401,219941021.0000,3,0.700470,1,-0.438424,0
2019-05-29,sh.603369,24.7700,25.5200,24.7000,25.3900,24.9800,8908397,224880974.0000,3,0.710115,1,1.641312,0
2019-05-30,sh.603369,25.3600,25.6000,24.5800,25.1300,25.3900,6792258,169487540.0000,3,0.541431,1,-1.024026,0
2019-05-31,sh.603369,25.0800,25.3000,24.3600,24.4800,25.1300,9231855,227531478.0000,3,0.735899,1,-2.586549,0
2019-06-03,sh.603369,24.5100,24.9500,24.0000,24.1800,24.4800,9450466,229458713.0000,3,0.753325,1,-1.225487,0
2019-06-04,sh.603369,24.0600,24.3000,23.0000,23.4000,24.1800,11196756,261513246.0000,3,0.892527,1,-3.225809,0
2019-06-05,sh.603369,23.6500,23.7000,23.0000,23.5000,23.4000,8808153,206342604.0000,3,0.702125,1,0.427352,0
2019-06-06,sh.603369,23.5000,23.5800,23.0000,23.1400,23.5000,6837681,158807987.0000,3,0.545052,1,-1.531917,0
2019-06-10,sh.603369,23.0500,23.7200,22.6000,23.3700,23.1400,7607346,176660770.0000,3,0.606405,1,0.993956,0
2019-06-11,sh.603369,23.3700,25.1500,23.3700,25.0000,23.3700,15620133,382648601.0000,3,1.245128,1,6.974750,0
2019-06-12,sh.603369,24.8800,25.3200,24.6100,24.9400,25.0000,9505236,237473373.0000,3,0.757691,1,-0.239998,0
2019-06-13,sh.603369,25.0000,25.0300,24.6200,24.8300,24.9400,5661806,140357312.0000,3,0.451320,1,-0.441061,0
2019-06-14,sh.603369,24.7800,25.3400,24.4000,24.5800,24.8300,8195864,203897404.0000,3,0.653317,1,-1.006847,0
2019-06-17,sh.603369,24.4100,25.0800,24.3000,24.6600,24.5800,6317829,155740212.0000,3,0.503613,1,0.325468,0
2019-06-18,sh.603369,24.6500,24.8500,24.1000,24.2000,24.6600,6756143,164074149.0000,3,0.538553,1,-1.865365,0
2019-06-19,sh.603369,24.6900,25.0000,24.2100,24.2600,24.2000,11589779,284806667.0000,3,0.923856,1,0.247932,0
2019-06-20,sh.603369,24.2000,25.7400,24.0800,25.5500,24.2600,18903044,476026957.0000,3,1.506819,1,5.317391,0
2019-06-21,sh.603369,25.4700,26.9000,25.4300,26.7400,25.5500,16462325,431985591.0000,3,1.312262,1,4.657537,0
2019-06-24,sh.603369,26.5900,27.5100,26.4100,26.9700,26.7400,12589541,340858161.0000,3,1.003550,1,0.860133,0
2019-06-25,sh.603369,27.1700,27.1700,26.3100,26.9200,26.9700,11111559,297721609.0000,3,0.885736,1,-0.185388,0
2019-06-26,sh.603369,26.7100,27.2000,26.6200,27.0000,26.9200,5749226,154415856.0000,3,0.458288,1,0.297177,0
2019-06-27,sh.603369,27.0100,28.3500,26.8000,27.8100,27.0000,14168396,393493919.0000,3,1.129406,1,2.999998,0
2019-06-28,sh.603369,27.8000,28.3000,27.5300,27.8900,27.8100,8372642,233785698.0000,3,0.667409,1,0.287666,0
2019-07-01,sh.603369,28.4800,29.1600,28.4800,29.0000,27.8900,14772941,426809422.0000,3,1.177596,1,3.979923,0
2019-07-02,sh.603369,29.2900,29.9000,28.7900,29.8900,29.0000,15190408,446411476.0000,3,1.210873,1,3.068964,0
2019-07-03,sh.603369,29.8000,30.2900,28.2400,28.7000,29.8900,17462265,510660318.0000,3,1.391970,1,-3.981260,0
2019-07-04,sh.603369,28.5900,29.0700,27.2900,27.5700,28.7000,16605618,461111156.0000,3,1.323684,1,-3.937286,0
2019-07-05,sh.603369,27.9000,28.3700,27.4000,28.1800,27.5700,11946258,334673498.0000,3,0.952272,1,2.212552,0
2019-07-08,sh.603369,28.0900,28.3000,27.2000,27.5500,28.1800,11500871,319444892.0000,3,0.916769,1,-2.235632,0
2019-07-09,sh.603369,27.6700,29.2800,27.6700,28.7300,27.5500,14346177,409367439.0000,3,1.143577,1,4.283123,0
2019-07-10,sh.603369,28.8000,30.1800,28.8000,29.7500,28.7300,17470182,515457783.0000,3,1.392601,1,3.550297,0
2019-07-11,sh.603369,29.5900,29.7600,28.5600,28.7400,29.7500,10391522,302524254.0000,3,0.828340,1,-3.394959,0
2019-07-12,sh.603369,28.7600,29.2900,28.5100,28.8400,28.7400,8685226,250483616.0000,3,0.692326,1,0.347948,0
2019-07-15,sh.603369,28.4600,28.9300,27.2300,28.4800,28.8400,13811669,389120755.0000,3,1.100970,1,-1.248268,0
2019-07-16,sh.603369,28.2800,28.7800,27.8500,28.0100,28.4800,8235773,231921688.0000,3,0.656498,1,-1.650278,0
2019-07-17,sh.603369,28.1600,28.3300,27.6200,27.7800,28.0100,8325357,232245572.0000,3,0.663639,1,-0.821134,0
2019-07-18,sh.603369,27.8100,28.2000,27.5400,27.7000,27.7800,8579646,238910723.0000,3,0.683910,1,-0.287977,0
2019-07-19,sh.603369,27.3000,27.9500,27.2100,27.4600,27.7000,8190878,225934184.0000,3,0.652920,1,-0.866432,0
2019-07-22,sh.603369,27.5100,28.0300,27.0600,27.5300,27.4600,8716555,239478084.0000,3,0.694823,1,0.254922,0
2019-07-23,sh.603369,27.3000,27.4900,26.4000,26.9300,27.5300,9192974,247049214.0000,3,0.732800,1,-2.179442,0
2019-07-24,sh.603369,27.0600,27.8400,27.0600,27.3100,26.9300,8408668,231298652.0000,3,0.670280,1,1.411063,0
2019-07-25,sh.603369,27.3300,27.6200,26.7700,27.5200,27.3100,8173361,222686963.0000,3,0.651523,1,0.768953,0
2019-07-26,sh.603369,27.2500,28.2900,27.2500,27.4200,27.5200,9059036,250683798.0000,3,0.722100,1,-0.363400,0
2019-07-29,sh.603369,27.4300,27.5700,27.0700,27.4000,27.4200,6195960,169274489.0000,3,0.493899,1,-0.072941,0
2019-07-30,sh.603369,27.3600,27.5800,27.0100,27.1200,27.4000,7773709,211733715.0000,3,0.619700,1,-1.021900,0
2019-07-31,sh.603369,27.4300,27.7500,27.1400,27.5700,27.1200,11224854,308202761.0000,3,0.894800,1,1.659300,0
2019-08-01,sh.603369,27.4200,27.5600,26.5600,26.8900,27.5700,9210858,248383573.0000,3,0.734200,1,-2.466500,0
2019-08-02,sh.603369,26.4000,27.5000,26.0100,27.4200,26.8900,9259959,249583566.0000,3,0.738100,1,1.971000,0
2019-08-05,sh.603369,26.8500,27.2800,26.5000,26.5000,27.4200,8173175,218865516.0000,3,0.651500,1,-3.355200,0
2019-08-06,sh.603369,26.1500,27.2700,26.0500,26.7500,26.5000,7868887,210792680.0000,3,0.627300,1,0.943400,0
2019-08-07,sh.603369,26.8800,27.3300,26.5800,26.8000,26.7500,4370306,117777883.0000,3,0.348400,1,0.186900,0
2019-08-08,sh.603369,26.7500,28.2000,26.7500,27.9900,26.8000,10391439,288641519.0000,3,0.828300,1,4.440300,0
2019-08-09,sh.603369,27.9900,28.5000,26.9900,27.1200,27.9900,9208289,253884638.0000,3,0.734000,1,-3.108200,0
2019-08-12,sh.603369,27.4000,27.9800,27.0000,27.3300,27.1200,10713882,293357562.0000,3,0.854000,1,0.774300,0
2019-08-13,sh.603369,27.1500,27.2800,26.5800,27.1600,27.3300,5867733,158450275.0000,3,0.467700,1,-0.622000,0
2019-08-14,sh.603369,27.4700,28.1500,27.3000,27.9800,27.1600,11716621,325993696.0000,3,0.934000,1,3.019100,0
2019-08-15,sh.603369,27.6000,28.4800,27.4600,28.2000,27.9800,10097909,282392620.0000,3,0.804900,1,0.786300,0
2019-08-16,sh.603369,28.1600,29.5000,28.0000,29.2000,28.2000,15624678,452568052.0000,3,1.245500,1,3.546100,0
2019-08-19,sh.603369,29.2300,29.6600,29.0000,29.6100,29.2000,12055662,354343508.0000,3,0.961000,1,1.404100,0
2019-08-20,sh.603369,29.5900,30.1500,29.0500,30.0100,29.6100,9855278,293578272.0000,3,0.785600,1,1.350900,0
2019-08-21,sh.603369,29.9100,29.9700,29.1600,29.3000,30.0100,7324991,215711804.0000,3,0.583900,1,-2.365900,0
2019-08-22,sh.603369,29.6400,29.8300,29.1800,29.8000,29.3000,5507527,163043277.0000,3,0.439000,1,1.706500,0
2019-08-23,sh.603369,29.8000,29.9900,29.3700,29.5400,29.8000,4527170,134079152.0000,3,0.360900,1,-0.872500,0
2019-08-26,sh.603369,29.1300,29.7700,28.9100,29.3600,29.5400,4534816,133061158.0000,3,0.361500,1,-0.609300,0
2019-08-27,sh.603369,29.5100,30.3800,29.4100,29.4400,29.3600,11246441,334589248.0000,3,0.896500,1,0.272500,0
2019-08-28,sh.603369,29.5400,30.0000,28.6300,29.4300,29.4400,9295202,272029725.0000,3,0.740900,1,-0.034000,0
2019-08-29,sh.603369,29.3100,29.4300,28.8000,29.0000,29.4300,7884861,229090854.0000,3,0.628500,1,-1.461100,0
2019-08-30,sh.603369,29.0000,31.4200,29.0000,29.7200,29.0000,13716301,411175641.0000,3,1.093400,1,2.482800,0
2019-09-02,sh.603369,29.6000,30.1000,28.9800,29.8900,29.7200,10494648,310607038.0000,3,0.836600,1,0.572000,0
2019-09-03,sh.603369,29.8500,30.6000,29.8100,30.4000,29.8900,9075658,274844683.0000,3,0.723400,1,1.706300,0
2019-09-04,sh.603369,30.4000,30.8000,29.8900,30.5700,30.4000,8647608,262483337.0000,3,0.689300,1,0.559200,0
2019-09-05,sh.603369,30.5700,31.2500,30.3000,30.3700,30.5700,8823453,270228950.0000,3,0.703300,1,-0.654200,0
2019-09-06,sh.603369,30.4000,30.5100,29.5100,30.0800,30.3700,8127478,243024631.0000,3,0.647900,1,-0.954900,0
2019-09-09,sh.603369,30.1100,30.3800,29.8000,29.9600,30.0800,10030280,301252487.0000,3,0.799500,1,-0.398900,0
2019-09-10,sh.603369,29.9500,30.3500,29.3500,29.9900,29.9600,9180651,274191845.0000,3,0.731800,1,0.100100,0
2019-09-11,sh.603369,30.0000,30.0000,28.5200,28.5600,29.9900,14473314,419124519.0000,3,1.153700,1,-4.768300,0
2019-09-12,sh.603369,28.5500,29.2500,28.5000,29.0900,28.5600,10039186,291329145.0000,3,0.800300,1,1.855700,0
2019-09-16,sh.603369,29.0900,29.3500,28.6800,28.9800,29.0900,5080553,147629198.0000,3,0.405000,1,-0.378100,0
2019-09-17,sh.603369,29.0000,29.4900,28.8400,29.0900,28.9800,5937984,173472014.0000,3,0.473300,1,0.379600,0
2019-09-18,sh.603369,29.0900,31.3400,29.0900,31.0000,29.0900,16718847,509066109.0000,3,1.332700,1,6.565800,0
2019-09-19,sh.603369,30.9300,32.6600,30.6000,32.1700,31.0000,15336190,483990145.0000,3,1.222500,1,3.774200,0
2019-09-20,sh.603369,31.8500,33.4500,31.8500,33.4100,32.1700,15712486,518576611.0000,3,1.252500,1,3.854500,0
2019-09-23,sh.603369,33.1900,33.3900,32.5000,33.1600,33.4100,8700477,287290821.0000,3,0.693500,1,-0.748300,0
2019-09-24,sh.603369,33.9100,34.5700,33.0700,33.9200,33.1600,13112227,444334943.0000,3,1.045200,1,2.291900,0
2019-09-25,sh.603369,33.4800,34.7900,33.0000,33.5800,33.9200,9106900,308304146.0000,3,0.725900,1,-1.002300,0
2019-09-26,sh.603369,33.9000,34.6100,32.7000,33.4200,33.5800,14176281,478129389.0000,3,1.130000,1,-0.476500,0
2019-09-27,sh.603369,33.4700,33.6800,32.1500,33.0300,33.4200,10456749,345437283.0000,3,0.833500,1,-1.167000,0
2019-09-30,sh.603369,33.2200,33.8200,32.2400,32.3200,33.0300,9157617,300622287.0000,3,0.730000,1,-2.149600,0
2019-10-08,sh.603369,32.5000,34.7300,32.5000,33.3000,32.3200,11776979,398763193.0000,3,0.938800,1,3.032200,0
2019-10-09,sh.603369,33.7900,33.8500,32.3100,32.7100,33.3000,8885015,291493906.0000,3,0.708300,1,-1.771800,0
2019-10-10,sh.603369,32.1600,32.9400,31.8200,32.7500,32.7100,8625268,280401813.0000,3,0.687500,1,0.122300,0
2019-10-11,sh.603369,32.8500,33.9200,32.4000,32.7500,32.7500,9527847,314349839.0000,3,0.759500,1,0.000000,0
2019-10-14,sh.603369,33.0500,33.1500,32.2400,32.5600,32.7500,8567887,278891128.0000,3,0.683000,1,-0.580100,0
2019-10-15,sh.603369,32.7600,33.3900,32.1200,33.1000,32.5600,13196819,434278948.0000,3,1.052000,1,1.658500,0
2019-10-16,sh.603369,32.5500,32.7600,31.9100,32.2900,33.1000,8313143,268540643.0000,3,0.662700,1,-2.447100,0
2019-10-17,sh.603369,32.3500,32.5200,31.8100,32.3300,32.2900,5398172,173496576.0000,3,0.430300,1,0.123900,0
2019-10-18,sh.603369,31.9300,31.9900,31.0900,31.3300,32.3300,7429422,234766083.0000,3,0.592200,1,-3.093100,0
2019-10-21,sh.603369,31.4300,32.0000,31.2200,31.6700,31.3300,4751583,150924428.0000,3,0.378800,1,1.085200,0
2019-10-22,sh.603369,31.4800,32.0600,31.4500,32.0000,31.6700,4405804,139954360.0000,3,0.351200,1,1.042000,0
2019-10-23,sh.603369,31.6000,32.3000,30.5800,30.8900,32.0000,8631086,269990579.0000,3,0.688000,1,-3.468800,0
2019-10-24,sh.603369,30.9000,31.0600,30.4000,30.6800,30.8900,6540104,200896801.0000,3,0.521300,1,-0.679800,0
2019-10-25,sh.603369,30.8300,31.0500,30.5000,31.0200,30.6800,4706084,144998007.0000,3,0.375100,1,1.108200,0
2019-10-28,sh.603369,30.9600,32.2000,30.8000,32.0400,31.0200,10245199,324225098.0000,3,0.816700,1,3.288200,0
2019-10-29,sh.603369,32.0300,32.9300,31.7700,32.7200,32.0400,7518369,244884436.0000,3,0.599300,1,2.122300,0
2019-10-30,sh.603369,32.7200,32.7300,32.1000,32.5900,32.7200,4717654,152988931.0000,3,0.376100,1,-0.397300,0
2019-10-31,sh.603369,33.2600,33.5500,30.8000,31.3000,32.5900,14168546,452932657.0000,3,1.129400,1,-3.958300,0
2019-11-01,sh.603369,31.3500,33.0000,31.0700,32.7000,31.3000,12584124,406681178.0000,3,1.003100,1,4.472800,0
2019-11-04,sh.603369,33.0700,33.4200,32.5700,32.8300,32.7000,7988643,262827913.0000,3,0.636800,1,0.397600,0
2019-11-05,sh.603369,32.9900,33.0400,32.4800,32.6600,32.8300,5858278,191964317.0000,3,0.467000,1,-0.517800,0
2019-11-06,sh.603369,32.7400,32.9300,31.8000,32.0000,32.6600,6256958,201092335.0000,3,0.498800,1,-2.020800,0
2019-11-07,sh.603369,32.1500,32.2500,31.8100,32.1500,32.0000,5281525,169361947.0000,3,0.421000,1,0.468800,0
2019-11-08,sh.603369,32.4300,33.2000,31.6200,31.7500,32.1500,10650621,343859456.0000,3,0.849000,1,-1.244200,0
2019-11-11,sh.603369,31.7100,32.0000,31.0500,31.2900,31.7500,5941129,186593375.0000,3,0.473600,1,-1.448800,0
2019-11-12,sh.603369,31.2100,31.4800,30.5200,31.1600,31.2900,4878091,151353170.0000,3,0.388800,1,-0.415500,0
2019-11-13,sh.603369,31.3500,31.5200,30.4000,30.7200,31.1600,7088246,218468240.0000,3,0.565000,1,-1.412100,0
2019-11-14,sh.603369,30.9800,31.6000,30.5100,31.1900,30.7200,8414160,261314441.0000,3,0.670700,1,1.530000,0
2019-11-15,sh.603369,31.1400,31.3700,30.8000,31.0200,31.1900,4262373,132479439.0000,3,0.339800,1,-0.545000,0
2019-11-18,sh.603369,30.8300,31.2900,30.5000,31.0000,31.0200,5015573,154969581.0000,3,0.399800,1,-0.064500,0
2019-11-19,sh.603369,31.0900,31.2800,30.9100,31.2800,31.0000,5072188,157903679.0000,3,0.404300,1,0.903200,0
2019-11-20,sh.603369,31.3500,32.3500,31.2800,31.4300,31.2800,7699368,244497755.0000,3,0.613700,1,0.479500,0
2019-11-21,sh.603369,31.4000,31.4200,30.7400,30.9000,31.4300,4514580,139657705.0000,3,0.359900,1,-1.686300,0
2019-11-22,sh.603369,31.0200,31.0500,29.1900,29.5400,30.9000,12288206,366966484.0000,3,0.979500,1,-4.401300,0
2019-11-25,sh.603369,29.4800,29.7000,28.8600,29.5900,29.5400,7587688,221365319.0000,3,0.604800,1,0.169300,0
2019-11-26,sh.603369,29.6600,30.0000,29.6300,30.0000,29.5900,11518471,343961766.0000,3,0.918200,1,1.385600,0
2019-11-27,sh.603369,29.9800,31.0700,29.7100,30.8400,30.0000,9603359,294865668.0000,3,0.765500,1,2.800000,0
2019-11-28,sh.603369,31.0000,31.0700,30.1000,30.2700,30.8400,5211357,159113295.0000,3,0.415400,1,-1.848200,0
2019-11-29,sh.603369,30.0700,30.4800,29.5900,30.1800,30.2700,5245476,157380730.0000,3,0.418100,1,-0.297300,0
2019-12-02,sh.603369,29.9500,30.8800,29.9500,30.5800,30.1800,5441278,166693320.0000,3,0.433700,1,1.325400,0
2019-12-03,sh.603369,30.3400,30.6000,29.7400,30.3100,30.5800,4703435,141720341.0000,3,0.374900,1,-0.882900,0
2019-12-04,sh.603369,30.5500,30.8900,30.1100,30.3100,30.3100,4308702,131016882.0000,3,0.343500,1,0.000000,0
2019-12-05,sh.603369,30.0600,30.4600,30.0600,30.3600,30.3100,4676113,141702078.0000,3,0.372700,1,0.165000,0
2019-12-06,sh.603369,30.3600,30.9900,30.1300,30.9800,30.3600,6937851,213573049.0000,3,0.553000,1,2.042200,0
2019-12-09,sh.603369,30.9800,31.5600,30.9100,31.3400,30.9800,7803808,244109652.0000,3,0.622100,1,1.162000,0
2019-12-10,sh.603369,31.1900,31.3200,30.7200,30.8400,31.3400,6488960,200564573.0000,3,0.517300,1,-1.595400,0
2019-12-11,sh.603369,30.8400,30.9000,29.7600,30.2400,30.8400,9994663,300240196.0000,3,0.796700,1,-1.945500,0
2019-12-12,sh.603369,30.2600,30.2600,29.7800,30.1000,30.2400,5153211,154615629.0000,3,0.410800,1,-0.463000,0
2019-12-13,sh.603369,30.2000,30.8000,30.1600,30.8000,30.1000,10544046,321489898.0000,3,0.840500,1,2.325600,0
2019-12-16,sh.603369,30.8000,30.8600,29.8900,30.3000,30.8000,10394822,312904791.0000,3,0.828600,1,-1.623400,0
2019-12-17,sh.603369,30.4000,30.4000,29.8100,30.0300,30.3000,12542869,376019071.0000,3,0.999800,1,-0.891100,0
2019-12-18,sh.603369,29.8800,30.2000,29.7800,29.8800,30.0300,8150556,244313080.0000,3,0.649700,1,-0.499500,0
2019-12-19,sh.603369,29.8000,29.8800,28.7800,29.1900,29.8800,12962436,378554452.0000,3,1.033300,1,-2.309200,0
2019-12-20,sh.603369,29.2500,29.4500,29.1000,29.3000,29.1900,5455318,159784450.0000,3,0.434900,1,0.376800,0
2019-12-23,sh.603369,28.8000,29.3500,28.5100,28.9900,29.3000,6093344,176735606.0000,3,0.485700,1,-1.058000,0
2019-12-24,sh.603369,29.0000,29.4500,29.0000,29.4200,28.9900,5479830,160631228.0000,3,0.436800,1,1.483300,0
2019-12-25,sh.603369,29.4200,29.6500,29.1100,29.4100,29.4200,4884614,143616895.0000,3,0.389400,1,-0.034000,0
2019-12-26,sh.603369,29.4500,29.6700,29.2600,29.5000,29.4100,3946956,116417672.0000,3,0.314600,1,0.306000,0
2019-12-27,sh.603369,29.6500,29.9600,29.5700,29.6400,29.5000,6724222,200329143.0000,3,0.536000,1,0.474600,0
2019-12-30,sh.603369,29.8800,32.5500,29.8800,32.3100,29.6400,22721401,715132101.0000,3,1.811200,1,9.008100,0
2019-12-31,sh.603369,32.6000,32.8500,31.9400,32.7200,32.3100,14626923,475028849.0000,3,1.166000,1,1.269000,0
2020-01-02,sh.603369,32.5600,33.0500,31.2100,32.2000,32.7200,13983734,452998594.0000,3,1.114700,1,-1.589200,0
2020-01-03,sh.603369,32.2400,32.4800,31.8000,32.3000,32.2000,6695789,215442050.0000,3,0.533700,1,0.310600,0
2020-01-06,sh.603369,32.0300,32.9300,31.8100,32.6000,32.3000,8011712,260684850.0000,3,0.638600,1,0.928800,0
2020-01-07,sh.603369,32.7700,32.7800,32.3000,32.6200,32.6000,4278209,139199372.0000,3,0.341000,1,0.061400,0
2020-01-08,sh.603369,32.6600,33.6000,32.2700,32.9700,32.6200,10356469,343208030.0000,3,0.825500,1,1.073000,0
2020-01-09,sh.603369,32.9700,34.9700,32.9700,34.4100,32.9700,10596625,364202589.0000,3,0.844700,1,4.367600,0
2020-01-10,sh.603369,34.6500,35.8100,34.3000,35.0100,34.4100,12455779,435716770.0000,3,0.992900,1,1.743700,0
2020-01-13,sh.603369,34.9900,36.2900,34.8000,35.8100,35.0100,10151011,362570280.0000,3,0.809200,1,2.285100,0
2020-01-14,sh.603369,35.6000,35.6500,34.8000,35.0000,35.8100,7387702,259106898.0000,3,0.588900,1,-2.261900,0
2020-01-15,sh.603369,35.0900,36.0100,34.6300,35.0200,35.0000,7495411,263112703.0000,3,0.597500,1,0.057100,0
2020-01-16,sh.603369,35.5500,35.5700,34.5500,35.0000,35.0200,6657753,232305493.0000,3,0.530700,1,-0.057100,0
2020-01-17,sh.603369,35.5000,35.5000,34.5000,34.6000,35.0000,4231765,147220246.0000,3,0.337300,1,-1.142900,0
2020-01-20,sh.603369,34.6000,34.6500,33.7700,34.4100,34.6000,9232299,314914983.0000,3,0.735900,1,-0.549100,0
2020-01-21,sh.603369,34.1300,34.3800,33.0400,33.1100,34.4100,8994951,300079572.0000,3,0.717000,1,-3.778000,0
2020-01-22,sh.603369,32.7000,33.0700,32.2400,32.7700,33.1100,6921830,226514418.0000,3,0.551800,1,-1.026900,0
2020-01-23,sh.603369,32.7900,33.2800,30.5800,30.8600,32.7700,11167948,351771265.0000,3,0.890200,1,-5.828500,0
2020-02-03,sh.603369,27.7700,28.0000,27.7700,27.7700,30.8600,7099001,197231817.0000,3,0.565900,1,-10.013000,0
2020-02-04,sh.603369,27.0000,27.7000,26.0000,27.2600,27.7700,27519830,741023772.0000,3,2.193700,1,-1.836500,0
2020-02-05,sh.603369,27.3500,27.6900,26.8100,27.2400,27.2600,20818027,568008193.0000,3,1.659500,1,-0.073400,0
2020-02-06,sh.603369,27.5200,27.6500,26.7000,27.5700,27.2400,14049172,382932264.0000,3,1.119900,1,1.211500,0
2020-02-07,sh.603369,27.6700,28.6900,27.1700,28.5800,27.5700,13599721,380727428.0000,3,1.084100,1,3.663400,0
2020-02-10,sh.603369,28.2000,29.6300,27.8000,29.1500,28.5800,11142075,322112208.0000,3,0.888200,1,1.994400,0
2020-02-11,sh.603369,29.0300,30.2500,28.8000,29.7700,29.1500,10601487,316041515.0000,3,0.845100,1,2.126900,0
2020-02-12,sh.603369,29.5000,30.1500,29.5000,29.9100,29.7700,8735518,261217719.0000,3,0.696300,1,0.470300,0
2020-02-13,sh.603369,29.7000,30.8400,29.7000,30.3700,29.9100,8192106,249179331.0000,3,0.653000,1,1.538000,0
2020-02-14,sh.603369,30.4000,31.0000,30.0000,30.3500,30.3700,6083222,185428222.0000,3,0.484900,1,-0.065900,0
2020-02-17,sh.603369,30.1900,30.3500,29.6900,30.2700,30.3500,11353545,340051745.0000,3,0.905000,1,-0.263600,0
2020-02-18,sh.603369,30.1000,30.1900,29.5600,29.6900,30.2700,10872437,322974202.0000,3,0.866700,1,-1.916100,0
2020-02-19,sh.603369,29.6600,30.2500,29.2300,29.8900,29.6900,11451256,342665722.0000,3,0.912800,1,0.673600,0
2020-02-20,sh.603369,29.9600,32.0200,29.9600,31.9700,29.8900,20929076,656650054.0000,3,1.668300,1,6.958800,0
2020-02-21,sh.603369,31.8800,33.0400,31.2700,32.8500,31.9700,13305157,429161520.0000,3,1.060600,1,2.752600,0
2020-02-24,sh.603369,32.5100,32.6000,31.2900,31.7400,32.8500,18198200,576524916.0000,3,1.450600,1,-3.379000,0
2020-02-25,sh.603369,30.9600,32.2900,30.5000,31.9000,31.7400,12676574,402323498.0000,3,1.010500,1,0.504100,0
2020-02-26,sh.603369,31.6000,32.7000,31.2800,31.5900,31.9000,9400932,299740464.0000,3,0.749400,1,-0.971800,0
2020-02-27,sh.603369,31.4000,32.1900,31.4000,31.7700,31.5900,7510611,239295078.0000,3,0.598700,1,0.569800,0
2020-02-28,sh.603369,30.9000,31.1400,29.4500,29.5000,31.7700,14949030,450196643.0000,3,1.191600,1,-7.145100,0
2020-03-02,sh.603369,29.8000,30.3000,29.6500,30.1900,29.5000,10345164,310527978.0000,3,0.824600,1,2.339000,0
2020-03-03,sh.603369,30.5800,30.9800,30.1000,30.3000,30.1900,9888655,300875716.0000,3,0.788300,1,0.364400,0
2020-03-04,sh.603369,30.1100,31.1800,29.8500,30.6800,30.3000,7343342,223750568.0000,3,0.585400,1,1.254100,0
2020-03-05,sh.603369,30.8900,32.9900,30.8300,32.5500,30.6800,17974332,578496281.0000,3,1.432800,1,6.095200,0
2020-03-06,sh.603369,32.2300,33.7400,32.1000,32.3000,32.5500,16722517,549153325.0000,3,1.333000,1,-0.768000,0
2020-03-09,sh.603369,31.6500,31.7400,30.6200,30.8000,32.3000,9528518,296808106.0000,3,0.759500,1,-4.644000,0
2020-03-10,sh.603369,30.4200,32.5900,30.4200,32.3800,30.8000,10892102,344976298.0000,3,0.868200,1,5.129900,0
2020-03-11,sh.603369,32.3300,33.5000,32.0700,32.4100,32.3800,13297210,435137787.0000,3,1.060000,1,0.092600,0
2020-03-12,sh.603369,31.9500,32.3000,31.3300,31.7400,32.4100,8832821,281035123.0000,3,0.704100,1,-2.067300,0
2020-03-13,sh.603369,30.2000,31.3500,30.1500,30.9300,31.7400,9005140,277369243.0000,3,0.717800,1,-2.552000,0
2020-03-16,sh.603369,31.1900,31.6300,29.5500,29.6200,30.9300,8329478,254997885.0000,3,0.664000,1,-4.235400,0
2020-03-17,sh.603369,29.6000,30.3000,28.2300,29.4900,29.6200,11399823,334721806.0000,3,0.908700,1,-0.438900,0
2020-03-18,sh.603369,29.7000,30.2600,28.2700,28.4000,29.4900,10401178,302624753.0000,3,0.829100,1,-3.696200,0
2020-03-19,sh.603369,27.8400,27.9900,25.5600,26.2800,28.4000,24048964,631258686.0000,3,1.917000,1,-7.464800,0
2020-03-20,sh.603369,26.5300,27.1000,26.2500,26.9000,26.2800,12313361,328852191.0000,3,0.981500,1,2.359200,0
2020-03-23,sh.603369,25.8000,26.2000,24.8000,25.0000,26.9000,14868419,376801521.0000,3,1.185200,1,-7.063200,0
2020-03-24,sh.603369,25.5200,26.5500,25.1300,26.4300,25.0000,17095785,443684119.0000,3,1.362800,1,5.720000,0
2020-03-25,sh.603369,27.1100,28.0600,26.8600,27.7200,26.4300,13449008,368846960.0000,3,1.072100,1,4.880800,0
2020-03-26,sh.603369,27.5000,28.6800,27.2700,27.6900,27.7200,10129710,284349818.0000,3,0.807500,1,-0.108200,0
2020-03-27,sh.603369,28.1000,28.8700,28.1000,28.4900,27.6900,9739503,278148621.0000,3,0.776400,1,2.889100,0
2020-03-30,sh.603369,28.0000,28.8000,27.6900,28.0600,28.4900,5095523,143247231.0000,3,0.406200,1,-1.509300,0
2020-03-31,sh.603369,28.4300,28.7900,27.9700,28.1500,28.0600,6374779,180034739.0000,3,0.508200,1,0.320700,0
2020-04-01,sh.603369,28.1100,28.5100,27.5700,27.7600,28.1500,6620102,184956322.0000,3,0.527700,1,-1.385400,0
2020-04-02,sh.603369,27.5200,28.0000,27.4300,27.7900,27.7600,9908284,273367178.0000,3,0.789800,1,0.108100,0
2020-04-03,sh.603369,27.5500,28.0600,27.1200,27.2600,27.7900,5608701,154344012.0000,3,0.447100,1,-1.907200,0
2020-04-07,sh.603369,27.7400,28.3700,27.7400,28.1000,27.2600,9438156,264983007.0000,3,0.752300,1,3.081400,0
2020-04-08,sh.603369,28.0000,28.5100,27.8600,28.2600,28.1000,6188185,174833260.0000,3,0.493300,1,0.569400,0
2020-04-09,sh.603369,28.3700,29.1200,28.3700,28.8800,28.2600,7467087,215309032.0000,3,0.595200,1,2.193900,0
2020-04-10,sh.603369,28.7200,30.2000,28.6800,29.3500,28.8800,9337488,275908946.0000,3,0.744300,1,1.627400,0
2020-04-13,sh.603369,28.5400,29.6600,28.4000,29.1200,29.3500,7139705,207934029.0000,3,0.569100,1,-0.783600,0
2020-04-14,sh.603369,29.1200,29.6100,28.6400,29.3700,29.1200,7582900,220832363.0000,3,0.604500,1,0.858500,0
2020-04-15,sh.603369,29.3700,29.8000,28.9100,29.3200,29.3700,7099004,208915650.0000,3,0.565900,1,-0.170200,0
2020-04-16,sh.603369,29.3600,29.3800,28.0000,28.1800,29.3200,12855162,364512074.0000,3,1.024700,1,-3.888100,0
2020-04-17,sh.603369,28.3600,29.4100,28.2000,28.7200,28.1800,11376448,328528632.0000,3,0.906900,1,1.916200,0
2020-04-20,sh.603369,28.7600,29.6800,28.7200,29.5600,28.7200,9582346,281468843.0000,3,0.763800,1,2.924800,0
2020-04-21,sh.603369,29.5500,29.7000,28.3600,28.6700,29.5600,8048886,231095891.0000,3,0.641600,1,-3.010800,0
2020-04-22,sh.603369,28.6100,29.3300,28.2400,29.1700,28.6700,8780433,253900001.0000,3,0.699900,1,1.744000,0
2020-04-23,sh.603369,29.2000,29.6200,28.6800,28.7700,29.1700,8101276,235401188.0000,3,0.645800,1,-1.371300,0
2020-04-24,sh.603369,31.6400,31.6500,30.4800,31.6500,28.7700,33372090,1051509166.0000,3,2.660200,1,10.010400,0
2020-04-27,sh.603369,31.4700,32.7500,31.1100,32.3300,31.6500,18266618,581915552.0000,3,1.456100,1,2.148500,0
2020-04-28,sh.603369,32.4000,33.6800,31.5100,33.0800,32.3300,17418371,570739568.0000,3,1.388500,1,2.319800,0
2020-04-29,sh.603369,32.6000,33.1000,32.0000,32.2900,33.0800,12771953,415221401.0000,3,1.018100,1,-2.388200,0
2020-04-30,sh.603369,32.5400,32.6200,31.4400,32.6000,32.2900,7648082,245078183.0000,3,0.609700,1,0.960000,0
2020-05-06,sh.603369,32.1800,33.0000,31.9500,32.7300,32.6000,9864647,319876348.0000,3,0.786300,1,0.398800,0
2020-05-07,sh.603369,32.5500,33.5000,32.0900,32.7200,32.7300,11005089,359949808.0000,3,0.877200,1,-0.030500,0
2020-05-08,sh.603369,32.9500,35.4000,32.5500,34.2000,32.7200,14810320,502538534.0000,3,1.180600,1,4.523200,0
2020-05-11,sh.603369,34.6700,36.0600,34.4300,35.4000,34.2000,12762793,451640403.0000,3,1.017400,1,3.508800,0
2020-05-12,sh.603369,35.0700,35.8500,34.9100,35.4600,35.4000,6877174,243219544.0000,3,0.548200,1,0.169500,0
2020-05-13,sh.603369,35.4600,37.0500,35.1300,36.4000,35.4600,11200558,406204744.0000,3,0.892800,1,2.650900,0
2020-05-14,sh.603369,36.1600,36.6500,35.7800,35.9500,36.4000,7380118,267248399.0000,3,0.588300,1,-1.236300,0
2020-05-15,sh.603369,36.3900,36.4600,34.9600,35.8600,35.9500,8871220,314891995.0000,3,0.707200,1,-0.250300,0
2020-05-18,sh.603369,35.5700,37.8400,35.5700,37.1400,35.8600,13254176,487936685.0000,3,1.056500,1,3.569400,0
2020-05-19,sh.603369,37.6300,37.7000,37.0100,37.5100,37.1400,5482921,204797863.0000,3,0.437100,1,0.996200,0
2020-05-20,sh.603369,37.2300,37.4900,36.5900,36.9800,37.5100,8544826,316700062.0000,3,0.681100,1,-1.413000,0
2020-05-21,sh.603369,37.0200,38.0000,36.6000,37.3800,36.9800,6465493,241853243.0000,3,0.515400,1,1.081700,0
2020-05-22,sh.603369,37.4500,37.4500,35.6100,36.0600,37.3800,10189166,369120672.0000,3,0.812200,1,-3.531300,0
2020-05-25,sh.603369,36.2200,36.4900,35.4500,36.0500,36.0600,8928653,320544283.0000,3,0.711700,1,-0.027700,0
2020-05-26,sh.603369,36.2100,37.4500,35.6400,36.8800,36.0500,7276022,267668194.0000,3,0.580000,1,2.302400,0
2020-05-27,sh.603369,36.8700,36.8800,35.5000,35.8000,36.8800,6988181,251917275.0000,3,0.557000,1,-2.928400,0
2020-05-28,sh.603369,35.8200,37.0800,35.6100,36.2700,35.8000,6111694,221383153.0000,3,0.487200,1,1.312900,0
2020-05-29,sh.603369,36.1200,36.8800,35.9300,36.6600,36.2700,5247267,191540038.0000,3,0.418300,1,1.075300,0
2020-06-01,sh.603369,37.0000,38.5900,36.8400,37.6700,36.6600,11138130,420925354.0000,3,0.887900,1,2.755000,0
2020-06-02,sh.603369,37.7000,38.2000,36.7000,36.9400,37.6700,7822414,291933864.0000,3,0.623500,1,-1.937900,0
2020-06-03,sh.603369,37.1000,37.3500,36.1000,36.5500,36.9400,7604763,277909077.0000,3,0.606200,1,-1.055800,0
2020-06-04,sh.603369,36.5000,37.4500,36.2000,37.2400,36.5500,5625752,208595450.0000,3,0.448400,1,1.887800,0
2020-06-05,sh.603369,37.3600,38.5300,36.5000,37.8200,37.2400,7736475,291487746.0000,3,0.616700,1,1.557500,0
2020-06-08,sh.603369,38.3600,39.5000,37.8500,38.3600,37.8200,7961906,307087495.0000,3,0.634700,1,1.427800,0
2020-06-09,sh.603369,38.1500,39.1400,38.0500,38.7600,38.3600,5278858,204079281.0000,3,0.420800,1,1.042700,0
2020-06-10,sh.603369,38.7700,39.4000,38.3800,39.2800,38.7600,6380340,248946188.0000,3,0.508600,1,1.341600,0
2020-06-11,sh.603369,39.0800,39.6600,37.5000,37.9500,39.2800,11744461,451081940.0000,3,0.936200,1,-3.385900,0
2020-06-12,sh.603369,37.0000,39.1500,36.3100,37.4100,37.9500,15441536,589997810.0000,3,1.230900,1,-1.422900,0
2020-06-15,sh.603369,38.3600,38.5400,36.7000,37.0400,37.4100,11207620,419873217.0000,3,0.893400,1,-0.989000,0
2020-06-16,sh.603369,37.4000,38.1000,37.2600,37.7500,37.0400,6428991,242310372.0000,3,0.512500,1,1.916800,0
2020-06-17,sh.603369,37.8100,38.0600,36.7000,37.0000,37.7500,7681553,284470300.0000,3,0.612300,1,-1.986800,0
2020-06-18,sh.603369,37.0100,37.2800,36.4600,36.7000,37.0000,5724826,210024754.0000,3,0.456300,1,-0.810800,0
2020-06-19,sh.603369,37.0000,37.8400,36.7000,37.2900,36.7000,9034392,337888123.0000,3,0.720200,1,1.607600,0
2020-06-22,sh.603369,37.6000,37.7200,36.2500,36.8400,37.2900,7480979,274743289.0000,3,0.596300,1,-1.206800,0
2020-06-23,sh.603369,36.8900,38.8000,36.7000,38.4900,36.8400,13035360,495088905.0000,3,1.039100,1,4.478800,0
2020-06-24,sh.603369,38.1800,38.9700,37.8900,38.0100,38.0800,11683509,447030283.0000,3,0.931300,1,-0.183800,0
2020-06-29,sh.603369,38.1700,39.3800,38.0000,39.1000,38.0100,9348369,363157263.0000,3,0.745200,1,2.867700,0
2020-06-30,sh.603369,39.2200,39.9800,38.8500,39.7900,39.1000,9208323,361289674.0000,3,0.734000,1,1.764700,0
2020-07-01,sh.603369,39.9800,43.2900,39.6500,42.6500,39.7900,11516941,480897054.0000,3,0.918100,1,7.187700,0
2020-07-02,sh.603369,42.0000,43.7800,41.4100,42.3600,42.6500,18245845,776805093.0000,3,1.454400,1,-0.680000,0
2020-07-03,sh.603369,42.3600,42.3800,39.8500,41.6300,42.3600,13423751,551952265.0000,3,1.070000,1,-1.723300,0
2020-07-06,sh.603369,41.1000,42.3400,40.0300,41.3000,41.6300,18576644,766050189.0000,3,1.480800,1,-0.792700,0
2020-07-07,sh.603369,41.2000,43.5000,41.0000,43.1000,41.3000,14105278,603038708.0000,3,1.124400,1,4.358400,0
2020-07-08,sh.603369,42.8100,43.9600,42.2600,43.3700,43.1000,10185582,439048985.0000,3,0.811900,1,0.626500,0
2020-07-09,sh.603369,43.1000,44.1800,42.8700,44.1800,43.3700,8914809,389189866.0000,3,0.710600,1,1.867700,0
2020-07-10,sh.603369,44.0900,46.3000,43.3700,45.6600,44.1800,9021140,407387746.0000,3,0.719100,1,3.349900,0
2020-07-13,sh.603369,45.4700,49.6800,45.0500,47.9900,45.6600,11659202,559702009.0000,3,0.929400,1,5.102900,0
2020-07-14,sh.603369,47.3000,49.5000,47.1000,49.0600,47.9900,10997489,532962849.0000,3,0.876600,1,2.229600,0
2020-07-15,sh.603369,48.7900,50.5300,48.5100,49.7100,49.0600,11711796,580588657.0000,3,0.933600,1,1.324900,0
2020-07-16,sh.603369,48.8800,48.8800,44.7400,44.9500,49.7100,14152270,663071391.0000,3,1.128100,1,-9.575500,0
2020-07-17,sh.603369,43.7000,46.7800,43.5000,45.8000,44.9500,14498922,656526274.0000,3,1.155800,1,1.891000,0
2020-07-20,sh.603369,45.5900,45.9000,41.5700,44.3000,45.8000,13739286,596852852.0000,3,1.095200,1,-3.275100,0
2020-07-21,sh.603369,44.4100,46.4400,44.1000,45.0900,44.3000,13323221,604091993.7600,3,1.062000,1,1.783300,0
2020-07-22,sh.603369,44.5000,46.1000,43.7700,44.7800,45.0900,12083022,544849937.3100,3,0.963200,1,-0.687500,0
2020-07-23,sh.603369,44.7700,45.4700,43.4500,44.4000,44.7800,10044378,444611410.8200,3,0.800700,1,-0.848600,0
2020-07-24,sh.603369,44.1500,44.1500,41.1400,41.9000,44.4000,10632130,453077807.1000,3,0.847500,1,-5.630600,0
2020-07-27,sh.603369,41.9500,42.8900,41.4900,41.9500,41.9000,12348924,520655822.8400,3,0.984400,1,0.119300,0
2020-07-28,sh.603369,42.5500,44.4800,42.1000,43.3000,41.9500,10948849,475755148.3400,3,0.872800,1,3.218100,0
2020-07-29,sh.603369,43.8800,44.3100,42.4000,44.2000,43.3000,7850723,342572815.1700,3,0.625800,1,2.078500,0
2020-07-30,sh.603369,44.5500,45.2500,43.6500,43.9600,44.2000,8644957,382473669.2200,3,0.689100,1,-0.543000,0
2020-07-31,sh.603369,43.9600,44.5600,42.8400,43.4700,43.9600,7111251,310470957.7400,3,0.566900,1,-1.114600,0
2020-08-03,sh.603369,43.8600,44.6000,43.4100,44.4700,43.4700,8962778,395329612.8500,3,0.714500,1,2.300400,0
2020-08-04,sh.603369,44.9100,44.9900,43.3600,43.9000,44.4700,8032462,353657430.2400,3,0.640300,1,-1.281800,0
2020-08-05,sh.603369,43.8200,44.2500,43.2100,43.7300,43.9000,5932122,259368959.2600,3,0.472900,1,-0.387200,0
2020-08-06,sh.603369,43.4000,43.7800,42.1300,42.6500,43.7300,7274242,310499427.3800,3,0.579900,1,-2.469700,0
2020-08-07,sh.603369,43.1800,43.4200,40.0000,42.3800,42.6500,9184726,387354265.5800,3,0.732100,1,-0.633100,0
2020-08-10,sh.603369,42.7200,43.6500,41.7000,43.4000,42.3800,10892569,466682840.8400,3,0.868300,1,2.406800,0
2020-08-11,sh.603369,43.8600,45.7600,43.1000,44.6600,43.4000,17035657,765033289.8100,3,1.358000,1,2.903200,0
2020-08-12,sh.603369,44.1800,44.6500,42.1800,43.4300,44.6600,11777697,507355826.8300,3,0.938800,1,-2.754100,0
2020-08-13,sh.603369,43.4400,47.0000,43.4400,45.9900,43.4300,20881160,952519229.3800,3,1.664500,1,5.894500,0
2020-08-14,sh.603369,46.0300,49.5000,45.7500,49.1100,45.9900,14255046,689110416.5400,3,1.136300,1,6.784100,0
2020-08-17,sh.603369,48.8500,51.3000,48.0000,48.4300,49.1100,18319727,901250670.7200,3,1.460300,1,-1.384600,0
2020-08-18,sh.603369,48.4200,48.5400,47.1500,47.6000,48.4300,14452372,688919711.3800,3,1.152000,1,-1.713800,0
2020-08-19,sh.603369,47.0100,48.3800,46.4100,47.1800,47.6000,15617289,739493496.7200,3,1.244900,1,-0.882400,0
2020-08-20,sh.603369,46.8000,48.1500,45.5200,47.0300,47.1800,13430172,628819297.8600,3,1.070600,1,-0.317900,0
2020-08-21,sh.603369,47.0600,47.8000,46.5000,46.9800,47.0300,11951499,562950420.5100,3,0.952700,1,-0.106300,0
2020-08-24,sh.603369,47.1300,48.6300,47.0000,48.0200,46.9800,9098370,436041637.5600,3,0.725300,1,2.213700,0
2020-08-25,sh.603369,48.0100,51.0000,47.7500,49.7500,48.0200,14853871,738755354.4300,3,1.184000,1,3.602700,0
2020-08-26,sh.603369,49.4400,51.8600,48.9000,50.3600,49.7500,12312246,618439208.8300,3,0.981400,1,1.226100,0
2020-08-27,sh.603369,50.0000,50.6000,49.0000,50.3900,50.3600,6703602,334810020.6600,3,0.534400,1,0.059600,0
2020-08-28,sh.603369,50.3000,54.8000,49.9200,53.7300,50.3900,12462385,656159159.8600,3,0.993400,1,6.628300,0
2020-08-31,sh.603369,53.5000,56.9000,53.0500,54.4800,53.7300,11704681,645831657.7100,3,0.933000,1,1.395900,0
2020-09-01,sh.603369,54.4500,55.2000,52.4700,53.6100,54.4800,10835147,579948251.6200,3,0.863700,1,-1.596900,0
2020-09-02,sh.603369,54.2700,54.6800,52.5000,52.7200,53.6100,9248313,492911029.2800,3,0.737200,1,-1.660100,0
2020-09-03,sh.603369,52.6900,54.2900,51.7100,52.9000,52.7200,10036759,533144927.7100,3,0.800100,1,0.341400,0
2020-09-04,sh.603369,51.3500,51.5600,49.4600,50.8000,52.9000,12402468,625712532.6600,3,0.988600,1,-3.969800,0
2020-09-07,sh.603369,51.0100,51.7500,49.6000,49.8100,50.8000,7388185,374780117.2500,3,0.588900,1,-1.948800,0
2020-09-08,sh.603369,49.8100,50.5100,48.0500,49.4700,49.8100,8425611,415854575.5200,3,0.671600,1,-0.682600,0
2020-09-09,sh.603369,49.1900,49.4500,47.4800,47.8500,49.4700,9153367,439726844.3800,3,0.729600,1,-3.274700,0
2020-09-10,sh.603369,48.2900,50.4500,48.0000,48.2400,47.8500,10000034,489976569.9700,3,0.797100,1,0.815000,0
2020-09-11,sh.603369,48.0000,49.4700,47.6100,49.1200,48.2400,8288759,404138729.6100,3,0.660700,1,1.824200,0
2020-09-14,sh.603369,49.4800,49.6100,47.5600,48.4100,49.1200,10747325,521182920.1700,3,0.856700,1,-1.445400,0
2020-09-15,sh.603369,48.1000,48.8600,47.7800,48.4800,48.4100,8577597,413003054.3200,3,0.683700,1,0.144600,0
2020-09-16,sh.603369,48.3700,49.2200,46.9900,47.4000,48.4800,7930450,378691746.0200,3,0.632200,1,-2.227700,0
2020-09-17,sh.603369,47.0300,47.3000,45.5000,46.2900,47.4000,12700455,587564806.2400,3,1.012400,1,-2.341800,0
2020-09-18,sh.603369,46.5500,46.9200,45.4300,46.9000,46.2900,8020136,371815946.1300,3,0.639300,1,1.317800,0
2020-09-21,sh.603369,47.0000,47.0900,45.5500,45.6300,46.9000,6828864,313467592.0700,3,0.544300,1,-2.707900,0
2020-09-22,sh.603369,45.3500,45.8600,44.2800,44.4400,45.6300,8925669,401838867.4600,3,0.711500,1,-2.607900,0
2020-09-23,sh.603369,44.1000,45.1900,43.1600,44.7800,44.4400,9277254,411600289.5200,3,0.739500,1,0.765100,0
2020-09-24,sh.603369,44.6300,45.1500,43.3000,43.5000,44.7800,7287629,319976340.5300,3,0.580900,1,-2.858400,0
2020-09-25,sh.603369,43.8500,44.4400,43.5000,43.6000,43.5000,5735603,252036584.0100,3,0.457200,1,0.229900,0
2020-09-28,sh.603369,44.0200,44.5800,43.1200,43.2700,43.6000,7284998,318605307.5700,3,0.580700,1,-0.756900,0
2020-09-29,sh.603369,43.6000,44.6700,43.1000,44.4600,43.2700,7036186,310203729.1200,3,0.560900,1,2.750200,0
2020-09-30,sh.603369,44.0000,45.2500,43.8300,44.4200,44.4600,9684906,432676850.0000,3,0.772000,1,-0.090000,0
2020-10-09,sh.603369,45.1600,46.0000,44.0500,44.6700,44.4200,7949462,356040759.9300,3,0.633700,1,0.562800,0
2020-10-12,sh.603369,44.6800,47.7700,44.6800,47.7700,44.6700,13065158,608604031.6800,3,1.041500,1,6.939800,0
2020-10-13,sh.603369,47.6300,50.8400,46.8000,48.5500,47.7700,13036478,638023139.1400,3,1.039200,1,1.632800,0
2020-10-14,sh.603369,49.0800,49.7000,47.8500,48.3500,48.5500,8453044,411683264.5100,3,0.673800,1,-0.411900,0
2020-10-15,sh.603369,48.4500,49.6000,48.3100,49.2600,48.3500,7777034,381756423.6300,3,0.619900,1,1.882100,0
2020-10-16,sh.603369,49.7300,51.0100,48.4100,48.8400,49.2600,9865382,487607769.6200,3,0.786400,1,-0.852600,0
2020-10-19,sh.603369,48.6200,49.2000,46.9700,47.1000,48.8400,11002438,525435752.7300,3,0.877000,1,-3.562700,0
2020-10-20,sh.603369,47.2900,50.1700,47.0100,49.7000,47.1000,12629299,620442595.3300,3,1.006700,1,5.520200,0
2020-10-21,sh.603369,50.0300,52.0000,49.8000,51.9600,49.7000,14950185,763795110.6500,3,1.191700,1,4.547300,0
2020-10-22,sh.603369,51.9600,53.5000,51.3300,52.7400,51.9600,14363846,753460242.4900,3,1.145000,1,1.501200,0
2020-10-23,sh.603369,52.5600,52.5800,49.8000,49.8000,52.7400,10407643,531800093.8400,3,0.829600,1,-5.574500,0
2020-10-26,sh.603369,49.7100,49.7900,47.1400,48.7800,49.8000,8354201,405660589.0400,3,0.665900,1,-2.048200,0
2020-10-27,sh.603369,48.6200,50.9800,48.3200,50.5600,48.7800,8379848,418348916.0600,3,0.668000,1,3.649000,0
2020-10-28,sh.603369,50.5600,52.5000,50.2000,51.7900,50.5600,10295274,532670799.2700,3,0.820700,1,2.432800,0
2020-10-29,sh.603369,51.0000,54.9900,50.6800,53.3100,51.7900,14735701,791134233.6400,3,1.174600,1,2.934900,0
2020-10-30,sh.603369,53.4900,53.9900,51.5100,51.8500,53.3100,12316315,647521674.8900,3,0.981800,1,-2.738700,0
2020-11-02,sh.603369,50.3100,51.8700,49.6200,50.6600,51.8500,16567468,839807761.9300,3,1.320600,1,-2.295100,0
2020-11-03,sh.603369,50.9400,52.6700,49.8400,50.5800,50.6600,15225839,777371688.5200,3,1.213700,1,-0.157900,0
2020-11-04,sh.603369,50.5000,50.8000,48.2900,49.1800,50.5800,17605749,865543003.5500,3,1.403400,1,-2.767900,0
2020-11-05,sh.603369,49.3000,51.1900,48.6000,50.4700,49.1800,20838272,1034982184.3900,3,1.661100,1,2.623000,0
2020-11-06,sh.603369,50.0300,50.1300,48.2700,48.6700,50.4700,15168218,739045820.9000,3,1.209100,1,-3.566500,0
2020-11-09,sh.603369,48.6600,49.5500,48.4000,49.5300,48.6700,15372845,754182960.4000,3,1.225400,1,1.767000,0
2020-11-10,sh.603369,49.8100,54.4800,49.1100,54.4000,49.5300,34528389,1833401334.1600,3,2.752400,1,9.832400,0
2020-11-11,sh.603369,52.9100,56.1700,52.7800,53.8400,54.4000,30636051,1660799873.2200,3,2.442100,1,-1.029400,0
2020-11-12,sh.603369,53.1900,56.7500,52.3800,56.7000,53.8400,28707995,1577913511.1400,3,2.288400,1,5.312000,0
2020-11-13,sh.603369,55.0200,55.1000,51.0300,51.0400,56.7000,24442690,1272944104.4900,3,1.948400,1,-9.982400,0
2020-11-16,sh.603369,50.3100,52.9500,50.1200,52.7100,51.0400,18323044,949785449.2000,3,1.460600,1,3.271900,0
2020-11-17,sh.603369,52.5000,53.9800,51.6800,52.2900,52.7100,17803492,939112183.5600,3,1.419200,1,-0.796800,0
2020-11-18,sh.603369,51.5000,52.3900,48.6000,50.8300,52.2900,18227253,919281779.8400,3,1.452900,1,-2.792100,0
2020-11-19,sh.603369,50.0000,51.2500,49.4500,50.6900,50.8300,8881796,449296931.6700,3,0.708000,1,-0.275400,0
2020-11-20,sh.603369,50.8800,52.9000,50.1300,52.0900,50.6900,13584074,706265667.0200,3,1.082800,1,2.761900,0
2020-11-23,sh.603369,52.4100,54.0000,51.7000,52.3600,52.0900,12868242,677914733.9100,3,1.025800,1,0.518300,0
2020-11-24,sh.603369,52.1000,52.1400,50.0600,51.8600,52.3600,11451502,584964395.8100,3,0.912800,1,-0.954900,0
2020-11-25,sh.603369,51.4900,51.6900,50.0000,50.1900,51.8600,10402984,525634002.7300,3,0.829300,1,-3.220200,0
2020-11-26,sh.603369,50.0100,51.1000,49.6200,50.5100,50.1900,9834835,495732104.3600,3,0.784000,1,0.637600,0
2020-11-27,sh.603369,50.0000,50.8000,49.6400,50.5300,50.5100,6408211,322486827.5200,3,0.510800,1,0.039600,0
2020-11-30,sh.603369,50.4900,50.6100,48.3000,48.6200,50.5300,13239923,647212538.5400,3,1.055400,1,-3.779900,0
2020-12-01,sh.603369,48.6500,49.1800,48.5200,48.8500,48.6200,7415505,362013965.5700,3,0.591100,1,0.473100,0
2020-12-02,sh.603369,48.8600,49.3600,48.5000,48.9600,48.8500,7086498,346672023.4500,3,0.564900,1,0.225200,0
2020-12-03,sh.603369,48.6500,49.6500,48.4700,49.6100,48.9600,7198582,353120812.4500,3,0.573800,1,1.327600,0
2020-12-04,sh.603369,49.3900,51.4000,49.3000,50.7900,49.6100,11745014,595919390.0800,3,0.936200,1,2.378600,0
2020-12-07,sh.603369,50.8000,52.6200,50.4000,51.2300,50.7900,12701947,656133353.8800,3,1.012500,1,0.866300,0
2020-12-08,sh.603369,51.4100,52.5000,50.4100,51.8000,51.2300,15805303,818028561.0900,3,1.259900,1,1.112600,0
2020-12-09,sh.603369,51.8200,52.2500,50.6800,50.9600,51.8000,8240765,421829559.4800,3,0.656900,1,-1.621600,0
2020-12-10,sh.603369,50.8400,52.6000,50.4500,51.6500,50.9600,11869042,614809830.5300,3,0.946100,1,1.354000,0
2020-12-11,sh.603369,51.3000,52.7200,51.0500,52.7100,51.6500,14326617,747132422.6600,3,1.142000,1,2.052300,0
2020-12-14,sh.603369,52.4300,54.4300,52.3500,54.0000,52.7100,16454447,882760251.5100,3,1.311600,1,2.447400,0
2020-12-15,sh.603369,53.5700,54.0700,51.6000,53.5700,54.0000,13257963,704771877.2600,3,1.056800,1,-0.796300,0
2020-12-16,sh.603369,53.1200,55.0000,53.0600,54.9800,53.5700,16732327,912523523.2100,3,1.333800,1,2.632100,0
2020-12-17,sh.603369,55.8000,59.0200,55.6600,57.9600,54.9800,29478811,1695470160.3200,3,2.349800,1,5.420200,0
2020-12-18,sh.603369,57.1200,59.0000,56.5000,57.2200,57.9600,18325947,1055403506.2000,3,1.460800,1,-1.276700,0
2020-12-21,sh.603369,56.4000,57.8500,55.6400,56.5000,57.2200,14121270,800629760.9100,3,1.125600,1,-1.258300,0
2020-12-22,sh.603369,56.4300,58.8700,56.1300,57.2500,56.5000,15747076,904817433.7200,3,1.255200,1,1.327400,0
2020-12-23,sh.603369,57.0000,59.8000,54.7900,57.2600,57.2500,25080039,1441559855.5500,3,1.999200,1,0.017500,0
2020-12-24,sh.603369,55.6600,57.1000,53.8800,56.2000,57.2600,16581643,925096787.9900,3,1.321800,1,-1.851200,0
2020-12-25,sh.603369,55.9800,55.9800,53.3800,54.3200,56.2000,14442588,786837046.2000,3,1.151300,1,-3.345200,0
2020-12-28,sh.603369,55.1500,57.9400,54.6000,57.8200,54.3200,19609106,1105290085.1700,3,1.563100,1,6.443300,0
2020-12-29,sh.603369,58.0000,58.1000,54.4600,55.2900,57.8200,18334795,1021712602.2600,3,1.461500,1,-4.375600,0
2020-12-30,sh.603369,55.4000,57.4500,55.2100,56.7500,55.2900,13930403,792264332.7500,3,1.110400,1,2.640600,0
2020-12-31,sh.603369,56.7000,58.0000,55.7000,57.3800,56.7500,15944236,907850451.6700,3,1.271000,1,1.110100,0
2021-01-04,sh.603369,57.3700,60.0000,57.0200,59.8500,57.3800,18093040,1069394868.3900,3,1.442300,1,4.304600,0
2021-01-05,sh.603369,60.2500,65.8400,59.3500,65.8400,59.8500,31584057,2040684139.1400,3,2.517700,1,10.008400,0
2021-01-06,sh.603369,67.9800,67.9800,62.7300,66.4800,65.8400,35426091,2313218729.5400,3,2.823900,1,0.972100,0
2021-01-07,sh.603369,65.2200,65.9200,62.9000,65.6000,66.4800,19179623,1237399689.3900,3,1.528900,1,-1.323700,0
2021-01-08,sh.603369,66.0400,67.0000,61.4500,61.9000,65.6000,19607948,1242989848.7600,3,1.563000,1,-5.640200,0
2021-01-11,sh.603369,61.1100,62.5800,59.0000,60.5900,61.9000,19010821,1157298640.7100,3,1.515400,1,-2.116300,0
2021-01-12,sh.603369,59.6300,63.2000,59.1100,62.5000,60.5900,13603460,843389196.9600,3,1.084400,1,3.152300,0
2021-01-13,sh.603369,62.1800,62.8500,59.5000,60.1600,62.5000,16413517,994786373.9000,3,1.308400,1,-3.744000,0
2021-01-14,sh.603369,62.1500,62.6600,58.4800,59.6000,60.1600,18558432,1121263397.3700,3,1.479300,1,-0.930900,0
2021-01-15,sh.603369,57.9000,60.1000,55.7500,59.0000,59.6000,22995278,1322173668.4200,3,1.833000,1,-1.006700,0
2021-01-18,sh.603369,58.0200,58.2500,55.5000,57.3600,59.0000,13560791,773115254.1800,3,1.081000,1,-2.779700,0
2021-01-19,sh.603369,58.9200,60.9800,57.4800,57.9900,57.3600,18006130,1068062765.7400,3,1.435300,1,1.098300,0
2021-01-20,sh.603369,56.8500,57.3600,55.5500,56.4300,57.9900,23121414,1302382728.5200,3,1.843100,1,-2.690100,0
2021-01-21,sh.603369,56.5000,58.2200,55.6600,57.2100,56.4300,17409040,990795992.6000,3,1.387700,1,1.382200,0
2021-01-22,sh.603369,57.1800,57.7000,56.1700,56.6800,57.2100,9127359,517433250.7500,3,0.727600,1,-0.926400,0
2021-01-25,sh.603369,56.5000,61.5200,56.4500,61.4900,56.6800,23208773,1383974759.0800,3,1.850000,1,8.486200,0
2021-01-26,sh.603369,61.3000,61.3000,58.6700,58.8900,61.4900,12310400,731207404.7500,3,0.981300,1,-4.228300,0
2021-01-27,sh.603369,58.0100,58.1000,56.1800,56.8000,58.8900,14445457,821755746.5500,3,1.151500,1,-3.549000,0
2021-01-28,sh.603369,55.8100,56.8500,55.5000,55.7200,56.8000,9567148,535443520.6400,3,0.762600,1,-1.901400,0
2021-01-29,sh.603369,55.8000,57.3700,55.0000,55.7700,55.7200,9481858,533933993.9200,3,0.755800,1,0.089700,0
2021-02-01,sh.603369,55.6500,57.1200,55.2000,56.2800,55.7700,10317763,580746401.9200,3,0.822500,1,0.914500,0
2021-02-02,sh.603369,56.7000,59.5000,56.3100,58.8900,56.2800,13890003,810818173.8300,3,1.107200,1,4.637500,0
2021-02-03,sh.603369,58.1300,61.2000,57.6000,59.9700,58.8900,13371524,793665382.2200,3,1.065900,1,1.833900,0
2021-02-04,sh.603369,59.0000,62.2700,58.8100,60.3200,59.9700,15376746,936350571.7100,3,1.225700,1,0.583600,0
2021-02-05,sh.603369,60.3500,61.6100,58.8800,60.6000,60.3200,16310560,988813827.7500,3,1.300200,1,0.464200,0
2021-02-08,sh.603369,60.5800,61.7700,57.5000,57.9200,60.6000,16252250,955143160.8600,3,1.295500,1,-4.422400,0
2021-02-09,sh.603369,57.7200,61.1100,57.2200,61.0900,57.9200,13502204,805575978.3900,3,1.076300,1,5.473100,0
2021-02-10,sh.603369,61.0900,62.3800,60.3000,61.5000,61.0900,18606493,1144671375.8500,3,1.483200,1,0.671100,0
2021-02-18,sh.603369,63.0000,63.3000,56.8700,57.8100,61.5000,19353451,1151534948.3600,3,1.542700,1,-6.000000,0
2021-02-19,sh.603369,57.0100,58.1900,55.5000,57.0200,57.8100,12530391,709365009.1200,3,0.998800,1,-1.366500,0
2021-02-22,sh.603369,56.0000,56.5000,52.6000,52.6900,57.0200,22373052,1200291107.9700,3,1.783400,1,-7.593800,0
2021-02-23,sh.603369,51.8100,53.7800,51.6000,53.2400,52.6900,10046513,534266702.5200,3,0.800800,1,1.043800,0
2021-02-24,sh.603369,53.3500,53.4600,50.0000,50.3300,53.2400,15508182,792861141.1000,3,1.236200,1,-5.465800,0
2021-02-25,sh.603369,50.7600,51.2800,48.2900,49.3000,50.3300,14676434,729287930.1500,3,1.169900,1,-2.046500,0
2021-02-26,sh.603369,48.0100,50.2100,47.0500,49.2300,49.3000,12974408,634396248.9300,3,1.034200,1,-0.142000,0
2021-03-01,sh.603369,49.6500,49.9100,48.2300,48.8100,49.2300,8051800,394099839.0000,3,0.641800,1,-0.853100,0
2021-03-02,sh.603369,49.0100,50.1800,47.9700,48.5500,48.8100,9611422,473191804.3100,3,0.766200,1,-0.532700,0
2021-03-03,sh.603369,48.2800,50.0800,47.6500,49.9000,48.5500,7855025,387787878.9700,3,0.626100,1,2.780600,0
2021-03-04,sh.603369,49.2500,49.2900,47.5200,47.6800,49.9000,6939224,334249311.4200,3,0.553100,1,-4.448900,0
2021-03-05,sh.603369,46.9900,48.8800,46.4600,48.2700,47.6800,6905047,331585505.9600,3,0.550400,1,1.237400,0
2021-03-08,sh.603369,48.6000,48.6800,45.1000,45.6900,48.2700,9125785,426925344.6100,3,0.727400,1,-5.344900,0
2021-03-09,sh.603369,45.0100,45.6500,43.1700,44.1000,45.6900,9339111,417211104.2500,3,0.744400,1,-3.480000,0
2021-03-10,sh.603369,44.9600,45.3500,43.9900,44.5700,44.1000,11149318,497199986.5800,3,0.888700,1,1.065800,0
2021-03-11,sh.603369,44.7900,45.9900,43.7000,45.0500,44.5700,9469854,426229231.1300,3,0.754900,1,1.077000,0
2021-03-12,sh.603369,45.0600,45.2000,43.2500,44.7400,45.0500,8142391,359602736.0200,3,0.649100,1,-0.688100,0
2021-03-15,sh.603369,44.4600,44.8700,41.9000,42.5800,44.7400,13300078,570751176.1900,3,1.060200,1,-4.827900,0
2021-03-16,sh.603369,42.8800,43.5000,42.0000,43.3600,42.5800,6763394,290461650.4200,3,0.539100,1,1.831800,0
2021-03-17,sh.603369,43.4000,43.7900,42.4000,43.7000,43.3600,5089328,220948146.0600,3,0.405700,1,0.784100,0
2021-03-18,sh.603369,43.5900,45.3000,43.3000,44.4900,43.7000,7848048,349582096.2000,3,0.625600,1,1.807800,0
2021-03-19,sh.603369,43.7000,44.8000,43.5400,44.0600,44.4900,5867451,258629194.8500,3,0.467700,1,-0.966500,0
2021-03-22,sh.603369,43.7000,45.3100,43.5600,44.9600,44.0600,5971574,266381940.2800,3,0.476000,1,2.042700,0
2021-03-23,sh.603369,44.9600,46.5600,44.6900,45.8800,44.9600,8199132,376126608.1900,3,0.653600,1,2.046300,0
2021-03-24,sh.603369,45.5000,48.0900,45.3500,47.4000,45.8800,11950084,565623775.2600,3,0.952600,1,3.313000,0
2021-03-25,sh.603369,46.7200,47.5800,45.0000,46.9000,47.4000,7168840,332983134.6000,3,0.571400,1,-1.054900,0
2021-03-26,sh.603369,46.7500,48.4000,46.5300,47.9200,46.9000,7389808,352412982.9400,3,0.589100,1,2.174800,0
2021-03-29,sh.603369,47.9300,50.9600,47.7700,49.7600,47.9200,11348454,564012075.1700,3,0.904600,1,3.839700,0
2021-03-30,sh.603369,49.4700,50.0600,48.4600,49.0600,49.7600,8091190,397950497.3000,3,0.645000,1,-1.406800,0
2021-03-31,sh.603369,48.3800,49.2900,47.7000,49.0500,49.0600,6250413,303928203.1200,3,0.498200,1,-0.020400,0
2021-04-01,sh.603369,49.0500,49.3900,47.9800,48.6700,49.0500,6289461,305056984.6100,3,0.501400,1,-0.774700,0
2021-04-02,sh.603369,49.3800,51.4500,49.3000,50.2000,48.6700,9546282,480368421.8900,3,0.761000,1,3.143600,0
2021-04-06,sh.603369,50.5000,50.6400,48.1200,48.3600,50.2000,7019137,342167863.1700,3,0.559500,1,-3.665300,0
2021-04-07,sh.603369,48.1500,48.4900,46.1800,46.6400,48.3600,10969454,512393858.7700,3,0.874400,1,-3.556700,0
2021-04-08,sh.603369,46.6400,47.9200,45.8000,47.9100,46.6400,8488764,399621749.4100,3,0.676700,1,2.723000,0
2021-04-09,sh.603369,47.2600,47.9000,46.8200,47.4300,47.9100,5776866,273618340.8400,3,0.460500,1,-1.001900,0
2021-04-12,sh.603369,47.7100,49.5000,47.3200,47.7500,47.4300,9354935,450681857.1700,3,0.745700,1,0.674700,0
2021-04-13,sh.603369,47.8800,50.5700,47.7800,49.3500,47.7500,11821982,584606715.1700,3,0.942400,1,3.350800,0
2021-04-14,sh.603369,49.4900,52.2400,49.0100,51.5100,49.3500,11762611,602983525.6700,3,0.937600,1,4.376900,0
2021-04-15,sh.603369,51.4000,52.0200,50.3000,50.8200,51.5100,7341208,374883434.0100,3,0.585200,1,-1.339500,0
2021-04-16,sh.603369,51.1100,53.1500,51.1100,52.7000,50.8200,10345985,541394247.3500,3,0.824700,1,3.699300,0
2021-04-19,sh.603369,52.5300,53.2000,50.3100,52.9900,52.7000,13419869,700440985.5700,3,1.069700,1,0.550300,0
2021-04-20,sh.603369,51.8000,56.8100,51.7500,54.4400,52.9900,21180084,1158662192.0400,3,1.688300,1,2.736400,0
2021-04-21,sh.603369,54.0200,56.5000,53.9000,55.5800,54.4400,16382235,905478308.5500,3,1.305900,1,2.094000,0
2021-04-22,sh.603369,55.3000,55.7000,53.7000,54.7100,55.5800,9115912,499496185.7400,3,0.726700,1,-1.565300,0
2021-04-23,sh.603369,54.4900,55.4100,52.7800,53.6700,54.7100,12585622,677536961.2000,3,1.003200,1,-1.900900,0
2021-04-26,sh.603369,53.6700,54.8800,52.5500,52.6500,53.6700,12716017,681666273.2600,3,1.013600,1,-1.900500,0
2021-04-27,sh.603369,52.5100,53.3200,51.7800,52.4400,52.6500,7021426,368449579.9700,3,0.559700,1,-0.398900,0
2021-04-28,sh.603369,52.3800,55.8800,52.0100,54.8000,52.4400,16549472,899908714.7500,3,1.319200,1,4.500400,0
2021-04-29,sh.603369,54.3200,55.2900,53.0000,54.4400,54.8000,13910573,754239828.6700,3,1.108900,1,-0.656900,0
2021-04-30,sh.603369,56.6100,57.0300,52.9900,53.4300,54.4400,19618428,1063427619.7100,3,1.563800,1,-1.855300,0
2021-05-06,sh.603369,52.5000,54.1700,52.2200,52.9400,53.4300,12406604,658078699.9500,3,0.989000,1,-0.917100,0
2021-05-07,sh.603369,53.8200,54.0300,51.6000,51.7400,52.9400,10079226,531133493.5000,3,0.803400,1,-2.266700,0
2021-05-10,sh.603369,51.5100,51.9900,49.9800,50.4900,51.7400,9824972,500476362.9300,3,0.783200,1,-2.415900,0
2021-05-11,sh.603369,50.5300,52.3000,50.5300,51.8800,50.4900,8942528,461631394.4600,3,0.712800,1,2.753000,0
2021-05-12,sh.603369,51.4300,54.2400,51.1000,54.0500,51.8800,10495336,558056461.0400,3,0.836600,1,4.182700,0
2021-05-13,sh.603369,53.1100,54.6400,52.3000,53.8300,54.0500,7965831,427198049.0700,3,0.635000,1,-0.407000,0
2021-05-14,sh.603369,54.3700,54.7700,53.5300,53.6400,53.8300,7564761,408987190.8400,3,0.603000,1,-0.353000,0
2021-05-17,sh.603369,53.3300,54.7600,52.8000,53.6000,53.6400,9873459,533330417.7200,3,0.787000,1,-0.074600,0
2021-05-18,sh.603369,54.0400,54.5000,53.0500,54.2600,53.6000,6449016,346856554.5500,3,0.514100,1,1.231300,0
2021-05-19,sh.603369,54.0000,55.2600,53.5300,53.8000,54.2600,7482250,405388875.2200,3,0.596400,1,-0.847800,0
2021-05-20,sh.603369,53.1000,56.5500,53.1000,55.9200,53.8000,14059936,780032927.6900,3,1.120800,1,3.940500,0
2021-05-21,sh.603369,55.7500,58.1100,55.6500,56.2000,55.9200,15148693,860312538.7600,3,1.207500,1,0.500700,0
2021-05-24,sh.603369,56.1500,58.8500,55.9200,58.3900,56.2000,14995237,865515196.2000,3,1.195300,1,3.896800,0
2021-05-25,sh.603369,58.3900,59.5100,57.3100,58.6500,58.3900,15686379,920614305.4100,3,1.250400,1,0.445300,0
2021-05-26,sh.603369,58.6800,60.0600,57.7000,58.8500,58.6500,12622268,745829057.8600,3,1.006200,1,0.341000,0
2021-05-27,sh.603369,58.2800,59.9800,56.9900,59.8200,58.8500,11151440,659583207.4300,3,0.888900,1,1.648300,0
2021-05-28,sh.603369,59.7300,59.7300,58.1800,59.2000,59.8200,8915127,526158856.9900,3,0.710700,1,-1.036400,0
2021-05-31,sh.603369,59.0000,59.5600,57.9400,59.5600,59.2000,9527788,561888626.7100,3,0.759500,1,0.608100,0
2021-06-01,sh.603369,59.4600,60.0000,58.1800,59.5800,59.5600,10788962,639516171.8800,3,0.860000,1,0.033600,0
2021-06-02,sh.603369,59.6800,61.2200,58.8000,59.1200,59.5800,12338211,736170025.6100,3,0.983500,1,-0.772100,0
2021-06-03,sh.603369,58.5600,61.2600,58.5200,59.6100,59.1200,15662221,942477074.0400,3,1.248500,1,0.828800,0
2021-06-04,sh.603369,59.3500,61.4800,59.1200,61.0900,59.6100,15853718,963140560.7500,3,1.263700,1,2.482800,0
2021-06-07,sh.603369,60.7000,61.4500,59.5000,60.8800,61.0900,16510966,1001461417.7700,3,1.316100,1,-0.343800,0
2021-06-08,sh.603369,60.9800,61.1200,54.8000,55.7000,60.8800,22815666,1300269954.8100,3,1.818700,1,-8.508500,0
2021-06-09,sh.603369,55.2700,56.5000,54.0000,55.7200,55.7000,13431861,743295943.6200,3,1.070700,1,0.035900,0
2021-06-10,sh.603369,55.7500,56.6000,54.5600,55.1000,55.7200,11495105,638378815.8300,3,0.916300,1,-1.112700,0
2021-06-11,sh.603369,55.9100,56.9500,54.5600,54.8900,55.1000,11039184,614094689.5800,3,0.880000,1,-0.381100,0
2021-06-15,sh.603369,54.5100,55.2000,52.8000,54.3000,54.8900,9591234,518645254.5900,3,0.764500,1,-1.074900,0
2021-06-16,sh.603369,54.3000,54.4400,51.9800,53.9000,54.3000,9586187,512525839.2600,3,0.764100,1,-0.736600,0
2021-06-17,sh.603369,53.4800,56.6500,53.4800,55.9600,53.9000,10194686,566633294.2800,3,0.812600,1,3.821900,0
2021-06-18,sh.603369,55.9500,57.6000,54.7800,55.5000,55.9600,10489897,586637235.6000,3,0.836200,1,-0.822000,0
2021-06-21,sh.603369,55.6000,56.5600,54.0800,55.7500,55.5000,11485040,636979542.0000,3,0.915500,1,0.450500,0
2021-06-22,sh.603369,55.8000,55.9000,54.0800,55.0300,55.7500,10165379,556032553.3900,3,0.810300,1,-1.291500,0
2021-06-23,sh.603369,54.9500,55.8500,54.1100,54.4000,55.0300,12601725,692991836.1600,3,1.004500,1,-1.144800,0
2021-06-24,sh.603369,54.0300,54.3000,52.2500,53.3900,54.4000,14829747,789391138.3700,3,1.182100,1,-1.856600,0
2021-06-25,sh.603369,52.9900,53.9200,52.0200,53.6900,52.9400,7831976,416765175.4500,3,0.624300,1,1.416700,0
2021-06-28,sh.603369,53.6900,54.3000,53.1500,54.1700,53.6900,8021103,431766344.9200,3,0.639400,1,0.894000,0
2021-06-29,sh.603369,54.0000,54.3100,53.0000,53.2500,54.1700,7709202,411784402.7100,3,0.614500,1,-1.698400,0
2021-06-30,sh.603369,53.7000,54.3500,52.9600,54.1600,53.2500,7409524,397841668.1800,3,0.590600,1,1.708900,0
2021-07-01,sh.603369,54.0000,54.5200,53.3800,53.9600,54.1600,6746123,364225830.9500,3,0.537800,1,-0.369300,0
2021-07-02,sh.603369,53.5700,53.5700,52.0700,52.1700,53.9600,8368436,440987477.1900,3,0.667100,1,-3.317300,0
2021-07-05,sh.603369,52.0000,52.8000,50.8800,51.8000,52.1700,7748020,402087412.9600,3,0.617600,1,-0.709200,0
2021-07-06,sh.603369,52.0000,53.0400,51.1100,52.9000,51.8000,9760905,507550670.6700,3,0.778100,1,2.123600,0
2021-07-07,sh.603369,52.9000,58.1900,52.9000,58.1900,52.9000,20748083,1183073473.8400,3,1.653900,1,10.000000,0
2021-07-08,sh.603369,57.9000,63.4300,57.0100,59.6200,58.1900,35775863,2171450820.8900,3,2.851800,1,2.457500,0
2021-07-09,sh.603369,59.9600,60.3800,54.5500,54.6700,59.6200,22657312,1262115129.4500,3,1.806100,1,-8.302600,0
2021-07-12,sh.603369,55.5400,55.6900,53.7000,54.4200,54.6700,13400532,730572765.0200,3,1.068200,1,-0.457300,0
2021-07-13,sh.603369,54.4200,56.3000,54.4200,55.4100,54.4200,16158227,894046590.5500,3,1.288000,1,1.819200,0
2021-07-14,sh.603369,54.1700,56.3000,53.0500,55.7900,55.4100,12225299,676918403.2800,3,0.974500,1,0.685800,0
2021-07-15,sh.603369,55.3000,59.6000,54.3900,58.9200,55.7900,17969142,1030059995.3500,3,1.432400,1,5.610300,0
2021-07-16,sh.603369,58.9200,59.4600,58.0000,58.2300,58.9200,11067051,648042878.1600,3,0.882200,1,-1.171100,0
2021-07-19,sh.603369,57.7900,58.4400,57.1600,57.8000,58.2300,8617986,498647416.1400,3,0.687000,1,-0.738500,0
2021-07-20,sh.603369,57.0500,58.1900,56.7800,57.6900,57.8000,10736692,618291764.3400,3,0.855900,1,-0.190300,0
2021-07-21,sh.603369,57.0500,58.8900,56.4900,56.8100,57.6900,12295732,704107683.8200,3,0.980100,1,-1.525400,0
2021-07-22,sh.603369,56.3000,57.4700,55.4500,55.8200,56.8100,9057776,507961870.1500,3,0.722000,1,-1.742700,0
2021-07-23,sh.603369,55.0000,55.4400,52.1000,52.7200,55.8200,17435642,926653782.4600,3,1.389800,1,-5.553600,0
2021-07-26,sh.603369,51.5100,51.9000,47.4500,48.4400,52.7200,22105879,1081194270.4200,3,1.762100,1,-8.118400,0
2021-07-27,sh.603369,47.2000,48.8000,46.0900,46.2800,48.4400,15679728,747294233.8000,3,1.249900,1,-4.459100,0
2021-07-28,sh.603369,45.6000,46.0000,43.2900,45.2500,46.2800,21001794,939312895.1800,3,1.674100,1,-2.225600,0
2021-07-29,sh.603369,46.1100,46.2100,43.4200,43.9600,45.2500,19345796,858531910.9400,3,1.542100,1,-2.850800,0
2021-07-30,sh.603369,43.5700,43.5700,40.6700,41.1200,43.9600,22617390,940266021.7100,3,1.802900,1,-6.460400,0
2021-08-02,sh.603369,40.4200,43.1000,39.3800,43.0500,41.1200,25929127,1072392721.0500,3,2.066900,1,4.693600,0
2021-08-03,sh.603369,42.0000,42.7800,41.0300,42.5100,43.0500,15033881,632214952.5100,3,1.198400,1,-1.254400,0
2021-08-04,sh.603369,42.4600,42.8600,41.5600,41.8800,42.5100,11580798,486909698.0900,3,0.923100,1,-1.482000,0
2021-08-05,sh.603369,40.8900,42.7500,39.8900,41.8800,41.8800,13831403,574772273.0300,3,1.102500,1,0.000000,0
2021-08-06,sh.603369,41.8000,42.0500,40.6900,41.2900,41.8800,9485316,391022954.4400,3,0.756100,1,-1.408800,0
2021-08-09,sh.603369,40.9900,42.3600,40.8100,42.1000,41.2900,12965792,542899222.3900,3,1.033500,1,1.961700,0
2021-08-10,sh.603369,42.4500,44.9100,42.0100,44.7800,42.1000,20770853,905502673.6200,3,1.655700,1,6.365800,0
2021-08-11,sh.603369,44.0300,44.9500,43.3500,43.4800,44.7800,14462995,635579059.5700,3,1.152900,1,-2.903100,0
2021-08-12,sh.603369,43.4200,44.4500,43.1300,43.8900,43.4800,10984423,482892206.8500,3,0.875600,1,0.943000,0
2021-08-13,sh.603369,43.6800,44.6200,43.5200,44.4700,43.8900,10123634,448462150.7800,3,0.807000,1,1.321500,0
2021-08-16,sh.603369,44.0100,45.3800,44.0100,44.9500,44.4700,8310293,372618849.2900,3,0.662400,1,1.079400,0
2021-08-17,sh.603369,44.5900,44.8000,42.4500,42.6500,44.9500,10212639,444308751.4700,3,0.814100,1,-5.116800,0
2021-08-18,sh.603369,42.5300,43.2900,42.0100,42.8500,42.6500,7029208,300973890.4300,3,0.560300,1,0.468900,0
2021-08-19,sh.603369,42.6000,43.5000,42.1100,42.4900,42.8500,5792923,247493387.3600,3,0.461800,1,-0.840100,0
2021-08-20,sh.603369,41.6200,42.0000,40.0400,40.7700,42.4900,10397040,425327733.6400,3,0.828800,1,-4.048000,0
2021-08-23,sh.603369,40.7200,41.7800,40.5600,41.6000,40.7700,8371946,346331598.9000,3,0.667400,1,2.035800,0
2021-08-24,sh.603369,42.0900,42.8800,41.4100,42.5800,41.6000,9000613,381365020.4400,3,0.717500,1,2.355800,0
2021-08-25,sh.603369,43.6500,46.8000,43.5100,46.0000,42.5800,28327594,1292957516.9000,3,2.258100,1,8.031900,0
2021-08-26,sh.603369,45.6700,45.6800,42.0000,42.2000,46.0000,24974769,1073918950.9000,3,1.990800,1,-8.260900,0
2021-08-27,sh.603369,41.2900,43.3100,41.2100,42.2300,42.2000,11735439,499325303.3800,3,0.935500,1,0.071100,0
2021-08-30,sh.603369,41.9800,43.2100,40.8900,42.5700,42.2300,12985919,546052278.3500,3,1.035100,1,0.805100,0
2021-08-31,sh.603369,42.4200,42.9800,41.7000,42.0200,42.5700,6898234,290729778.4000,3,0.549900,1,-1.292000,0
2021-09-01,sh.603369,41.7600,44.5600,40.8300,43.9400,42.0200,15373343,662183745.2100,3,1.225500,1,4.569300,0
2021-09-02,sh.603369,43.7200,44.6000,43.4000,44.1000,43.9400,12188242,536560162.2200,3,0.971600,1,0.364100,0
2021-09-03,sh.603369,44.1000,44.5300,42.6100,43.2700,44.1000,12385358,538525877.2800,3,0.987300,1,-1.882100,0
2021-09-06,sh.603369,43.0000,45.4900,42.4500,44.8300,43.2700,14972780,668661277.5100,3,1.193500,1,3.605300,0
2021-09-07,sh.603369,44.7400,45.9800,44.5200,45.5300,44.8300,10944409,496891157.6000,3,0.872400,1,1.561500,0
2021-09-08,sh.603369,45.5500,45.8700,44.5100,45.1100,45.5300,9746852,438970424.6300,3,0.777000,1,-0.922500,0
2021-09-09,sh.603369,44.8500,45.7000,44.5500,45.0100,45.1100,6308302,284210441.0100,3,0.502900,1,-0.221700,0
2021-09-10,sh.603369,45.2100,45.5000,44.6100,45.1900,45.0100,7607931,343005799.0900,3,0.606500,1,0.399900,0
2021-09-13,sh.603369,44.8500,45.3000,43.4000,43.9000,45.1900,12541007,552260321.6900,3,0.999700,1,-2.854600,0
2021-09-14,sh.603369,43.9200,44.7500,43.7000,43.8300,43.9000,7453112,328603393.2200,3,0.594100,1,-0.159500,0
2021-09-15,sh.603369,43.5200,43.5200,42.0000,42.2000,43.8300,9655059,411093128.7900,3,0.769600,1,-3.718900,0
2021-09-16,sh.603369,42.1400,43.3600,41.7300,42.4000,42.2000,8790853,373995912.8300,3,0.700700,1,0.473900,0
2021-09-17,sh.603369,42.2000,43.9500,41.9000,43.6800,42.4000,8418871,362788283.4300,3,0.671100,1,3.018900,0
2021-09-22,sh.603369,43.0000,43.3500,42.0000,42.3100,43.6800,7025994,298459318.5800,3,0.560100,1,-3.136400,0
2021-09-23,sh.603369,42.1500,43.4500,42.1400,42.9200,42.3100,7850574,336967794.2800,3,0.625800,1,1.441700,0
2021-09-24,sh.603369,42.9000,44.7700,42.7100,44.3700,42.9200,12119407,536381784.4200,3,0.966100,1,3.378400,0
2021-09-27,sh.603369,45.0000,48.5100,45.0000,46.3600,44.3700,24568861,1149503108.7300,3,1.958500,1,4.485000,0
2021-09-28,sh.603369,46.1700,47.1200,44.0000,45.9000,46.3600,14839812,677741648.8900,3,1.182900,1,-0.992200,0
2021-09-29,sh.603369,45.6300,46.4000,44.6100,45.7200,45.9000,8209074,374342980.9400,3,0.654400,1,-0.392200,0
2021-09-30,sh.603369,45.6400,46.3000,45.0900,45.3000,45.7200,8373536,382674815.4600,3,0.667500,1,-0.918600,0
2021-10-08,sh.603369,46.0000,47.5000,45.0000,47.1200,45.3000,11127248,520458841.9200,3,0.887000,1,4.017700,0
2021-10-11,sh.603369,46.8100,48.8600,46.7300,47.4700,47.1200,12535660,597606015.6600,3,0.999300,1,0.742800,0
2021-10-12,sh.603369,46.9000,48.3500,46.5700,47.6700,47.4700,9044053,430093131.0200,3,0.720900,1,0.421300,0
2021-10-13,sh.603369,47.8500,49.5800,47.4900,48.5300,47.6700,13063540,635624144.8700,3,1.041300,1,1.804100,0
2021-10-14,sh.603369,48.2000,49.1000,46.6500,47.2800,48.5300,10286326,489959847.3300,3,0.820000,1,-2.575700,0
2021-10-15,sh.603369,46.8600,48.1000,46.2800,47.5900,47.2800,7755002,367709061.9000,3,0.618200,1,0.655700,0
2021-10-18,sh.603369,46.9700,46.9700,43.2800,43.3400,47.5900,19753687,874191035.1200,3,1.574600,1,-8.930400,0
2021-10-19,sh.603369,43.1600,43.9700,43.0100,43.6000,43.3400,13563776,589084974.6700,3,1.081200,1,0.599900,0
2021-10-20,sh.603369,44.1000,44.3000,43.1000,43.7300,43.6000,10091539,439489768.1700,3,0.804400,1,0.298200,0
2021-10-21,sh.603369,43.7300,48.1000,43.5300,48.1000,43.7300,30480577,1412027029.0100,3,2.429700,1,9.993100,0
2021-10-22,sh.603369,47.7600,50.1500,47.5500,49.7700,48.1000,25083466,1237994337.1900,3,1.999500,1,3.471900,0
2021-10-25,sh.603369,48.4900,50.3000,47.5800,48.2400,49.7700,16039601,778173129.5800,3,1.278600,1,-3.074100,0
2021-10-26,sh.603369,47.9600,48.7300,47.4100,48.1900,48.2400,11361923,546213742.6500,3,0.905700,1,-0.103600,0
2021-10-27,sh.603369,47.7000,47.7000,46.2800,47.0900,48.1900,14259245,667216763.4200,3,1.136600,1,-2.282600,0
2021-10-28,sh.603369,47.4200,49.4300,47.4200,48.5500,47.0900,16493722,801806238.2700,3,1.314800,1,3.100400,0
2021-10-29,sh.603369,48.6000,50.4300,48.5300,49.3200,48.5500,15600203,770975231.9800,3,1.243500,1,1.586000,0
2021-11-01,sh.603369,51.0000,54.2500,49.5100,52.6700,49.3200,29211242,1544868503.8700,3,2.328500,1,6.792400,0
2021-11-02,sh.603369,52.1400,52.6100,49.7800,50.2000,52.6700,20270448,1036528323.8500,3,1.615800,1,-4.689600,0
2021-11-03,sh.603369,50.2200,51.4100,49.7000,50.6200,50.2000,11528405,583791232.0400,3,0.919000,1,0.836700,0
2021-11-04,sh.603369,50.5500,54.6300,50.1000,54.0900,50.6200,18264141,961954425.9200,3,1.455900,1,6.855000,0
2021-11-05,sh.603369,54.0000,56.3400,53.1100,55.1100,54.0900,16930431,929138437.8200,3,1.349600,1,1.885700,0
2021-11-08,sh.603369,54.6900,56.3600,54.2300,54.9000,55.1100,9418663,521772365.8000,3,0.750800,1,-0.381100,0
2021-11-09,sh.603369,54.7200,55.4700,53.8900,54.3400,54.9000,6266134,341555901.6600,3,0.499500,1,-1.020000,0
2021-11-10,sh.603369,54.3400,54.8600,52.6200,53.5300,54.3400,6397403,342023502.1500,3,0.510000,1,-1.490600,0
2021-11-11,sh.603369,53.4300,53.9000,52.3000,53.2300,53.5300,8230180,436507918.7100,3,0.656100,1,-0.560400,0
2021-11-12,sh.603369,53.5500,53.8800,51.9800,52.5500,53.2300,8688234,458149015.7500,3,0.692600,1,-1.277500,0
2021-11-15,sh.603369,52.5000,53.3100,52.0800,52.8300,52.5500,7963362,420340067.7700,3,0.634800,1,0.532800,0
2021-11-16,sh.603369,52.6600,57.4200,52.5200,56.6300,52.8300,14333267,799624744.6900,3,1.142500,1,7.192900,0
2021-11-17,sh.603369,55.6600,57.8600,55.0700,56.7200,56.6300,11594550,654442249.2800,3,0.924200,1,0.158900,0
2021-11-18,sh.603369,56.6500,57.9600,55.9100,57.5500,56.7200,8933836,511901679.2700,3,0.712100,1,1.463300,0
2021-11-19,sh.603369,57.5200,60.1600,57.2000,58.8500,57.5500,10387224,612517469.1600,3,0.828000,1,2.258900,0
2021-11-22,sh.603369,58.0000,61.7000,57.8900,59.8800,58.8500,12556233,758835173.6200,3,1.000900,1,1.750200,0
2021-11-23,sh.603369,59.7700,61.1800,58.9700,59.8800,59.8800,9347034,563334717.8900,3,0.745100,1,0.000000,0
2021-11-24,sh.603369,59.6800,61.5700,58.6900,60.0900,59.8800,8609440,517369881.8100,3,0.686300,1,0.350700,0
2021-11-25,sh.603369,60.0000,61.2500,59.3500,59.4800,60.0900,8560700,512848301.0700,3,0.682400,1,-1.015100,0
2021-11-26,sh.603369,59.3500,59.4800,57.4400,57.8500,59.4800,11705263,680258044.9500,3,0.933100,1,-2.740400,0
2021-11-29,sh.603369,57.1500,58.2000,55.8700,57.8300,57.8500,11274028,644780458.2200,3,0.898700,1,-0.034600,0
2021-11-30,sh.603369,58.1100,58.4900,55.5800,56.4500,57.8300,12070996,680963850.6900,3,0.962200,1,-2.386300,0
2021-12-01,sh.603369,57.4000,57.7800,55.7100,56.4600,56.4500,8498224,479481860.3800,3,0.677400,1,0.017700,0
2021-12-02,sh.603369,56.4300,57.3400,55.6800,55.9000,56.4600,7825681,440147574.5500,3,0.623800,1,-0.991900,0
2021-12-03,sh.603369,56.1800,57.1500,55.8800,56.8200,55.9000,12480069,707850084.4400,3,0.994800,1,1.645800,0
2021-12-06,sh.603369,56.8200,57.3400,55.8500,56.6800,56.8200,8764475,497002134.1800,3,0.698600,1,-0.246400,0
2021-12-07,sh.603369,57.0000,58.2500,55.9800,56.3900,56.6800,13285299,758651828.5100,3,1.059000,1,-0.511600,0
2021-12-08,sh.603369,56.1000,58.5000,55.6200,57.8500,56.3900,19459582,1119180406.3500,3,1.551200,1,2.589100,0
2021-12-09,sh.603369,57.8600,60.5000,57.0000,58.7200,57.8500,21228074,1256010499.0800,3,1.692200,1,1.503900,0
2021-12-10,sh.603369,57.9500,58.7000,56.5700,58.2000,58.7200,16425889,949829678.6300,3,1.309400,1,-0.885600,0
2021-12-13,sh.603369,58.5000,60.3100,58.3000,59.4400,58.2000,15945930,947140587.7500,3,1.271100,1,2.130600,0
2021-12-14,sh.603369,59.3500,63.3800,58.8000,61.0000,59.4400,19184991,1174100884.6500,3,1.529300,1,2.624500,0
2021-12-15,sh.603369,60.6000,60.8500,58.0400,60.1200,61.0000,15849881,941386156.8200,3,1.263400,1,-1.442600,0
2021-12-16,sh.603369,59.6600,60.3000,57.8000,58.3000,60.1200,11171889,656980353.7300,3,0.890500,1,-3.027300,0
2021-12-17,sh.603369,58.1100,58.6000,57.3000,57.4300,58.3000,7755966,448932709.2000,3,0.618300,1,-1.492300,0
2021-12-20,sh.603369,57.4400,59.0900,57.4400,58.0900,57.4300,8434713,491799826.4600,3,0.672400,1,1.149200,0
2021-12-21,sh.603369,58.1200,59.1800,57.6900,58.6700,58.0900,8051699,470085230.8500,3,0.641800,1,0.998500,0
2021-12-22,sh.603369,58.7700,59.2000,57.9000,58.4100,58.6700,5964533,348911089.8200,3,0.475500,1,-0.443200,0
2021-12-23,sh.603369,58.7700,59.0800,56.8600,58.4000,58.4100,10064058,582206181.7700,3,0.802200,1,-0.017100,0
2021-12-24,sh.603369,58.0100,59.2900,58.0000,58.4100,58.4000,8186926,479753965.8300,3,0.652600,1,0.017100,0
2021-12-27,sh.603369,58.2700,58.5000,55.4000,55.8800,58.4100,10781732,607510034.6600,3,0.859400,1,-4.331500,0
2021-12-28,sh.603369,56.2200,57.5000,56.0100,57.4000,55.8800,12230575,697873720.8100,3,0.974900,1,2.720100,0
2021-12-29,sh.603369,57.6800,57.7900,54.4500,54.5000,57.4000,12990573,718595064.5700,3,1.035500,1,-5.052300,0
2021-12-30,sh.603369,54.7800,55.6400,54.3300,55.1800,54.5000,6726648,371088242.4700,3,0.536200,1,1.247700,0
2021-12-31,sh.603369,55.6000,55.6000,53.9200,54.4000,55.1800,8836619,480203486.8100,3,0.704400,1,-1.413600,0
2022-01-04,sh.603369,54.4000,54.6900,52.5600,53.7500,54.4000,8402093,447463911.4000,3,0.669800,1,-1.194900,0
2022-01-05,sh.603369,53.6900,54.5900,52.8900,53.4200,53.7500,8525500,458109555.1600,3,0.679600,1,-0.614000,0
2022-01-06,sh.603369,53.0000,54.0000,52.5200,52.7200,53.4200,7222489,382900560.0400,3,0.575700,1,-1.310400,0
2022-01-07,sh.603369,53.0000,53.1900,51.3900,51.5000,52.7200,6710377,349159300.3900,3,0.534900,1,-2.314100,0
2022-01-10,sh.603369,51.4000,51.9600,50.2800,51.4400,51.5000,6647607,340595708.3300,3,0.529900,1,-0.116500,0
2022-01-11,sh.603369,52.5000,52.8000,51.0000,51.2500,51.4400,8585712,444660405.4200,3,0.684400,1,-0.369400,0
2022-01-12,sh.603369,51.2500,52.8800,51.2500,52.5600,51.2500,7057449,369516179.5700,3,0.562600,1,2.556100,0
2022-01-13,sh.603369,52.5400,52.8000,49.4900,49.9400,52.5600,11528141,583355393.5500,3,0.918900,1,-4.984800,0
2022-01-14,sh.603369,49.3800,50.1500,48.8300,49.3300,49.9400,7939418,392540742.9000,3,0.632900,1,-1.221500,0
2022-01-17,sh.603369,49.3400,49.7800,48.4300,49.6500,49.3300,7062564,347785041.8000,3,0.563000,1,0.648700,0
2022-01-18,sh.603369,49.7000,51.6600,49.1200,50.7700,49.6500,8890318,450759180.1700,3,0.708700,1,2.255800,0
2022-01-19,sh.603369,50.5900,51.3900,49.8600,50.7300,50.7700,7668890,388628399.6000,3,0.611300,1,-0.078800,0
2022-01-20,sh.603369,50.8000,52.0000,50.3500,51.6500,50.7300,10631036,548038874.0100,3,0.847400,1,1.813500,0
2022-01-21,sh.603369,51.0000,53.9500,51.0000,53.0700,51.6500,13605749,721968777.3600,3,1.084600,1,2.749300,0
2022-01-24,sh.603369,52.1100,53.8800,51.7200,53.3200,53.0700,8589378,457535755.5000,3,0.684700,1,0.471100,0
2022-01-25,sh.603369,53.3000,54.8600,52.5500,53.3700,53.3200,10019419,541048777.1900,3,0.798700,1,0.093800,0
2022-01-26,sh.603369,53.3100,54.7000,51.8600,53.2000,53.3700,6974054,371174688.0200,3,0.555900,1,-0.318500,0
2022-01-27,sh.603369,54.0400,54.0400,52.0000,52.2800,53.2000,5609716,296587329.5800,3,0.447200,1,-1.729300,0
2022-01-28,sh.603369,52.5000,52.7700,50.7100,50.9200,52.2800,5301141,274896947.9100,3,0.422600,1,-2.601400,0
2022-02-07,sh.603369,51.1200,53.6500,51.1200,51.8500,50.9200,7841009,410679136.3900,3,0.625000,1,1.826400,0
2022-02-08,sh.603369,51.8900,52.0000,50.0700,51.1800,51.8500,8965792,455775306.7200,3,0.714700,1,-1.292200,0
2022-02-09,sh.603369,51.1000,54.8400,50.6100,54.4100,51.1800,9965502,533033627.8000,3,0.794400,1,6.311100,0
2022-02-10,sh.603369,54.4100,54.9600,53.6600,54.4200,54.4100,5656184,306589515.5500,3,0.450900,1,0.018400,0
2022-02-11,sh.603369,54.4000,56.1000,53.3300,53.4700,54.4200,8311335,455635160.5900,3,0.662500,1,-1.745700,0
2022-02-14,sh.603369,52.9000,55.1700,52.9000,54.1400,53.4700,8317963,451008073.1300,3,0.663100,1,1.253000,0
2022-02-15,sh.603369,54.0000,55.6800,53.7000,54.3600,54.1400,6862218,373621158.6800,3,0.547000,1,0.406400,0
2022-02-16,sh.603369,54.0500,54.7600,53.7800,54.2000,54.3600,4424950,239662792.6600,3,0.352700,1,-0.294300,0
2022-02-17,sh.603369,54.3400,55.1500,53.3500,53.8000,54.2000,4569107,246161743.4800,3,0.364200,1,-0.738000,0
2022-02-18,sh.603369,53.6000,54.0000,52.7000,53.8400,53.8000,4281443,228586108.3000,3,0.341300,1,0.074300,0
2022-02-21,sh.603369,54.0000,54.7300,53.8400,54.0100,53.8400,4118105,222977593.0500,3,0.328300,1,0.315800,0
2022-02-22,sh.603369,53.9000,53.9000,52.1500,52.7100,54.0100,4235394,223323161.2400,3,0.337600,1,-2.407000,0
2022-02-23,sh.603369,52.8800,53.4200,52.2000,53.2900,52.7100,3276476,173112117.3800,3,0.261200,1,1.100400,0
2022-02-24,sh.603369,52.8500,53.2000,50.0600,51.0500,53.2900,8826516,452215988.1600,3,0.703600,1,-4.203400,0
2022-02-25,sh.603369,51.1000,52.1500,51.0600,51.9400,51.0500,4206766,217972368.0400,3,0.335300,1,1.743400,0
2022-02-28,sh.603369,51.8200,52.1500,50.8600,52.1500,51.9400,4436567,229034453.0000,3,0.353700,1,0.404300,0
2022-03-01,sh.603369,52.3500,53.6700,52.1500,53.4300,52.1500,6682511,355126080.0000,3,0.532700,1,2.454500,0
2022-03-02,sh.603369,52.9000,53.1700,51.8300,52.3600,53.4300,5801070,303681184.0000,3,0.462400,1,-2.002600,0
2022-03-03,sh.603369,52.3800,52.6800,49.9000,49.9000,52.3600,8449208,427908256.0000,3,0.673500,1,-4.698200,0
2022-03-04,sh.603369,49.5200,50.0700,48.7500,49.2000,49.9000,5757339,283288496.0000,3,0.458900,1,-1.402800,0
2022-03-07,sh.603369,49.0000,49.0000,46.8000,47.0800,49.2000,9624155,457249872.0000,3,0.767200,1,-4.308900,0
2022-03-08,sh.603369,47.8600,48.5000,45.5500,45.9300,47.0800,9898591,461509216.0000,3,0.789000,1,-2.442700,0
2022-03-09,sh.603369,46.0100,47.0000,44.5300,46.2900,45.9300,7460738,342704432.0000,3,0.594700,1,0.783800,0
2022-03-10,sh.603369,48.6000,49.2000,47.4900,48.0000,46.2900,8575256,413654144.0000,3,0.683600,1,3.694100,0
2022-03-11,sh.603369,47.2500,47.7700,46.0400,47.1300,48.0000,8646827,404727632.0000,3,0.689300,1,-1.812500,0
2022-03-14,sh.603369,46.3000,46.3000,44.1000,44.9200,47.1300,10308381,466396544.0000,3,0.821700,1,-4.689200,0
2022-03-15,sh.603369,42.9500,44.5000,42.0800,42.2700,44.9200,11370142,491875824.0000,3,0.906300,1,-5.899400,0
2022-03-16,sh.603369,42.7700,43.5000,40.8800,43.1900,42.2700,10627820,450000816.0000,3,0.847200,1,2.176500,0
2022-03-17,sh.603369,43.6500,45.7700,43.3300,44.5000,43.1900,9997835,444668304.0000,3,0.797000,1,3.033100,0
2022-03-18,sh.603369,44.2000,44.8300,43.8300,44.3800,44.5000,5478984,242909483.9300,3,0.436700,1,-0.269700,0
2022-03-21,sh.603369,44.3800,44.7200,44.0500,44.4100,44.3800,5201002,230591788.3100,3,0.414600,1,0.067600,0
2022-03-22,sh.603369,44.2700,44.6900,43.7000,44.1200,44.4100,5529500,244128533.3800,3,0.440800,1,-0.653000,0
2022-03-23,sh.603369,44.1800,44.6600,43.8100,44.3100,44.1200,8130113,359632810.3600,3,0.648100,1,0.430600,0
2022-03-24,sh.603369,44.0500,44.0500,43.0400,43.3500,44.3100,6652683,288457901.4500,3,0.530300,1,-2.166600,0
2022-03-25,sh.603369,43.5500,43.7900,42.2300,42.3700,43.3500,4756255,204359903.0900,3,0.379100,1,-2.260700,0
2022-03-28,sh.603369,41.5400,41.8000,40.6000,41.1800,42.3700,7247878,297452958.6800,3,0.577800,1,-2.808600,0
2022-03-29,sh.603369,41.2200,41.4900,39.9800,40.0700,41.1800,5574573,225944005.3100,3,0.444400,1,-2.695500,0
2022-03-30,sh.603369,40.8000,41.8800,40.5300,41.8400,40.0700,8102703,335113624.6400,3,0.645900,1,4.417300,0
2022-03-31,sh.603369,41.5900,42.3700,41.3100,42.1000,41.8400,6065379,254224759.9200,3,0.483500,1,0.621400,0
2022-04-01,sh.603369,41.5000,43.6000,41.4900,43.0200,42.1000,7827277,336641036.3200,3,0.623900,1,2.185300,0
2022-04-06,sh.603369,42.7000,43.1400,42.0000,42.3500,43.0200,5316302,225246713.3200,3,0.423800,1,-1.557400,0
2022-04-07,sh.603369,42.2100,43.0200,41.6700,41.9000,42.3500,4840050,204402910.0500,3,0.385800,1,-1.062600,0
2022-04-08,sh.603369,42.0500,42.2900,41.2100,41.3700,41.9000,4247547,176957893.3100,3,0.338600,1,-1.264900,0
2022-04-11,sh.603369,41.1700,41.1700,40.0100,40.3500,41.3700,5956702,240606853.2700,3,0.474800,1,-2.465600,0
2022-04-12,sh.603369,40.3500,42.2400,39.9200,42.1500,40.3500,7664369,315651146.7100,3,0.611000,1,4.461000,0
2022-04-13,sh.603369,41.6000,42.3800,41.1700,41.7000,42.1500,5657334,237236241.5100,3,0.451000,1,-1.067600,0
2022-04-14,sh.603369,42.0100,44.8000,41.7000,44.0500,41.7000,11923346,522530579.7100,3,0.950400,1,5.635500,0
2022-04-15,sh.603369,43.8000,44.3900,43.3700,43.8600,44.0500,7637570,335934307.4200,3,0.608800,1,-0.431300,0
2022-04-18,sh.603369,43.6700,44.9900,43.1000,44.6300,43.8600,7428649,328516973.7900,3,0.592200,1,1.755600,0
2022-04-19,sh.603369,44.3100,45.5000,43.2100,43.4800,44.6300,8354998,368224345.4200,3,0.666000,1,-2.576700,0
2022-04-20,sh.603369,43.8000,44.8400,42.7000,44.1800,43.4800,9293952,409394349.5200,3,0.740800,1,1.609900,0
2022-04-21,sh.603369,44.0000,44.7500,43.4200,43.7200,44.1800,8392976,370382497.6200,3,0.669000,1,-1.041200,0
2022-04-22,sh.603369,43.8000,44.5000,43.1500,44.2100,43.7200,6730941,295707282.3100,3,0.536500,1,1.120800,0
2022-04-25,sh.603369,43.0500,43.6000,41.1000,41.3400,44.2100,8731905,370602046.6300,3,0.696000,1,-6.491700,0
2022-04-26,sh.603369,41.7800,43.7800,41.3000,42.3100,41.3400,9371890,398850940.4000,3,0.747100,1,2.346400,0
2022-04-27,sh.603369,41.8600,44.0000,41.7000,43.7400,42.3100,11090748,479991623.2100,3,0.884100,1,3.379800,0
2022-04-28,sh.603369,43.2000,45.6700,43.1700,45.5200,43.7400,12137145,546036415.0400,3,0.967500,1,4.069500,0
2022-04-29,sh.603369,45.5200,46.9500,44.1600,44.8800,45.5200,14055578,633670537.2400,3,1.120400,1,-1.406000,0
2022-05-05,sh.603369,44.8300,46.6800,44.6000,45.4300,44.8800,12301553,561506863.6700,3,0.980600,1,1.225500,0
2022-05-06,sh.603369,44.4300,44.8000,42.7500,43.6000,45.4300,8519039,371378144.2900,3,0.679100,1,-4.028200,0
2022-05-09,sh.603369,43.0400,43.1700,42.1800,42.4800,43.6000,8241867,350774757.6700,3,0.657000,1,-2.568800,0
2022-05-10,sh.603369,42.0000,43.9600,41.7100,43.9200,42.4800,7445912,322481579.6500,3,0.593500,1,3.389800,0
2022-05-11,sh.603369,43.8900,45.4200,43.6800,44.8900,43.9200,7502339,335486671.2500,3,0.598000,1,2.208600,0
2022-05-12,sh.603369,44.4000,46.4500,44.2000,45.6000,44.8900,7969478,363877974.0300,3,0.635300,1,1.581600,0
2022-05-13,sh.603369,45.5600,45.8700,44.4000,44.9000,45.6000,5769865,258986912.7500,3,0.459900,1,-1.535100,0
2022-05-16,sh.603369,44.9200,45.3800,43.3900,44.0100,44.9000,6591811,290458386.1300,3,0.525500,1,-1.982200,0
2022-05-17,sh.603369,43.9500,44.7800,43.8000,44.6900,44.0100,5004431,221905029.9900,3,0.398900,1,1.545100,0
2022-05-18,sh.603369,44.6000,44.6500,43.3000,43.4900,44.6900,7225273,315305166.5400,3,0.575900,1,-2.685200,0
2022-05-19,sh.603369,42.8000,43.6600,42.6600,43.3000,43.4900,5818486,251230156.8900,3,0.463800,1,-0.436900,0
2022-05-20,sh.603369,43.4000,45.6800,43.4000,45.6700,43.3000,11979612,539032810.2700,3,0.954900,1,5.473400,0
2022-05-23,sh.603369,45.6700,45.9800,44.4100,44.7800,45.6700,8279434,371716517.9700,3,0.660000,1,-1.948800,0
2022-05-24,sh.603369,44.8400,44.9300,43.3100,43.3200,44.7800,8653444,379712581.3500,3,0.689800,1,-3.260400,0
2022-05-25,sh.603369,43.4500,44.1600,42.7100,43.8200,43.3200,9241153,400294863.0200,3,0.736600,1,1.154200,0
2022-05-26,sh.603369,43.6000,44.4400,42.8800,44.1700,43.8200,9248544,404830938.0500,3,0.737200,1,0.798700,0
2022-05-27,sh.603369,44.1000,44.9000,43.4000,43.7000,44.1700,9388680,413819932.3700,3,0.748400,1,-1.064100,0
2022-05-30,sh.603369,43.8000,45.9500,43.7500,45.9000,43.7000,16269621,734340274.1300,3,1.296900,1,5.034300,0
2022-05-31,sh.603369,45.2000,46.6000,44.2000,45.9900,45.3100,14624952,670356717.8300,3,1.165800,1,1.500800,0
2022-06-01,sh.603369,45.8800,46.8200,45.3300,45.7000,45.9900,8024750,367494068.0300,3,0.639700,1,-0.630600,0
2022-06-02,sh.603369,45.7400,46.0000,45.0800,45.4100,45.7000,5345709,242376125.6200,3,0.426100,1,-0.634600,0
2022-06-06,sh.603369,45.8000,46.3400,44.8500,46.2300,45.4100,7745293,353865815.5400,3,0.617400,1,1.805800,0
2022-06-07,sh.603369,46.0000,48.4500,45.9200,47.8200,46.2300,12388865,591149440.3000,3,0.987600,1,3.439300,0
2022-06-08,sh.603369,47.3400,48.5300,47.1300,47.9500,47.8200,9919290,474040620.9200,3,0.790700,1,0.271900,0
2022-06-09,sh.603369,47.6000,48.6000,46.7800,47.1500,47.9500,6879930,326816283.5300,3,0.548400,1,-1.668400,0
2022-06-10,sh.603369,46.9500,47.7300,46.6600,47.7100,47.1500,6424897,304917196.9200,3,0.512100,1,1.187700,0
2022-06-13,sh.603369,47.5000,47.6500,46.2100,46.6900,47.7100,7420501,345985443.0000,3,0.591500,1,-2.137900,0
2022-06-14,sh.603369,46.3000,47.6900,46.0100,47.4500,46.6900,6387116,300481477.1400,3,0.509100,1,1.627800,0
2022-06-15,sh.603369,47.4900,49.8000,47.2900,48.9100,47.4500,11489688,560895058.8700,3,0.915900,1,3.076900,0
2022-06-16,sh.603369,48.8300,50.2000,48.8000,49.2100,48.9100,7669805,380198535.1700,3,0.611400,1,0.613400,0
2022-06-17,sh.603369,48.8000,50.0800,48.7500,49.8000,49.2100,7100987,352150487.8700,3,0.566000,1,1.198900,0
2022-06-20,sh.603369,49.8000,51.1800,49.6000,50.3700,49.8000,8030655,404368697.2600,3,0.640100,1,1.144600,0
2022-06-21,sh.603369,50.1000,51.3800,49.5800,50.0400,50.3700,9017029,454003074.0900,3,0.718800,1,-0.655200,0
2022-06-22,sh.603369,49.9000,50.3100,48.6000,49.2100,50.0400,7417778,365881679.1400,3,0.591300,1,-1.658700,0
2022-06-23,sh.603369,49.2400,49.7900,48.1500,49.3000,49.2100,6234863,305116606.1700,3,0.497000,1,0.182900,0
2022-06-24,sh.603369,49.3000,50.0900,49.0200,49.6500,49.3000,6412501,318683793.8400,3,0.511200,1,0.709900,0
2022-06-27,sh.603369,49.7300,50.7000,49.6500,50.0600,49.6500,7357174,369385385.8700,3,0.586500,1,0.825800,0
2022-06-28,sh.603369,50.0600,50.1800,48.9000,49.6300,50.0600,8228484,407323887.0900,3,0.655900,1,-0.859000,0
2022-06-29,sh.603369,49.4600,50.2800,49.0000,49.1200,49.6300,5182271,256633498.2900,3,0.413100,1,-1.027600,0
2022-06-30,sh.603369,49.1200,51.9200,49.0000,51.0000,49.1200,11721037,596871621.7900,3,0.934300,1,3.827400,0
2022-07-01,sh.603369,50.8800,51.4000,50.0100,50.6000,51.0000,6090322,307530430.4000,3,0.485500,1,-0.784300,0
2022-07-04,sh.603369,50.0800,50.5000,49.1000,49.6900,50.6000,10086224,499807076.9500,3,0.804000,1,-1.798400,0
2022-07-05,sh.603369,49.6900,50.3000,48.2200,48.8000,49.6900,10021983,490486958.8100,3,0.798900,1,-1.791100,0
2022-07-06,sh.603369,48.6400,48.8500,46.0100,47.0600,48.8000,10663779,505439267.1600,3,0.850000,1,-3.565600,0
2022-07-07,sh.603369,47.0600,47.0600,45.9300,46.4100,47.0600,12021602,556436667.0900,3,0.958300,1,-1.381200,0
2022-07-08,sh.603369,46.6700,47.4800,46.4400,46.7700,46.4100,7288095,342001709.6800,3,0.581000,1,0.775700,0
2022-07-11,sh.603369,46.3000,46.4700,45.0000,45.5400,46.7700,8460854,384408508.1000,3,0.674400,1,-2.629900,0
2022-07-12,sh.603369,45.6700,45.9000,44.6200,44.7500,45.5400,7078645,319505052.3300,3,0.564300,1,-1.734700,0
2022-07-13,sh.603369,44.9900,45.0800,44.0000,44.6000,44.7500,10002402,444835126.5200,3,0.797300,1,-0.335200,0
2022-07-14,sh.603369,44.4500,44.8500,44.0200,44.1600,44.6000,7740269,342984655.1400,3,0.617000,1,-0.986500,0
2022-07-15,sh.603369,44.3000,45.5600,43.9000,43.9500,44.1600,11235347,501258794.2800,3,0.895600,1,-0.475500,0
2022-07-18,sh.603369,43.9300,44.3000,42.7000,44.1500,43.9500,8649732,377429878.9800,3,0.689500,1,0.455100,0
2022-07-19,sh.603369,44.0900,44.3700,43.5000,43.9600,44.1500,7218363,316844885.3000,3,0.575400,1,-0.430400,0
2022-07-20,sh.603369,44.3000,44.6400,43.8600,44.3200,43.9600,8235737,364616334.6900,3,0.656500,1,0.818900,0
2022-07-21,sh.603369,44.3200,44.3200,43.4000,43.4100,44.3200,7271785,318552201.9100,3,0.579700,1,-2.053200,0
2022-07-22,sh.603369,43.7000,43.9900,42.8000,43.2500,43.4100,5534918,239798229.5000,3,0.441200,1,-0.368600,0
2022-07-25,sh.603369,43.2300,43.8700,42.6500,43.7500,43.2500,6794075,295131338.2700,3,0.541600,1,1.156100,0
2022-07-26,sh.603369,44.0000,46.6900,44.0000,46.1000,43.7500,22284278,1025709889.6400,3,1.776300,1,5.371400,0
2022-07-27,sh.603369,45.9100,46.9800,45.1500,45.4100,46.1000,11557947,528598912.4400,3,0.921300,1,-1.496700,0
2022-07-28,sh.603369,45.5600,45.7900,44.7500,44.7800,45.4100,6754322,305337459.3300,3,0.538400,1,-1.387400,0
2022-07-29,sh.603369,44.7800,44.8000,43.4800,43.7700,44.7800,9840550,431676056.7800,3,0.784400,1,-2.255500,0
2022-08-01,sh.603369,46.0000,47.3600,45.5000,46.7600,43.7700,29898289,1396020943.4400,3,2.383300,1,6.831200,0
2022-08-02,sh.603369,46.0500,47.3800,45.6100,46.6000,46.7600,13650400,637472166.0200,3,1.088100,1,-0.342200,0
2022-08-03,sh.603369,47.0000,47.3800,45.6500,45.9000,46.6000,11172470,516904367.1300,3,0.890600,1,-1.502100,0
2022-08-04,sh.603369,45.8700,47.5100,45.7000,47.1500,45.9000,11412705,534929399.0000,3,0.909700,1,2.723300,0
2022-08-05,sh.603369,47.5000,47.9500,46.6300,47.1800,47.1500,8067703,379804967.0000,3,0.643100,1,0.063600,0
2022-08-08,sh.603369,46.9000,47.5300,46.6000,46.8900,47.1800,6669048,313326443.0000,3,0.531600,1,-0.614700,0
2022-08-09,sh.603369,46.8800,47.1100,46.2100,46.9200,46.8900,5902618,275660813.0000,3,0.470500,1,0.064000,0
2022-08-10,sh.603369,46.6800,47.1300,46.5200,46.9700,46.9200,7007794,328414174.0000,3,0.558600,1,0.106600,0
2022-08-11,sh.603369,46.9800,47.3000,46.2600,47.0000,46.9700,7444878,348608059.0000,3,0.593500,1,0.063900,0
2022-08-12,sh.603369,47.0000,47.2800,46.6300,47.1100,47.0000,5885668,276517327.0000,3,0.469200,1,0.234000,0
2022-08-15,sh.603369,46.8200,47.2000,46.2000,46.4900,47.1100,6434788,299710412.7300,3,0.512900,1,-1.316100,0
2022-08-16,sh.603369,46.5400,46.7000,45.7700,46.0500,46.4900,6104683,281501698.5100,3,0.486600,1,-0.946400,0
2022-08-17,sh.603369,45.8500,46.5200,45.7700,46.4300,46.0500,4958608,229083820.5000,3,0.395300,1,0.825200,0
2022-08-18,sh.603369,46.1000,46.4200,44.9600,45.7800,46.4300,8139706,370279099.0200,3,0.648800,1,-1.400000,0
2022-08-19,sh.603369,45.3000,46.1000,45.2100,45.4100,45.7800,4411753,201466438.7100,3,0.351700,1,-0.808200,0
2022-08-22,sh.603369,45.4400,46.0800,44.9700,45.9300,45.4100,3743505,171236079.4700,3,0.298400,1,1.145100,0
2022-08-23,sh.603369,45.6500,45.9900,45.2800,45.3900,45.9300,4330071,197186903.7400,3,0.345200,1,-1.175700,0
2022-08-24,sh.603369,45.4100,45.6600,44.4800,44.6000,45.3900,4974112,224145560.7200,3,0.396500,1,-1.740500,0
2022-08-25,sh.603369,44.6600,45.5900,44.4000,45.5900,44.6000,5935707,267200893.7000,3,0.473200,1,2.219700,0
2022-08-26,sh.603369,45.7600,46.5300,45.5700,45.9000,45.5900,7322195,337357592.5300,3,0.583700,1,0.680000,0
2022-08-29,sh.603369,45.5000,46.5000,45.3300,46.0000,45.9000,7229836,333182741.0300,3,0.576300,1,0.217900,0
2022-08-30,sh.603369,45.9700,46.2300,45.5000,46.2100,46.0000,4721037,216613981.4600,3,0.376300,1,0.456500,0
2022-08-31,sh.603369,46.4500,46.6800,45.6000,46.2000,46.2100,10881794,503318202.3900,3,0.867400,1,-0.021600,0
2022-09-01,sh.603369,45.7000,45.8000,43.9000,44.2800,46.2000,15070361,669279016.2100,3,1.201300,1,-4.155800,0
2022-09-02,sh.603369,44.2000,44.3000,43.1700,43.5100,44.2800,7958877,346686419.7600,3,0.634400,1,-1.738900,0
2022-09-05,sh.603369,43.1800,43.4900,41.7200,42.2900,43.5100,9726499,410178796.2800,3,0.775300,1,-2.804000,0
2022-09-06,sh.603369,42.1800,42.5500,41.8000,42.4000,42.2900,4899148,206752121.2300,3,0.390500,1,0.260100,0
2022-09-07,sh.603369,42.0100,42.2000,41.4100,41.6200,42.4000,8311094,346134717.1400,3,0.662500,1,-1.839600,0
2022-09-08,sh.603369,41.6200,42.1600,41.5800,41.5800,41.6200,5359376,224286852.5700,3,0.427200,1,-0.096100,0
2022-09-09,sh.603369,41.5800,42.0200,41.3800,41.9700,41.5800,4461968,186513729.8400,3,0.355700,1,0.938000,0
2022-09-13,sh.603369,42.0900,42.6200,41.7400,42.5800,41.9700,7961985,336937123.5500,3,0.634700,1,1.453400,0
2022-09-14,sh.603369,41.9600,42.3500,41.6000,42.0000,42.5800,5934418,249122293.4100,3,0.473100,1,-1.362100,0
2022-09-15,sh.603369,42.0800,43.3000,42.0800,42.6700,42.0000,9094088,388709369.1500,3,0.724900,1,1.595200,0
2022-09-16,sh.603369,42.6500,43.1300,42.0000,42.0400,42.6700,6467450,275063758.3600,3,0.515500,1,-1.476400,0
2022-09-19,sh.603369,41.9900,43.7900,41.4000,43.0900,42.0400,9082665,390571692.3200,3,0.724000,1,2.497600,0
2022-09-20,sh.603369,43.4800,43.9700,42.1600,43.7900,43.0900,9074131,392608404.6800,3,0.723300,1,1.624500,0
2022-09-21,sh.603369,43.6800,43.9000,42.8300,43.1500,43.7900,5349127,231718999.0600,3,0.426400,1,-1.461500,0
2022-09-22,sh.603369,42.8300,43.7900,42.5700,42.9800,43.1500,4665027,201352575.1300,3,0.371900,1,-0.394000,0
2022-09-23,sh.603369,42.9700,44.5000,42.8000,44.0900,42.9800,10164896,447205020.0600,3,0.810300,1,2.582600,0
2022-09-26,sh.603369,43.7500,45.0000,43.6300,44.3800,44.0900,7653019,341095544.9500,3,0.610000,1,0.657700,0
2022-09-27,sh.603369,44.4700,45.9800,43.8700,45.8600,44.3800,10608672,478477734.5700,3,0.845600,1,3.334800,0
2022-09-28,sh.603369,45.4000,47.0500,45.3600,46.0000,45.8600,15284333,711296371.0900,3,1.218400,1,0.305300,0
2022-09-29,sh.603369,46.2200,47.0600,45.5100,45.8000,46.0000,8894184,411611143.0500,3,0.709000,1,-0.434800,0
2022-09-30,sh.603369,45.8200,47.0300,45.8000,45.8800,45.8000,7944881,368503936.2600,3,0.633300,1,0.174700,0
2022-10-10,sh.603369,45.7000,45.9100,43.6300,43.8700,45.8800,8459458,376738272.9300,3,0.674300,1,-4.381000,0
2022-10-11,sh.603369,44.3000,44.6600,42.5000,44.3200,43.8700,7537747,330407371.4400,3,0.600900,1,1.025800,0
2022-10-12,sh.603369,44.6000,44.6000,42.7000,43.8300,44.3200,8099591,351553586.7300,3,0.645600,1,-1.105600,0
2022-10-13,sh.603369,43.9500,44.9500,43.4200,43.6800,43.8300,7134017,314744799.6300,3,0.568700,1,-0.342200,0
2022-10-14,sh.603369,44.0000,45.0000,43.9100,44.8000,43.6800,6570784,293298472.6800,3,0.523800,1,2.564100,0
2022-10-17,sh.603369,44.5400,44.8600,43.8700,44.0200,44.8000,5895417,260228308.7600,3,0.469900,1,-1.741100,0
2022-10-18,sh.603369,44.3800,44.4800,43.4200,43.5500,44.0200,5501556,240697270.6600,3,0.438500,1,-1.067700,0
2022-10-19,sh.603369,43.1700,43.3500,42.1300,42.2400,43.5500,8356830,355306891.8900,3,0.666100,1,-3.008000,0
2022-10-20,sh.603369,41.9600,43.0800,41.8000,42.6500,42.2400,5407981,229896151.8300,3,0.431100,1,0.970600,0
2022-10-21,sh.603369,42.6600,42.7700,41.5000,41.9000,42.6500,6206993,261276759.8600,3,0.494800,1,-1.758500,0
2022-10-24,sh.603369,41.9000,41.9000,39.4000,39.6200,41.9000,12659717,508599473.4200,3,1.009100,1,-5.441500,0
2022-10-25,sh.603369,39.2500,39.9500,38.3800,39.2600,39.6200,10456274,408576831.5800,3,0.833500,1,-0.908600,0
2022-10-26,sh.603369,39.8400,40.3800,39.2100,39.6700,39.2600,9678342,384940503.3000,3,0.771500,1,1.044300,0
2022-10-27,sh.603369,39.6700,40.1800,38.2000,38.2300,39.6700,11037599,428616260.0800,3,0.879800,1,-3.629900,0
2022-10-28,sh.603369,38.0100,38.6800,37.6000,37.6800,38.2300,8827512,335699414.4100,3,0.703700,1,-1.438700,0
2022-10-31,sh.603369,37.5000,37.8500,36.6800,37.3800,37.6800,6698010,250629638.1200,3,0.533900,1,-0.796200,0
2022-11-01,sh.603369,37.6300,39.4700,37.3900,39.3500,37.3800,11676383,451596860.2300,3,0.930800,1,5.270200,0
2022-11-02,sh.603369,39.1200,40.7600,39.0100,40.2100,39.3500,10231938,408589264.9500,3,0.815600,1,2.185500,0
2022-11-03,sh.603369,39.8000,40.3000,39.2600,39.7400,40.2100,7125804,283293633.2500,3,0.568000,1,-1.168900,0
2022-11-04,sh.603369,39.7400,42.0900,39.5600,41.6100,39.7400,10406013,429592677.0500,3,0.829500,1,4.705600,0
2022-11-07,sh.603369,41.1000,42.0300,41.0000,41.9100,41.6100,5656517,235121117.0200,3,0.450900,1,0.721000,0
2022-11-08,sh.603369,42.0000,42.4000,41.4000,41.7900,41.9100,4639239,193745307.3800,3,0.369800,1,-0.286300,0
2022-11-09,sh.603369,41.6700,41.9800,40.7500,40.8700,41.7900,5175554,212648963.8400,3,0.412600,1,-2.201500,0
2022-11-10,sh.603369,40.4800,41.7700,40.4700,41.5300,40.8700,4190489,173195316.2500,3,0.334000,1,1.614900,0
2022-11-11,sh.603369,42.6200,42.8800,41.6700,42.4500,41.5300,7817310,331489982.7200,3,0.623100,1,2.215300,0
2022-11-14,sh.603369,42.4000,43.4300,41.9400,42.0800,42.4500,7862013,335226400.1300,3,0.626700,1,-0.871600,0
2022-11-15,sh.603369,42.4300,43.7600,41.9500,43.7000,42.0800,8650344,372639509.3000,3,0.689500,1,3.849800,0
2022-11-16,sh.603369,43.5000,43.9500,43.2300,43.4100,43.7000,4386303,190978527.9800,3,0.349600,1,-0.663600,0
2022-11-17,sh.603369,43.1100,43.9000,42.8300,43.2000,43.4100,4659252,201772540.9500,3,0.371400,1,-0.483800,0
2022-11-18,sh.603369,43.2000,43.8600,43.0200,43.3800,43.2000,3752038,163128978.0100,3,0.299100,1,0.416700,0
2022-11-21,sh.603369,42.8000,42.8000,41.2000,42.0600,43.3800,6439943,269449847.9100,3,0.513300,1,-3.042900,0
2022-11-22,sh.603369,42.3200,42.6900,41.8100,42.0300,42.0600,4303891,181535098.2100,3,0.343100,1,-0.071300,0
2022-11-23,sh.603369,41.8700,42.2200,41.6000,41.8500,42.0300,3761982,157784927.0500,3,0.299900,1,-0.428300,0
2022-11-24,sh.603369,42.0500,42.4400,41.2500,41.4500,41.8500,2987601,124208007.5500,3,0.238200,1,-0.955800,0
2022-11-25,sh.603369,41.4100,41.4500,40.7500,41.1500,41.4500,4510976,185442316.3800,3,0.359600,1,-0.723800,0
2022-11-28,sh.603369,39.9300,40.7500,38.8900,40.5600,41.1500,10222284,407076924.6700,3,0.814800,1,-1.433800,0
2022-11-29,sh.603369,40.9600,42.3900,40.9300,42.2500,40.5600,10644276,444814950.2300,3,0.848500,1,4.166700,0
2022-11-30,sh.603369,41.9800,42.4500,41.5900,41.9800,42.2500,5462600,228934997.4100,3,0.435400,1,-0.639100,0
2022-12-01,sh.603369,43.5000,44.3800,43.1900,43.7400,41.9800,13177906,577923623.5000,3,1.050500,1,4.192500,0
2022-12-02,sh.603369,43.8800,44.3600,43.2400,43.4900,43.7400,8666998,378556989.2100,3,0.690900,1,-0.571600,0
2022-12-05,sh.603369,44.3000,44.6900,44.0200,44.2800,43.4900,9656764,428849588.0800,3,0.769800,1,1.816500,0
2022-12-06,sh.603369,44.0500,46.8800,44.0500,45.5000,44.2800,13785125,632068368.9500,3,1.098900,1,2.755200,0
2022-12-07,sh.603369,45.5100,46.6800,45.1100,45.6000,45.5000,10258781,470182309.3600,3,0.817800,1,0.219800,0
2022-12-08,sh.603369,45.5700,46.4200,45.4100,45.7000,45.6000,9141028,418022888.1600,3,0.728700,1,0.219300,0
2022-12-09,sh.603369,45.6200,47.9900,45.2600,47.9200,45.7000,18465985,863225751.7500,3,1.472000,1,4.857800,0
2022-12-12,sh.603369,47.5400,48.8000,47.4000,47.6300,47.9200,11232134,539568360.7600,3,0.895300,1,-0.605200,0
2022-12-13,sh.603369,47.5000,48.4900,46.6100,48.3000,47.6300,9198549,441410142.0700,3,0.733200,1,1.406700,0
2022-12-14,sh.603369,48.0300,50.8000,47.6800,50.0900,48.3000,19909330,991949342.1500,3,1.587000,1,3.706000,0
2022-12-15,sh.603369,49.5800,50.5600,49.0900,49.2900,50.0900,10134335,503646793.7600,3,0.807800,1,-1.597100,0
2022-12-16,sh.603369,48.6700,50.1000,48.4800,49.6800,49.2900,6339745,313209529.3000,3,0.505400,1,0.791200,0
2022-12-19,sh.603369,49.6700,50.1700,48.7100,48.9800,49.6800,6459443,318463848.0200,3,0.514900,1,-1.409000,0
2022-12-20,sh.603369,48.9800,49.1500,47.0000,47.7000,48.9800,10343807,493274548.9500,3,0.824500,1,-2.613300,0
2022-12-21,sh.603369,47.9500,49.2200,47.9100,48.7100,47.7000,6814621,331763276.2400,3,0.543200,1,2.117400,0
2022-12-22,sh.603369,48.7900,51.3200,48.6300,49.7200,48.7100,10258419,515873080.2000,3,0.817700,1,2.073500,0
2022-12-23,sh.603369,49.3500,51.2500,49.3500,50.3900,49.7200,8047704,406107333.1400,3,0.641500,1,1.347500,0
2022-12-26,sh.603369,50.4200,51.0000,49.3000,49.4400,50.3900,6937575,346591411.9100,3,0.553000,1,-1.885300,0
2022-12-27,sh.603369,50.0300,51.2000,49.5000,50.4300,49.4400,6385063,322085155.2500,3,0.509000,1,2.002400,0
2022-12-28,sh.603369,50.2100,51.1500,50.1900,50.9000,50.4300,7220764,366116386.4200,3,0.575600,1,0.932000,0
2022-12-29,sh.603369,50.5000,51.4000,50.0100,50.9200,50.9000,8124886,412275906.2300,3,0.647700,1,0.039300,0
2022-12-30,sh.603369,50.9900,51.5000,50.5000,50.9000,50.9200,8595094,437382709.0600,3,0.685100,1,-0.039300,0
2023-01-03,sh.603369,50.9600,51.2500,49.5700,49.9000,50.9000,11386806,568642402.9600,3,0.907700,1,-1.964600,0
2023-01-04,sh.603369,49.6300,51.0000,49.5000,50.9900,49.9000,7470677,377399447.9000,3,0.595500,1,2.184400,0
2023-01-05,sh.603369,51.0000,53.9000,50.7000,53.3700,50.9900,16292618,862848941.5600,3,1.298700,1,4.667600,0
2023-01-06,sh.603369,53.4500,55.5000,52.8800,54.8200,53.3700,12699498,688743395.8200,3,1.012300,1,2.716900,0
2023-01-09,sh.603369,54.9600,60.2600,54.7100,58.4000,54.8200,19095773,1100871556.1400,3,1.522200,1,6.530500,0
2023-01-10,sh.603369,58.0000,59.7500,57.6500,58.3500,58.4000,11678578,683348210.7200,3,0.930900,1,-0.085600,0
2023-01-11,sh.603369,58.0000,59.0000,57.0000,58.1000,58.3500,8614743,500727771.2900,3,0.686700,1,-0.428400,0
2023-01-12,sh.603369,58.0100,58.8500,57.0200,57.3700,58.1000,8906805,513250261.9100,3,0.710000,1,-1.256500,0
2023-01-13,sh.603369,57.3500,59.1900,57.1000,58.7100,57.3700,9127099,533397902.3500,3,0.727500,1,2.335700,0
2023-01-16,sh.603369,59.0000,61.9000,58.3000,60.5400,58.7100,18694708,1122200700.1200,3,1.490200,1,3.117000,0
2023-01-17,sh.603369,60.4700,60.4700,58.2000,58.5000,60.5400,11379770,670122319.6900,3,0.907100,1,-3.369700,0
2023-01-18,sh.603369,58.9200,59.4700,57.7700,58.0500,58.5000,7499863,437006024.8200,3,0.597800,1,-0.769200,0
2023-01-19,sh.603369,58.2800,58.3200,57.0200,57.8500,58.0500,7885139,454522925.1700,3,0.628500,1,-0.344500,0
2023-01-20,sh.603369,58.0200,59.0000,57.3200,57.4100,57.8500,5979329,346772137.8500,3,0.476600,1,-0.760600,0
2023-01-30,sh.603369,58.8000,60.1600,56.5000,59.4600,57.4100,15667894,927279514.5100,3,1.248900,1,3.570800,0
2023-01-31,sh.603369,59.3300,60.5600,57.4300,57.7600,59.4600,11340640,661944149.2400,3,0.904000,1,-2.859100,0
2023-02-01,sh.603369,57.8000,58.8200,56.5600,58.1900,57.7600,12621025,726441974.0500,3,1.006100,1,0.744500,0
2023-02-02,sh.603369,58.1900,61.9800,58.0000,59.8100,58.1900,14220431,860284956.0100,3,1.133600,1,2.784000,0
2023-02-03,sh.603369,59.3500,60.8800,58.8300,60.3600,59.8100,10005801,599554985.8000,3,0.797600,1,0.919600,0
2023-02-06,sh.603369,59.4300,61.3000,58.0300,60.0600,60.3600,15055736,902906066.9700,3,1.200100,1,-0.497000,0
2023-02-07,sh.603369,61.2300,61.2900,58.7200,59.2200,60.0600,7618156,453245903.2300,3,0.607300,1,-1.398600,0
2023-02-08,sh.603369,59.4600,60.8400,59.2200,60.0000,59.2200,6336927,380801591.0900,3,0.505100,1,1.317100,0
2023-02-09,sh.603369,60.0000,63.9000,59.5900,63.0100,60.0000,12035618,757978395.2800,3,0.959400,1,5.016700,0
2023-02-10,sh.603369,62.6000,65.1600,62.4100,63.0300,63.0100,7261911,460612571.8700,3,0.578900,1,0.031700,0
2023-02-13,sh.603369,62.5600,65.6800,62.3800,63.9000,63.0300,11504730,740414021.4200,3,0.917100,1,1.380300,0
2023-02-14,sh.603369,64.0000,64.8500,63.0000,63.9400,63.9000,5253768,335635258.6000,3,0.418800,1,0.062600,0
2023-02-15,sh.603369,64.2100,66.0900,63.8000,64.3600,63.9400,6592038,427436480.4200,3,0.525500,1,0.656900,0
2023-02-16,sh.603369,64.2900,65.7600,63.0000,64.4800,64.3600,7040137,454990460.1500,3,0.561200,1,0.186500,0
2023-02-17,sh.603369,64.0000,66.0400,63.6400,63.8500,64.4800,6815940,441439059.5000,3,0.543300,1,-0.977000,0
2023-02-20,sh.603369,63.8000,65.0100,63.2000,64.7800,63.8500,6238801,400854033.2600,3,0.497300,1,1.456500,0
2023-02-21,sh.603369,64.4800,64.7000,61.2000,63.1000,64.7800,12510053,780738180.1200,3,0.997200,1,-2.593400,0
2023-02-22,sh.603369,62.9000,64.7300,62.6000,63.5000,63.1000,6741868,429856180.3900,3,0.537400,1,0.633900,0
2023-02-23,sh.603369,63.2000,63.7000,61.8000,62.8000,63.5000,5749496,359732372.4000,3,0.458300,1,-1.102400,0
2023-02-24,sh.603369,62.7500,62.7800,61.6000,62.5600,62.8000,4984454,310122420.0000,3,0.397300,1,-0.382200,0
2023-02-27,sh.603369,62.0000,64.3000,61.6000,63.6000,62.5600,5357500,338744547.8800,3,0.427100,1,1.662400,0
2023-02-28,sh.603369,63.6000,64.2500,63.2000,64.1000,63.6000,5594608,357237196.9400,3,0.446000,1,0.786200,0
2023-03-01,sh.603369,63.9100,64.1500,62.2300,63.8200,64.1000,5603549,355981367.8200,3,0.446700,1,-0.436800,0
2023-03-02,sh.603369,63.6600,64.7900,63.5300,64.6000,63.8200,3636072,233955340.0800,3,0.289800,1,1.222200,0
2023-03-03,sh.603369,64.3500,65.3000,63.0800,63.4800,64.6000,4411757,281002151.7800,3,0.351700,1,-1.733700,0
2023-03-06,sh.603369,63.0000,63.9500,62.2000,62.8000,63.4800,6464044,406058918.5100,3,0.515300,1,-1.071200,0
2023-03-07,sh.603369,62.7200,62.9800,61.4000,61.4500,62.8000,6870849,425561359.2600,3,0.547700,1,-2.149700,0
2023-03-08,sh.603369,61.1000,61.8600,60.4100,61.0000,61.4500,5816488,354204465.7600,3,0.463600,1,-0.732300,0
2023-03-09,sh.603369,61.2400,61.3000,59.5000,61.0000,61.0000,8167681,494069424.0100,3,0.651100,1,0.000000,0
2023-03-10,sh.603369,60.5000,61.6600,59.8000,60.0600,61.0000,5904687,355771637.1000,3,0.470700,1,-1.541000,0
2023-03-13,sh.603369,61.0700,64.5000,61.0700,62.2100,60.0600,13246546,833402523.9700,3,1.055900,1,3.579800,0
2023-03-14,sh.603369,62.6600,63.0100,60.3000,60.6100,62.2100,9363543,572938023.4700,3,0.746400,1,-2.571900,0
2023-03-15,sh.603369,60.8800,61.1900,59.5000,59.7100,60.6100,6962522,419206243.6100,3,0.555000,1,-1.484900,0
2023-03-16,sh.603369,59.2000,61.8200,59.0600,60.4200,59.7100,7220097,437771610.1600,3,0.575500,1,1.189100,0
2023-03-17,sh.603369,60.7100,60.9900,58.6600,58.9500,60.4200,9204700,546628619.2800,3,0.733700,1,-2.433000,0
2023-03-20,sh.603369,58.3000,58.9400,57.2000,57.7600,58.9500,11345019,655448570.9100,3,0.904300,1,-2.018700,0
2023-03-21,sh.603369,58.0700,61.2800,57.8900,60.2200,57.7600,12738930,762157298.1000,3,1.015500,1,4.259000,0
2023-03-22,sh.603369,60.5500,62.0000,59.2400,59.5900,60.2200,6763704,407986884.8100,3,0.539200,1,-1.046200,0
2023-03-23,sh.603369,59.2300,62.7500,59.2300,60.9800,59.5900,8313429,510138909.5400,3,0.662700,1,2.332600,0
2023-03-24,sh.603369,60.9500,63.1600,60.9000,62.1500,60.9800,10309148,641963395.6800,3,0.821800,1,1.918700,0
2023-03-27,sh.603369,62.1900,62.8500,60.6000,61.2700,62.1500,6525312,401858631.7800,3,0.520200,1,-1.415900,0
2023-03-28,sh.603369,61.4500,64.3600,61.3000,63.9000,61.2700,9021015,569590319.8900,3,0.719100,1,4.292500,0
2023-03-29,sh.603369,63.6000,64.4100,62.7000,63.9500,63.9000,8026843,510507090.4000,3,0.639800,1,0.078200,0
2023-03-30,sh.603369,63.4600,65.3000,62.8200,65.1400,63.9500,8462041,544502594.9800,3,0.674500,1,1.860800,0
2023-03-31,sh.603369,65.2000,66.1600,64.7200,64.8500,65.1400,5895121,384842337.1200,3,0.469900,1,-0.445200,0
2023-04-03,sh.603369,64.4100,66.4000,64.2000,65.1700,64.8500,6725879,439826041.0200,3,0.536100,1,0.493400,0
2023-04-04,sh.603369,65.0000,66.5500,64.2000,66.3500,65.1700,7812257,510078352.3800,3,0.622700,1,1.810600,0
2023-04-06,sh.603369,65.7000,66.2000,64.1800,65.3200,66.3500,5916087,385233564.2300,3,0.471600,1,-1.552400,0
2023-04-07,sh.603369,64.8900,66.7000,64.3000,65.1500,65.3200,5735293,376150847.7400,3,0.457200,1,-0.260300,0
2023-04-10,sh.603369,64.4900,64.4900,59.9500,63.1500,65.1500,13820434,865062935.7500,3,1.101700,1,-3.069800,0
2023-04-11,sh.603369,63.0300,63.0300,59.6900,60.2300,63.1500,14856109,900781907.6000,3,1.184200,1,-4.623900,0
2023-04-12,sh.603369,60.4800,60.4800,58.1400,58.6200,60.2300,12945466,763675240.9100,3,1.031900,1,-2.673100,0
2023-04-13,sh.603369,58.5500,60.7500,58.0100,60.4000,58.6200,10989387,660326274.5800,3,0.876000,1,3.036500,0
2023-04-14,sh.603369,60.2000,60.9100,58.4000,58.7100,60.4000,7693928,455352041.9800,3,0.613300,1,-2.798000,0
2023-04-17,sh.603369,59.0100,61.8000,59.0100,60.5100,58.7100,9353214,565453996.2300,3,0.745600,1,3.065900,0
2023-04-18,sh.603369,60.1000,61.9900,60.0100,61.4900,60.5100,6987538,429182171.9100,3,0.557000,1,1.619600,0
2023-04-19,sh.603369,61.5100,61.6700,60.4000,60.9500,61.4900,4193955,255628385.3200,3,0.334300,1,-0.878200,0
2023-04-20,sh.603369,60.9900,62.0600,59.5800,60.0400,60.9500,6629762,401428174.8400,3,0.528500,1,-1.493000,0
2023-04-21,sh.603369,60.3800,60.3800,58.5000,59.3500,60.0400,5835801,346819140.5500,3,0.465200,1,-1.149200,0
2023-04-24,sh.603369,59.1900,59.4900,57.0000,57.8500,59.3500,6878946,399821792.3000,3,0.548300,1,-2.527400,0
2023-04-25,sh.603369,58.2000,59.3000,57.5900,58.9900,57.8500,5011272,293164747.5000,3,0.399500,1,1.970600,0
2023-04-26,sh.603369,58.9900,59.3700,57.8100,58.5300,58.9900,4166441,243818087.8300,3,0.332100,1,-0.779800,0
2023-04-27,sh.603369,58.0100,61.0100,58.0000,60.0200,58.5300,5822430,347601415.1000,3,0.464100,1,2.545700,0
2023-04-28,sh.603369,59.9700,61.0000,58.9900,59.8000,60.0200,4868589,291744584.2900,3,0.388100,1,-0.366500,0
2023-05-04,sh.603369,60.2000,61.8100,58.9800,61.3700,59.8000,11200107,683879584.3600,3,0.892800,1,2.625400,0
2023-05-05,sh.603369,61.3700,62.0000,60.0500,61.6300,61.3700,6956750,425293557.3100,3,0.554500,1,0.423700,0
2023-05-08,sh.603369,61.8000,62.1500,60.6000,60.7900,61.6300,4678055,286474664.0000,3,0.372900,1,-1.363000,0
2023-05-09,sh.603369,60.5300,62.0500,60.0000,60.5900,60.7900,3952908,240921015.7400,3,0.315100,1,-0.329000,0
2023-05-10,sh.603369,60.4200,60.5800,59.1800,59.4800,60.5900,4332167,258194840.1300,3,0.345300,1,-1.832000,0
2023-05-11,sh.603369,59.5200,60.4100,58.3900,58.7200,59.4800,3249823,191731323.7800,3,0.259100,1,-1.277700,0
2023-05-12,sh.603369,58.7200,59.2300,57.9000,58.0700,58.7200,3846069,224695079.5100,3,0.306600,1,-1.106900,0
2023-05-15,sh.603369,57.9000,58.6600,57.5400,58.4200,58.0700,3531627,205778359.5800,3,0.281500,1,0.602700,0
2023-05-16,sh.603369,58.3300,58.6100,57.5000,57.7000,58.4200,3851992,223045101.6500,3,0.307100,1,-1.232500,0
2023-05-17,sh.603369,57.7000,57.9100,56.2000,56.9300,57.7000,4817863,273643098.9200,3,0.384000,1,-1.334500,0
2023-05-18,sh.603369,56.9300,57.5400,56.6500,56.9500,56.9300,3865982,220658568.9800,3,0.308200,1,0.035100,0
2023-05-19,sh.603369,56.7500,58.1900,56.0000,57.2300,56.9500,3906890,223371543.7100,3,0.311400,1,0.491700,0
2023-05-22,sh.603369,56.8600,60.0000,56.0200,59.0500,57.2300,8545328,501134733.2000,3,0.681200,1,3.180200,0
2023-05-23,sh.603369,58.7200,59.4800,58.6900,58.7100,59.0500,3919282,231087969.1000,3,0.312400,1,-0.575800,0
2023-05-24,sh.603369,58.8800,58.8800,57.0800,57.0800,58.7100,3285997,189632731.5700,3,0.261900,1,-2.776400,0
2023-05-25,sh.603369,56.8000,57.5600,56.3400,56.7600,57.0800,3500323,199255759.2900,3,0.279000,1,-0.560600,0
2023-05-26,sh.603369,56.9800,59.1000,56.9600,58.4500,56.7600,6088480,354977580.8500,3,0.485300,1,2.977400,0
2023-05-29,sh.603369,58.6300,59.5000,57.0600,57.5000,58.4500,4968976,287310070.0200,3,0.396100,1,-1.625300,0
2023-05-30,sh.603369,57.5200,58.7500,56.9300,57.4200,57.5000,4530941,261908161.8300,3,0.361200,1,-0.139100,0
2023-05-31,sh.603369,56.8600,57.4000,55.0200,55.6900,57.4200,7209016,402464541.9900,3,0.574700,1,-3.012900,0
2023-06-01,sh.603369,55.6000,56.8400,54.8600,55.3600,55.6900,6064087,336792451.0200,3,0.483400,1,-0.592600,0
2023-06-02,sh.603369,55.3800,57.2000,54.7600,56.6500,55.3600,4851071,272479419.4100,3,0.386700,1,2.330200,0
2023-06-05,sh.603369,56.5600,57.2600,54.8200,55.1100,56.6500,7718595,429267546.9000,3,0.615300,1,-2.718400,0
2023-06-06,sh.603369,55.2000,56.9900,55.0300,56.2400,55.1100,6460905,363825636.0700,3,0.515000,1,2.050400,0
2023-06-07,sh.603369,56.5300,56.9900,53.7900,54.0500,56.2400,9396113,513206286.2900,3,0.749000,1,-3.894000,0
2023-06-08,sh.603369,54.5900,55.0000,53.6300,54.7000,54.0500,6126534,332658754.7200,3,0.488400,1,1.202600,0
2023-06-09,sh.603369,55.0000,55.1800,53.9900,54.2600,54.7000,5691597,309985710.2500,3,0.453700,1,-0.804400,0
2023-06-12,sh.603369,54.2800,56.3600,53.6100,55.7900,54.2600,5605772,309048768.2600,3,0.446900,1,2.819800,0
2023-06-13,sh.603369,54.6700,56.4500,54.4100,56.1200,55.0600,5102626,285147960.2700,3,0.406700,1,1.925200,0
2023-06-14,sh.603369,56.1000,58.5800,55.4000,57.9800,56.1200,6979761,403846191.2300,3,0.556400,1,3.314300,0
2023-06-15,sh.603369,58.0700,59.6800,58.0700,59.3700,57.9800,5995161,353740253.6800,3,0.477900,1,2.397400,0
2023-06-16,sh.603369,59.6300,60.0800,58.0100,59.3700,59.3700,8189615,482673084.0000,3,0.652800,1,0.000000,0
2023-06-19,sh.603369,59.0100,59.5600,58.4000,59.1600,59.3700,5440210,320675076.0300,3,0.433700,1,-0.353700,0
2023-06-20,sh.603369,59.0000,59.5400,57.5500,57.9900,59.1600,5056180,294744731.3000,3,0.403000,1,-1.977700,0
2023-06-21,sh.603369,57.8700,58.2000,57.0100,57.1500,57.9900,4032150,232133608.6000,3,0.321400,1,-1.448500,0
2023-06-26,sh.603369,56.5700,57.0000,54.2200,54.3700,57.1500,7739075,424450622.3000,3,0.616900,1,-4.864400,0
2023-06-27,sh.603369,54.5400,55.0600,53.6600,54.9000,54.3700,6578119,358335576.4200,3,0.524400,1,0.974800,0
2023-06-28,sh.603369,54.8500,55.9000,54.5200,54.9500,54.9000,4210758,232103390.1200,3,0.335700,1,0.091100,0
2023-06-29,sh.603369,54.7900,54.9400,53.6400,53.9200,54.9500,3631272,196252021.1900,3,0.289500,1,-1.874400,0
2023-06-30,sh.603369,53.9300,54.1900,52.6800,52.8000,53.9200,5935939,315618117.0600,3,0.473200,1,-2.077200,0
2023-07-03,sh.603369,52.8000,53.6700,52.2100,53.5200,52.8000,5001627,266612545.9000,3,0.398700,1,1.363600,0
2023-07-04,sh.603369,53.5200,54.0500,52.6700,53.8900,53.5200,4347843,232491468.3800,3,0.346600,1,0.691300,0
2023-07-05,sh.603369,53.8900,53.9800,52.7100,53.0500,53.8900,3510994,185970692.5300,3,0.279900,1,-1.558700,0
2023-07-06,sh.603369,52.6100,53.5000,52.0000,52.3200,53.0500,3749525,197025060.9400,3,0.298900,1,-1.376100,0
2023-07-07,sh.603369,52.0500,52.8800,51.9100,52.1900,52.3200,3125886,163464150.3400,3,0.249200,1,-0.248500,0
2023-07-10,sh.603369,52.1800,53.3900,52.1100,52.5800,52.1900,3989700,210481779.0900,3,0.318000,1,0.747300,0
2023-07-11,sh.603369,52.2100,52.6500,51.7500,52.2500,52.5800,3496803,182220894.5100,3,0.278700,1,-0.627600,0
2023-07-12,sh.603369,52.2400,52.7000,52.0500,52.2600,52.2500,2651551,138814090.8500,3,0.211400,1,0.019100,0
2023-07-13,sh.603369,52.5000,57.4800,52.5000,57.0100,52.2600,13148602,728765857.2300,3,1.048100,1,9.089200,0
2023-07-14,sh.603369,57.0000,57.1800,55.8700,56.2700,57.0100,5452724,307657850.6300,3,0.434700,1,-1.298000,0
2023-07-17,sh.603369,55.9800,56.0300,54.8000,55.3800,56.2700,2763263,152534013.9000,3,0.220300,1,-1.581700,0
2023-07-18,sh.603369,55.3800,56.2500,55.0200,55.2200,55.3800,2991158,165934812.9500,3,0.238400,1,-0.288900,0
2023-07-19,sh.603369,55.0000,55.8900,54.6800,55.3900,55.2200,2655977,146816358.5900,3,0.211700,1,0.307900,0
2023-07-20,sh.603369,55.6800,56.3700,55.1500,55.4500,55.3900,3925764,218629158.4400,3,0.312900,1,0.108300,0
2023-07-21,sh.603369,55.4500,57.0000,54.8000,56.0600,55.4500,4859676,272855319.9800,3,0.387400,1,1.100100,0
2023-07-24,sh.603369,56.0000,56.2300,55.2500,55.6900,56.0600,2692088,149716710.0400,3,0.214600,1,-0.660000,0
2023-07-25,sh.603369,56.9900,60.1000,56.9900,58.9600,55.6900,12104348,711459487.0800,3,0.964900,1,5.871800,0
2023-07-26,sh.603369,59.4200,59.6000,58.4100,58.9500,58.9600,4301716,253571277.6600,3,0.342900,1,-0.017000,0
2023-07-27,sh.603369,58.9000,60.8100,58.6000,60.1100,58.9500,6074416,364373946.1100,3,0.484200,1,1.967800,0
2023-07-28,sh.603369,60.8800,61.0000,59.6000,60.8600,60.1100,9802476,592932826.0000,3,0.781400,1,1.247700,0
2023-07-31,sh.603369,60.9500,64.2400,60.7900,61.1500,60.8600,11594664,720003325.9100,3,0.924200,1,0.476500,0
2023-08-01,sh.603369,60.6200,62.4400,60.0000,60.4000,61.1500,9446958,575834170.5300,3,0.753000,1,-1.226500,0
2023-08-02,sh.603369,60.0700,61.9500,60.0700,60.8800,60.4000,5315200,323856376.8000,3,0.423700,1,0.794700,0
2023-08-03,sh.603369,60.6100,61.4000,59.9800,61.3000,60.8800,4605938,279911026.3600,3,0.367200,1,0.689900,0
2023-08-04,sh.603369,61.4500,62.2900,60.8000,61.2500,61.3000,6664956,410092737.5300,3,0.531300,1,-0.081600,0
2023-08-07,sh.603369,61.0000,61.0000,59.6300,59.9300,61.2500,7552738,453296224.4100,3,0.602100,1,-2.155100,0
2023-08-08,sh.603369,59.9800,60.2500,59.2000,59.8300,59.9300,4715517,281618421.6000,3,0.375900,1,-0.166900,0
2023-08-09,sh.603369,59.7900,60.1000,59.1600,59.9000,59.8300,3196312,190666243.8400,3,0.254800,1,0.117000,0
2023-08-10,sh.603369,59.8400,60.1000,58.8300,59.9800,59.9000,3679645,219300229.5600,3,0.293300,1,0.133600,0
2023-08-11,sh.603369,59.9500,60.4000,58.6200,58.7100,59.9800,4823393,285563788.0800,3,0.384500,1,-2.117400,0
2023-08-14,sh.603369,58.0000,58.2300,56.7300,57.5500,58.7100,4857046,278517996.2000,3,0.387200,1,-1.975800,0
2023-08-15,sh.603369,57.8600,58.1900,56.7900,57.3200,57.5500,3502995,200636047.6000,3,0.279200,1,-0.399700,0
2023-08-16,sh.603369,57.0800,57.6500,56.9200,57.2900,57.3200,2715526,155549248.0400,3,0.216500,1,-0.052300,0
2023-08-17,sh.603369,56.7500,60.2500,56.6000,60.0100,57.2900,7315619,430089663.1700,3,0.583200,1,4.747800,0
2023-08-18,sh.603369,60.0000,60.1000,58.8000,58.8000,60.0100,4139687,245512844.9600,3,0.330000,1,-2.016300,0
2023-08-21,sh.603369,58.6800,61.1800,58.0000,59.9100,58.8000,5813007,349516937.1600,3,0.463400,1,1.887800,0
2023-08-22,sh.603369,60.0500,60.3000,58.8700,59.3600,59.9100,5416275,321454570.5800,3,0.431700,1,-0.918000,0
2023-08-23,sh.603369,59.0900,59.5800,58.3000,58.4000,59.3600,3216736,189211305.7900,3,0.256400,1,-1.617300,0
2023-08-24,sh.603369,58.5200,60.9000,57.8100,60.1200,58.4000,5567964,332194092.5800,3,0.443800,1,2.945200,0
2023-08-25,sh.603369,59.8400,60.4500,59.2100,59.8700,60.1200,4738300,283767677.0000,3,0.377700,1,-0.415800,0
2023-08-28,sh.603369,62.8600,62.9000,57.6500,58.9500,59.8700,11363854,672607372.6800,3,0.905800,1,-1.536700,0
2023-08-29,sh.603369,58.5000,60.9700,58.2500,60.5100,58.9500,8085817,483653592.0200,3,0.644500,1,2.646300,0
2023-08-30,sh.603369,60.5500,61.5800,60.1000,60.8600,60.5100,5750935,350219724.1600,3,0.458400,1,0.578400,0
2023-08-31,sh.603369,60.5000,60.7200,59.8800,59.9000,60.8600,3489213,209829910.7100,3,0.278100,1,-1.577400,0
2023-09-01,sh.603369,60.4100,62.1000,60.4100,62.0800,59.9000,6311321,389586273.1000,3,0.503100,1,3.639400,0
2023-09-04,sh.603369,62.3500,65.6800,62.3500,65.0500,62.0800,13155064,846021317.7500,3,1.048600,1,4.784100,0
2023-09-05,sh.603369,64.7000,65.1400,64.0300,64.1600,65.0500,4759384,307043588.7300,3,0.379400,1,-1.368200,0
2023-09-06,sh.603369,64.2400,64.9900,63.8800,64.4800,64.1600,4951800,319138325.9500,3,0.394700,1,0.498800,0
2023-09-07,sh.603369,64.1800,64.5500,63.6800,63.9200,64.4800,4086941,261614759.3000,3,0.325800,1,-0.868500,0
2023-09-08,sh.603369,63.9500,63.9500,62.3600,62.9000,63.9200,4296584,270324598.1600,3,0.342500,1,-1.595700,0
2023-09-11,sh.603369,62.5800,63.5000,62.2300,62.6500,62.9000,5155440,323699397.9800,3,0.411000,1,-0.397500,0
2023-09-12,sh.603369,62.4300,62.6800,61.6900,61.8700,62.6500,3084250,191382701.5200,3,0.245900,1,-1.245000,0
2023-09-13,sh.603369,61.6000,63.0000,61.0000,61.8100,61.8700,5240157,324332823.4000,3,0.417700,1,-0.097000,0
2023-09-14,sh.603369,61.8100,62.4300,60.9000,61.4000,61.8100,4345822,267481513.0000,3,0.346400,1,-0.663300,0
2023-09-15,sh.603369,61.4000,62.5000,60.3900,60.6400,61.4000,6812935,417279745.6600,3,0.543100,1,-1.237800,0
2023-09-18,sh.603369,60.7000,62.0000,60.0300,61.9200,60.6400,5765490,354307088.1000,3,0.459600,1,2.110800,0
2023-09-19,sh.603369,61.8800,61.9000,60.5900,61.7600,61.9200,4883506,299140549.0900,3,0.389300,1,-0.258400,0
2023-09-20,sh.603369,61.4900,62.0000,61.1800,61.3900,61.7600,2562252,157671131.6800,3,0.204200,1,-0.599100,0
2023-09-21,sh.603369,61.1600,61.2700,59.2300,59.4000,61.3900,5963591,356888718.7800,3,0.475400,1,-3.241600,0
2023-09-22,sh.603369,58.9000,61.2400,58.8500,61.1200,59.4000,6090413,367306645.5700,3,0.485500,1,2.895600,0
2023-09-25,sh.603369,61.1000,62.0000,60.6200,60.8700,61.1200,3713712,227072286.3600,3,0.296000,1,-0.409000,0
2023-09-26,sh.603369,60.7100,61.1900,59.8500,60.1500,60.8700,2667977,160452265.1200,3,0.212700,1,-1.182800,0
2023-09-27,sh.603369,59.8800,61.1800,59.5900,60.1600,60.1500,3791483,228226955.7400,3,0.302200,1,0.016600,0
2023-09-28,sh.603369,60.2800,60.5900,58.5500,58.6700,60.1600,6738234,398200401.6800,3,0.537100,1,-2.476700,0
2023-10-09,sh.603369,58.6300,59.1900,57.5000,59.1500,58.6700,4516661,264130664.7800,3,0.360000,1,0.818100,0
2023-10-10,sh.603369,58.9900,60.0900,58.2800,58.4700,59.1500,4208934,248700216.8200,3,0.335500,1,-1.149600,0
2023-10-11,sh.603369,58.8000,59.2200,57.8000,58.1500,58.4700,3817826,222506326.8400,3,0.304300,1,-0.547300,0
2023-10-12,sh.603369,58.6000,58.8600,57.3800,57.7200,58.1500,3504945,202375387.2800,3,0.279400,1,-0.739500,0
2023-10-13,sh.603369,57.1500,57.3500,55.7200,56.2900,57.7200,6026319,339134101.2000,3,0.480400,1,-2.477500,0
2023-10-16,sh.603369,56.1500,56.7000,55.6000,56.0100,56.2900,3813780,213611642.7500,3,0.304000,1,-0.497400,0
2023-10-17,sh.603369,55.9100,56.2100,55.4000,55.7500,56.0100,3132542,174744541.0200,3,0.249700,1,-0.464200,0
2023-10-18,sh.603369,55.4600,56.5000,55.2200,55.7500,55.7500,2987386,166751574.3000,3,0.238100,1,0.000000,0
2023-10-19,sh.603369,55.5200,55.7000,54.0500,54.1700,55.7500,5632137,307373044.9900,3,0.449000,1,-2.834100,0
2023-10-20,sh.603369,54.0000,54.6800,53.2500,53.3900,54.1700,3749738,201484606.7200,3,0.298900,1,-1.439900,0
2023-10-23,sh.603369,53.0800,54.4600,52.7000,53.1600,53.3900,3421952,182542570.1900,3,0.272800,1,-0.430800,0
2023-10-24,sh.603369,53.3800,53.9700,52.2800,53.8000,53.1600,4930081,262912759.0100,3,0.393000,1,1.203900,0
2023-10-25,sh.603369,55.3000,57.1200,55.3000,56.6500,53.8000,9010927,508848534.9200,3,0.718300,1,5.297400,0
2023-10-26,sh.603369,56.2800,57.1000,55.9400,57.1000,56.6500,3623470,205566357.8800,3,0.288800,1,0.794400,0
2023-10-27,sh.603369,56.9000,58.5000,56.7200,57.7400,57.1000,4891179,283203834.4700,3,0.389900,1,1.120800,0
2023-10-30,sh.603369,57.3500,59.2100,57.3500,58.9900,57.7400,5684188,332457293.0000,3,0.453100,1,2.164900,0
2023-10-31,sh.603369,59.0200,59.3200,57.5000,58.5000,58.9900,5692562,331112232.9900,3,0.453800,1,-0.830600,0
2023-11-01,sh.603369,60.8500,61.0600,59.5000,59.5400,58.5000,9947990,597780724.1000,3,0.793000,1,1.777800,0
2023-11-02,sh.603369,59.8300,60.0100,57.7700,58.3000,59.5400,4895203,285448338.3100,3,0.390200,1,-2.082600,0
2023-11-03,sh.603369,58.0000,59.1500,57.6000,57.8900,58.3000,5913297,343717967.6300,3,0.471400,1,-0.703300,0
2023-11-06,sh.603369,58.3000,58.3000,55.6200,56.1300,57.8900,12444916,701149462.5200,3,0.992000,1,-3.040200,0
2023-11-07,sh.603369,55.9300,55.9800,54.8800,55.4600,56.1300,7236199,400163542.3600,3,0.576800,1,-1.193700,0
2023-11-08,sh.603369,55.2500,56.3700,54.9900,55.9400,55.4600,6768150,377954878.6100,3,0.539500,1,0.865500,0
2023-11-09,sh.603369,56.0500,56.3600,55.5000,56.0300,55.9400,3617207,202155953.9300,3,0.288300,1,0.160900,0
2023-11-10,sh.603369,55.5500,55.8700,54.8900,55.0500,56.0300,4164300,230149500.2700,3,0.331900,1,-1.749100,0
2023-11-13,sh.603369,54.8700,55.2800,53.5400,54.2500,55.0500,8267433,447183187.7100,3,0.659000,1,-1.453200,0
2023-11-14,sh.603369,54.2000,54.7000,53.8000,54.0600,54.2500,4431435,239859641.6800,3,0.353200,1,-0.350200,0
2023-11-15,sh.603369,54.5000,55.1500,54.3000,55.0600,54.0600,5997044,328683115.7600,3,0.478000,1,1.849800,0
2023-11-16,sh.603369,55.1000,55.5800,54.6700,54.7400,55.0600,3930520,216145662.0000,3,0.313300,1,-0.581200,0
2023-11-17,sh.603369,54.4100,54.8600,54.0000,54.3100,54.7400,4633857,251800379.2400,3,0.369400,1,-0.785500,0
2023-11-20,sh.603369,54.1000,54.4900,53.4500,54.4800,54.3100,5094575,275258554.0600,3,0.406100,1,0.313000,0
2023-11-21,sh.603369,54.5400,55.4700,54.3000,55.1600,54.4800,7157136,394436902.7600,3,0.570500,1,1.248200,0
2023-11-22,sh.603369,54.9000,55.3100,54.5100,54.5100,55.1600,3813675,209104589.2800,3,0.304000,1,-1.178400,0
2023-11-23,sh.603369,54.5100,54.6000,53.8100,54.5600,54.5100,3248056,176059358.1800,3,0.258900,1,0.091700,0
2023-11-24,sh.603369,54.5700,54.7800,54.1200,54.3100,54.5600,2252416,122485631.7500,3,0.179500,1,-0.458200,0
2023-11-27,sh.603369,54.0200,54.1800,53.0600,53.8000,54.3100,4765831,255341193.1900,3,0.379900,1,-0.939100,0
2023-11-28,sh.603369,53.8000,54.3800,53.0000,53.7600,53.8000,3765312,202610307.7600,3,0.300100,1,-0.074300,0
2023-11-29,sh.603369,53.5000,53.7400,53.0100,53.6800,53.7600,3042645,162695229.5400,3,0.242500,1,-0.148800,0
2023-11-30,sh.603369,53.6300,53.9500,53.0100,53.8300,53.6800,3856985,206577842.9800,3,0.307500,1,0.279400,0
2023-12-01,sh.603369,53.5600,53.5600,51.8100,52.7100,53.8300,7712475,404736048.7900,3,0.614800,1,-2.080600,0
2023-12-04,sh.603369,52.5000,52.7500,51.7700,51.7700,52.7100,4533772,236225234.3200,3,0.361400,1,-1.783300,0
2023-12-05,sh.603369,51.5800,51.8000,50.4600,50.7000,51.7700,4212410,215954163.6000,3,0.335800,1,-2.066800,0
2023-12-06,sh.603369,50.1900,51.9800,50.0800,51.4400,50.7000,7194567,369067269.6100,3,0.573500,1,1.459600,0
2023-12-07,sh.603369,51.4300,51.7400,50.9000,51.4600,51.4400,4580640,235379407.3000,3,0.365100,1,0.038900,0
2023-12-08,sh.603369,51.2300,51.5900,50.7500,51.0200,51.4600,4449193,227533639.9100,3,0.354700,1,-0.855000,0
2023-12-11,sh.603369,50.5100,50.6500,49.0900,50.4700,51.0200,8845444,440836820.5300,3,0.705100,1,-1.078000,0
2023-12-12,sh.603369,50.4700,51.0900,50.2000,51.0700,50.4700,3618300,183457623.5000,3,0.288400,1,1.188800,0
2023-12-13,sh.603369,50.8800,50.9800,49.2100,49.2300,51.0700,6292106,312127073.0800,3,0.501600,1,-3.602900,0
2023-12-14,sh.603369,49.5700,49.7600,47.1500,47.2000,49.2300,10893350,523080301.2300,3,0.868300,1,-4.123500,0
2023-12-15,sh.603369,47.0800,47.6600,46.4800,46.9400,47.2000,7826231,368342553.5400,3,0.623900,1,-0.550800,0
2023-12-18,sh.603369,46.5400,46.6300,45.6000,45.8500,46.9400,6911001,318194373.6200,3,0.550900,1,-2.322100,0
2023-12-19,sh.603369,45.9700,46.1800,45.2000,45.7300,45.8500,8811472,402595014.6200,3,0.702400,1,-0.261700,0
2023-12-20,sh.603369,45.5000,45.7800,44.9200,44.9300,45.7300,5486342,248138176.1000,3,0.437300,1,-1.749400,0
2023-12-21,sh.603369,44.6000,45.9500,44.5100,45.5300,44.9300,6263931,284546312.0500,3,0.499300,1,1.335400,0
2023-12-22,sh.603369,45.3400,45.9800,44.7100,45.2000,45.5300,5219841,235778963.2500,3,0.416100,1,-0.724800,0
2023-12-25,sh.603369,45.2200,45.8300,45.1000,45.7600,45.2000,5017500,228527219.1200,3,0.400000,1,1.238900,0
2023-12-26,sh.603369,45.7600,46.0000,45.5100,45.7900,45.7600,4608400,210876170.3900,3,0.367300,1,0.065600,0
2023-12-27,sh.603369,45.8300,47.1000,45.6300,46.6000,45.7900,7364928,341888821.3400,3,0.587100,1,1.768900,0
2023-12-28,sh.603369,46.7000,48.7200,46.3000,48.3200,46.6000,10737318,512314499.2700,3,0.855900,1,3.691000,0
2023-12-29,sh.603369,48.7100,49.5100,48.1500,48.7500,48.3200,10236195,498757532.8000,3,0.816000,1,0.889900,0
2024-01-02,sh.603369,48.7100,48.9800,47.1000,47.2000,48.7500,8998147,429929552.7000,3,0.717300,1,-3.179500,0
2024-01-03,sh.603369,47.0500,47.7700,46.9100,47.4800,47.2000,4643361,219670121.4200,3,0.370100,1,0.593200,0
2024-01-04,sh.603369,47.4800,47.5000,45.8500,46.0100,47.4800,6478846,300157391.4700,3,0.516400,1,-3.096000,0
2024-01-05,sh.603369,45.8800,46.8300,45.5400,45.7500,46.0100,6275275,289179873.8900,3,0.500200,1,-0.565100,0
2024-01-08,sh.603369,45.5800,45.9600,44.8900,45.0300,45.7500,5782686,261867374.2300,3,0.461000,1,-1.573800,0
2024-01-09,sh.603369,45.2500,45.5700,44.5800,45.0000,45.0300,4553507,205303698.0000,3,0.363000,1,-0.066600,0
2024-01-10,sh.603369,44.8800,46.1000,44.4400,45.5300,45.0000,4633403,210246982.0000,3,0.369300,1,1.177800,0
2024-01-11,sh.603369,45.2800,46.1000,44.8800,45.6600,45.5300,4705634,214156332.2900,3,0.375100,1,0.285500,0
2024-01-12,sh.603369,45.3600,45.3600,44.5200,44.5400,45.6600,5265258,236485890.3800,3,0.419700,1,-2.452900,0
2024-01-15,sh.603369,44.2700,44.6000,43.3300,44.0400,44.5400,7246175,318864546.1600,3,0.577600,1,-1.122600,0
2024-01-16,sh.603369,44.2500,44.5200,43.5000,44.3600,44.0400,4743359,208853387.3900,3,0.378100,1,0.726600,0
2024-01-17,sh.603369,44.0400,44.0700,42.2300,42.2300,44.3600,8096360,347987011.8100,3,0.645400,1,-4.801600,0
2024-01-18,sh.603369,42.1000,43.3900,41.3700,43.2300,42.2300,8301752,350099616.7200,3,0.661800,1,2.368000,0
2024-01-19,sh.603369,42.9800,43.8600,42.6000,43.6600,43.2300,7509208,326328133.0000,3,0.598600,1,0.994700,0
2024-01-22,sh.603369,43.3000,43.5500,42.4800,42.8900,43.6600,6879906,296775582.1300,3,0.548400,1,-1.763600,0
2024-01-23,sh.603369,42.8900,42.9900,41.9000,42.4000,42.8900,5825643,246974756.3000,3,0.464400,1,-1.142500,0
2024-01-24,sh.603369,42.4400,42.6500,41.3200,42.1200,42.4000,6033122,253251115.9000,3,0.480900,1,-0.660400,0
2024-01-25,sh.603369,42.1300,43.8800,41.7500,43.5400,42.1200,6930077,296962048.3100,3,0.552400,1,3.371300,0
2024-01-26,sh.603369,43.4000,44.5400,43.1400,44.2600,43.5400,9941757,438101028.1100,3,0.792500,1,1.653700,0
2024-01-29,sh.603369,44.1600,46.4900,44.1000,45.6300,44.2600,10556833,481791353.8900,3,0.841500,1,3.095300,0
2024-01-30,sh.603369,45.0300,45.1500,43.6100,43.7000,45.6300,7716015,340264357.1900,3,0.615100,1,-4.229700,0
2024-01-31,sh.603369,43.9400,45.2400,43.6100,44.2100,43.7000,10056134,447277168.3700,3,0.801600,1,1.167000,0
2024-02-01,sh.603369,43.9500,45.9400,43.5500,45.3900,44.2100,9746860,439861119.2600,3,0.777000,1,2.669100,0
2024-02-02,sh.603369,45.4000,47.5100,45.4000,47.0800,45.3900,11066539,517256685.4500,3,0.882100,1,3.723300,0
2024-02-05,sh.603369,46.5000,48.3200,45.7700,47.5500,47.0800,10101065,477713883.2500,3,0.805200,1,0.998300,0
2024-02-06,sh.603369,46.8800,49.5300,46.7600,49.4300,47.5500,9081568,442879499.8800,3,0.723900,1,3.953700,0
2024-02-07,sh.603369,49.5000,51.9200,48.4500,51.9000,49.4300,10232380,516128486.1200,3,0.815700,1,4.997000,0
2024-02-08,sh.603369,51.9400,53.8000,50.0000,51.3500,51.9000,9368553,482015751.6600,3,0.746800,1,-1.059700,0
2024-02-19,sh.603369,51.0300,53.6600,49.1800,49.8600,51.3500,12230444,620972969.7300,3,0.974900,1,-2.901700,0
2024-02-20,sh.603369,49.5100,49.9600,48.2800,49.2100,49.8600,8242860,403259953.1600,3,0.657100,1,-1.303700,0
2024-02-21,sh.603369,48.8000,53.0000,48.6000,52.4000,49.2100,11529311,592508326.8600,3,0.919000,1,6.482400,0
2024-02-22,sh.603369,51.9900,53.1800,51.0700,52.8500,52.4000,8059916,423591572.0500,3,0.642500,1,0.858800,0
2024-02-23,sh.603369,52.6100,54.0500,51.7300,52.1900,52.8500,6858913,361321475.1600,3,0.546700,1,-1.248800,0
2024-02-26,sh.603369,52.0000,52.5800,50.7500,51.2100,52.1900,6051705,310285349.4400,3,0.482400,1,-1.877800,0
2024-02-27,sh.603369,50.8300,51.2700,50.4800,51.2000,51.2100,5181107,263259498.2200,3,0.413000,1,-0.019500,0
2024-02-28,sh.603369,50.9500,51.5900,50.5800,50.6700,51.2000,4994715,254593746.9000,3,0.398100,1,-1.035200,0
2024-02-29,sh.603369,50.4400,53.7000,50.4400,53.7000,50.6700,8312650,432313296.8800,3,0.662600,1,5.979900,0
2024-03-01,sh.603369,53.2000,54.0400,52.8000,53.8800,53.7000,6798190,364777826.6600,3,0.541900,1,0.335200,0
2024-03-04,sh.603369,53.7800,53.9300,53.0100,53.5000,53.8800,5934415,316690161.6000,3,0.473100,1,-0.705300,0
2024-03-05,sh.603369,53.2000,54.3000,53.1600,54.1500,53.5000,5049702,272050140.0800,3,0.402500,1,1.215000,0
2024-03-06,sh.603369,54.0000,54.2500,52.6800,52.8600,54.1500,3783512,200955167.9800,3,0.301600,1,-2.382300,0
2024-03-07,sh.603369,53.2900,54.1000,52.7000,53.5000,52.8600,4777000,255396214.3500,3,0.380800,1,1.210700,0
2024-03-08,sh.603369,53.0200,53.4100,52.0000,52.5600,53.5000,4424815,232327499.1600,3,0.352700,1,-1.757000,0
2024-03-11,sh.603369,52.6700,53.9700,52.3500,53.4400,52.5600,4679838,249558717.4600,3,0.373000,1,1.674300,0
2024-03-12,sh.603369,53.6000,55.7500,53.3000,55.4400,53.4400,9604683,528177200.6600,3,0.765600,1,3.742500,0
2024-03-13,sh.603369,55.0200,55.5800,54.0800,54.7900,55.4400,4675797,255642879.9900,3,0.372700,1,-1.172400,0
2024-03-14,sh.603369,54.6000,56.0000,54.4000,55.0700,54.7900,3834705,211472369.4500,3,0.305700,1,0.511000,0
2024-03-15,sh.603369,54.7900,55.8000,54.7900,55.4700,55.0700,4190661,232010664.1100,3,0.334100,1,0.726300,0
2024-03-18,sh.603369,55.5600,57.1500,55.0800,57.0800,55.4700,7083514,400176142.7900,3,0.564600,1,2.902500,0
2024-03-19,sh.603369,56.9000,59.6700,56.8100,59.0600,57.0800,7062468,415227757.6400,3,0.563000,1,3.468800,0
2024-03-20,sh.603369,58.6000,59.0000,58.1000,58.4000,59.0600,5887408,344173431.2300,3,0.469300,1,-1.117500,0
2024-03-21,sh.603369,58.3000,59.9800,57.8900,59.2200,58.4000,5124083,300535033.0300,3,0.408500,1,1.404100,0
2024-03-22,sh.603369,58.6600,58.8800,57.6400,58.0000,59.2200,4581100,265793161.4000,3,0.365200,1,-2.060100,0
2024-03-25,sh.603369,57.6000,57.6100,56.5000,57.0600,58.0000,5512815,313699908.1500,3,0.439400,1,-1.620700,0
2024-03-26,sh.603369,57.1900,58.0000,57.0300,57.7900,57.0600,3133700,180199003.0000,3,0.249800,1,1.279400,0
2024-03-27,sh.603369,58.0000,59.2000,57.5100,58.7000,57.7900,4549438,266215164.0300,3,0.362600,1,1.574700,0
2024-03-28,sh.603369,58.8800,59.8400,58.5500,59.3900,58.7000,4968950,294447206.1000,3,0.396100,1,1.175500,0
2024-03-29,sh.603369,59.5900,59.6000,57.8600,58.6700,59.3900,3522400,205963111.6100,3,0.280800,1,-1.212300,0
2024-04-01,sh.603369,58.9900,61.0500,58.8000,59.6300,58.6700,6066970,364569988.9000,3,0.483600,1,1.636300,0
2024-04-02,sh.603369,59.4100,60.1200,59.1500,59.4500,59.6300,3633303,216575937.5500,3,0.289600,1,-0.301900,0
2024-04-03,sh.603369,59.4500,60.3500,58.9000,59.0000,59.4500,2940914,174733680.4600,3,0.234400,1,-0.756900,0
2024-04-08,sh.603369,58.5100,58.5100,55.7200,56.6500,59.0000,9164099,518536150.2000,3,0.730500,1,-3.983100,0
2024-04-09,sh.603369,56.5400,57.0600,56.1000,56.4000,56.6500,3419296,193195413.2600,3,0.272600,1,-0.441300,0
2024-04-10,sh.603369,56.4100,56.4400,55.0500,55.3900,56.4000,3579400,198793424.9100,3,0.285300,1,-1.790800,0
2024-04-11,sh.603369,55.0000,56.1000,54.9000,55.5300,55.3900,4111299,227851169.4600,3,0.327700,1,0.252800,0
2024-04-12,sh.603369,55.8300,57.0700,55.5100,56.2700,55.5300,5521230,311833726.1000,3,0.440100,1,1.332600,0
2024-04-15,sh.603369,55.8200,57.3900,55.8200,56.9100,56.2700,6858362,388681327.2900,3,0.546700,1,1.137400,0
2024-04-16,sh.603369,56.6200,57.2000,55.9800,56.0800,56.9100,3346967,189094256.2200,3,0.266800,1,-1.458400,0
2024-04-17,sh.603369,56.0700,56.5700,55.6100,56.4900,56.0800,2813512,158327841.7400,3,0.224300,1,0.731100,0
2024-04-18,sh.603369,56.2000,56.8900,55.3300,56.0400,56.4900,3388233,190100446.2700,3,0.270100,1,-0.796600,0
2024-04-19,sh.603369,55.7200,56.0800,55.0600,55.6500,56.0400,2546133,141567991.2100,3,0.203000,1,-0.695900,0
2024-04-22,sh.603369,55.9300,58.2400,55.8200,57.7900,55.6500,5137323,294525360.0600,3,0.409500,1,3.845500,0
2024-04-23,sh.603369,57.7000,58.9300,57.4900,58.5500,57.7900,3838060,224279927.7500,3,0.305900,1,1.315100,0
2024-04-24,sh.603369,58.5900,58.8800,57.7100,58.4300,58.5500,2380847,138578516.4900,3,0.189800,1,-0.205000,0
2024-04-25,sh.603369,58.1600,58.6000,57.2600,58.0500,58.4300,2849276,164668656.8800,3,0.227100,1,-0.650400,0
2024-04-26,sh.603369,58.2000,59.2500,58.1000,59.0500,58.0500,3999273,235313228.7200,3,0.318800,1,1.722700,0
2024-04-29,sh.603369,59.0000,60.1500,59.0000,59.5100,59.0500,5583168,333595811.3800,3,0.445100,1,0.779000,0
2024-04-30,sh.603369,58.0100,59.0000,56.1800,57.4200,59.5100,9934593,571168210.9000,3,0.791900,1,-3.512000,0
2024-05-06,sh.603369,57.7000,59.6000,56.5600,56.9800,57.4200,10052129,582154476.3000,3,0.801300,1,-0.766300,0
2024-05-07,sh.603369,56.9800,58.4500,55.9000,58.1700,56.9800,6132644,354376034.5100,3,0.488900,1,2.088500,0
2024-05-08,sh.603369,58.0000,58.2400,56.8200,56.9300,58.1700,3033213,173894325.7800,3,0.241800,1,-2.131700,0
2024-05-09,sh.603369,57.0600,57.5100,56.5600,57.2000,56.9300,4049675,230554658.0000,3,0.322800,1,0.474300,0
2024-05-10,sh.603369,57.2200,58.7700,56.6500,56.8800,57.2000,4262156,244881086.0400,3,0.339700,1,-0.559400,0
2024-05-13,sh.603369,56.6000,56.6000,55.5000,56.3000,56.8800,5433248,304066332.6600,3,0.433100,1,-1.019700,0
2024-05-14,sh.603369,56.5000,57.3000,55.8000,56.7800,56.3000,3638943,206231462.1900,3,0.290100,1,0.852600,0
2024-05-15,sh.603369,56.5100,56.7000,55.7600,55.8200,56.7800,2770473,155409230.0200,3,0.220800,1,-1.690700,0
2024-05-16,sh.603369,55.8500,56.6800,55.0600,55.9300,55.8200,3609537,202050063.2600,3,0.287700,1,0.197100,0
2024-05-17,sh.603369,56.0000,57.6700,55.7800,57.6000,55.9300,5417743,307639143.4700,3,0.431900,1,2.985900,0
2024-05-20,sh.603369,58.0000,59.3800,57.0900,57.1800,57.6000,6170358,359084739.3400,3,0.491900,1,-0.729200,0
2024-05-21,sh.603369,56.9700,57.0200,56.4000,56.6400,57.1800,3334265,188814260.1100,3,0.265800,1,-0.944400,0
2024-05-22,sh.603369,56.4300,56.6800,55.1000,56.0100,56.6400,5466037,304337794.2200,3,0.435700,1,-1.112300,0
2024-05-23,sh.603369,55.9600,56.1600,54.3800,54.4400,56.0100,4489541,246552156.4300,3,0.357900,1,-2.803100,0
2024-05-24,sh.603369,54.3100,54.6200,53.3000,53.3600,54.4400,5593809,300271407.3000,3,0.445900,1,-1.983800,0
2024-05-27,sh.603369,53.5500,54.3800,53.2000,54.1300,53.3600,3446392,185666558.4000,3,0.274700,1,1.443000,0
2024-05-28,sh.603369,54.0000,54.3400,53.0000,53.1300,54.1300,2809341,149831980.9700,3,0.223900,1,-1.847400,0
2024-05-29,sh.603369,53.1300,53.7500,52.9000,53.4500,53.1300,2879521,153531924.2600,3,0.229500,1,0.602300,0
2024-05-30,sh.603369,53.2500,54.0800,52.8700,53.1000,53.4500,2964224,158109412.7000,3,0.236300,1,-0.654800,0
2024-05-31,sh.603369,53.1700,53.7500,52.8600,53.0400,53.1000,2671210,142183124.5500,3,0.212900,1,-0.113000,0
2024-06-03,sh.603369,53.0200,53.8800,52.6800,53.0000,53.0400,3446962,183346372.5600,3,0.274800,1,-0.075400,0
2024-06-04,sh.603369,52.9900,53.6300,52.8000,53.4000,53.0000,4170013,221762065.0100,3,0.332400,1,0.754700,0
2024-06-05,sh.603369,53.4000,53.8200,52.6700,52.8200,53.4000,3284890,174676857.7000,3,0.261800,1,-1.086100,0
2024-06-06,sh.603369,52.7900,52.9100,51.4800,52.4300,52.8200,3752582,195644354.2600,3,0.299100,1,-0.738400,0
2024-06-07,sh.603369,52.4700,52.7900,51.6000,51.7200,52.4300,2699649,140346314.2000,3,0.215200,1,-1.354200,0
2024-06-11,sh.603369,51.4000,51.9300,50.4400,51.2700,51.7200,5364200,274616357.4800,3,0.427600,1,-0.870100,0
2024-06-12,sh.603369,50.2800,51.4800,50.0200,50.4300,50.2800,4189537,212862186.8400,3,0.334000,1,0.298300,0
2024-06-13,sh.603369,50.4200,50.4200,49.0500,49.6500,50.4300,5773805,285568700.3300,3,0.460200,1,-1.546700,0
2024-06-14,sh.603369,49.6500,49.9900,48.1300,49.5400,49.6500,8999799,440323531.6000,3,0.717400,1,-0.221600,0
2024-06-17,sh.603369,49.0000,49.4900,48.4500,49.0500,49.5400,5833399,284459645.4400,3,0.465000,1,-0.989100,0
2024-06-18,sh.603369,49.0000,49.5400,48.3000,48.4800,49.0500,3531043,172210010.3600,3,0.281500,1,-1.162100,0
2024-06-19,sh.603369,48.4400,48.6500,47.9500,48.0100,48.4800,3004054,144839715.7400,3,0.239500,1,-0.969500,0
2024-06-20,sh.603369,47.9900,48.3800,47.4800,47.5500,48.0100,3029936,144519415.1000,3,0.241500,1,-0.958100,0
2024-06-21,sh.603369,47.5600,47.9000,47.0000,47.6600,47.5500,3637929,172629049.3100,3,0.290000,1,0.231300,0
2024-06-24,sh.603369,47.0300,49.0800,46.9000,48.2700,47.6600,7740095,373188363.2100,3,0.617000,1,1.279900,0
2024-06-25,sh.603369,48.2000,49.2200,47.6700,48.1900,48.2700,5566069,270012813.6300,3,0.443700,1,-0.165700,0
2024-06-26,sh.603369,47.3500,48.7000,47.3500,48.5400,48.1900,4140167,200150235.4100,3,0.330000,1,0.726300,0
2024-06-27,sh.603369,48.5900,48.5900,47.0500,47.4500,48.5400,4756162,226275573.7400,3,0.379100,1,-2.245600,0
2024-06-28,sh.603369,47.4500,47.9300,46.0100,46.2000,47.4500,5424846,253489120.4100,3,0.432400,1,-2.634400,0
2024-07-01,sh.603369,46.2000,46.4800,45.5800,46.3700,46.2000,3806001,175513392.2600,3,0.303400,1,0.368000,0
2024-07-02,sh.603369,46.1900,48.7600,45.7700,48.0800,46.3700,9102420,434561891.1000,3,0.725600,1,3.687700,0
2024-07-03,sh.603369,48.0400,48.8900,47.6800,47.9500,48.0800,3830109,184816616.0900,3,0.305300,1,-0.270400,0
2024-07-04,sh.603369,47.8000,48.6500,47.4100,47.8000,47.9500,3743946,179540858.8700,3,0.298400,1,-0.312800,0
2024-07-05,sh.603369,48.0400,48.2000,47.0600,47.2200,47.8000,2969259,140827215.9000,3,0.236700,1,-1.213400,0
2024-07-08,sh.603369,47.1600,47.2200,45.4100,45.5900,47.2200,4515839,207983245.6800,3,0.360000,1,-3.451900,0
2024-07-09,sh.603369,45.7200,46.5800,45.0000,46.2400,45.5900,3660013,167911933.1200,3,0.291800,1,1.425800,0
2024-07-10,sh.603369,46.1000,47.0500,45.6500,46.1600,46.2400,3150864,145943070.1200,3,0.251200,1,-0.173000,0
2024-07-11,sh.603369,46.5000,48.2800,46.4200,47.8600,46.1600,5262310,250271703.4800,3,0.419500,1,3.682800,0
2024-07-12,sh.603369,48.0000,48.3500,47.1000,48.2500,47.8600,4721393,226036509.2000,3,0.376400,1,0.814900,0
2024-07-15,sh.603369,48.0000,48.8000,47.4500,48.1500,48.2500,3304193,159085303.7100,3,0.263400,1,-0.207300,0
2024-07-16,sh.603369,48.0000,48.4800,47.5800,48.0500,48.1500,2991893,143659105.0500,3,0.238500,1,-0.207700,0
2024-07-17,sh.603369,48.0600,49.8100,47.8400,49.7500,48.0500,5869821,288816476.2000,3,0.467900,1,3.538000,0
2024-07-18,sh.603369,49.5000,50.7100,49.2200,49.8600,49.7500,5168764,257812664.8200,3,0.412000,1,0.221100,0
2024-07-19,sh.603369,49.3300,51.2900,49.3000,51.0300,49.8600,5670506,287206628.8600,3,0.452000,1,2.346600,0
2024-07-22,sh.603369,50.8700,51.0000,48.8700,49.1700,51.0300,5890342,291909978.3500,3,0.469500,1,-3.644900,0
2024-07-23,sh.603369,48.9100,49.1500,46.4100,46.5500,49.1700,6584214,311529601.3000,3,0.524800,1,-5.328500,0
2024-07-24,sh.603369,46.5000,46.9800,45.3100,45.6300,46.5500,4524696,208009170.3200,3,0.360700,1,-1.976400,0
2024-07-25,sh.603369,45.4000,46.4900,45.3300,46.4000,45.6300,3785745,173949584.2300,3,0.301800,1,1.687500,0
2024-07-26,sh.603369,46.2400,46.9800,45.2300,45.8000,46.4000,5242497,240562263.5400,3,0.417900,1,-1.293100,0
2024-07-29,sh.603369,45.4900,45.8800,43.1100,43.3000,45.8000,9269135,408041386.1700,3,0.738900,1,-5.458500,0
2024-07-30,sh.603369,42.7000,42.7000,41.9600,42.6600,43.3000,5800138,245300592.1100,3,0.462300,1,-1.478100,0
2024-07-31,sh.603369,42.6000,44.4000,42.2200,44.2000,42.6600,7026528,306770911.7200,3,0.560100,1,3.609900,0
2024-08-01,sh.603369,44.2000,44.2000,42.8000,43.1100,44.2000,5377349,233024677.2800,3,0.428600,1,-2.466100,0
2024-08-02,sh.603369,42.8000,43.5100,42.6000,42.9500,43.1100,3110845,134206050.5700,3,0.248000,1,-0.371100,0
2024-08-05,sh.603369,42.8300,44.3900,42.7800,42.9800,42.9500,6141561,267128715.0300,3,0.489600,1,0.069800,0
2024-08-06,sh.603369,43.2000,43.8200,42.8500,43.6500,42.9800,4324088,187188342.2000,3,0.344700,1,1.558900,0
2024-08-07,sh.603369,43.5600,44.3900,43.1200,44.1800,43.6500,4391372,192806834.1900,3,0.350000,1,1.214200,0
2024-08-08,sh.603369,44.0000,47.3700,43.9600,46.3000,44.1800,12053092,555101017.5400,3,0.960800,1,4.798600,0
2024-08-09,sh.603369,46.3000,47.2300,45.3200,45.5400,46.3000,5942835,273293998.6900,3,0.473700,1,-1.641500,0
2024-08-12,sh.603369,45.3100,45.8400,45.0100,45.1400,45.5400,3676455,166726274.3500,3,0.293100,1,-0.878300,0
2024-08-13,sh.603369,45.1800,45.4300,43.4800,43.9000,45.1400,5497385,241555440.0000,3,0.438200,1,-2.747000,0
2024-08-14,sh.603369,43.8400,43.8800,43.0200,43.2200,43.9000,3438016,148777033.4600,3,0.274100,1,-1.549000,0
2024-08-15,sh.603369,43.0100,44.1800,42.7600,43.1800,43.2200,6029450,261531226.8600,3,0.480600,1,-0.092500,0
2024-08-16,sh.603369,42.9300,43.1000,42.3200,42.9900,43.1800,4604300,196833728.5200,3,0.367000,1,-0.440000,0
2024-08-19,sh.603369,42.0000,42.7900,41.3400,41.7200,42.9900,13425854,562818931.5600,3,1.070200,1,-2.954200,0
2024-08-20,sh.603369,41.8600,41.9300,40.9800,41.2100,41.7200,6053842,249806161.3600,3,0.482600,1,-1.222400,0
2024-08-21,sh.603369,40.9400,41.4800,40.8000,40.8100,41.2100,4217900,173000876.0000,3,0.336200,1,-0.970600,0
2024-08-22,sh.603369,40.6100,40.6900,38.9400,39.3900,40.8100,10492220,413554589.5500,3,0.836400,1,-3.479500,0
2024-08-23,sh.603369,39.3100,39.8200,39.0900,39.2000,39.3900,6868346,270414583.7800,3,0.547500,1,-0.482400,0
2024-08-26,sh.603369,39.0000,39.3000,37.6500,38.0600,39.2000,8297850,317393083.8500,3,0.661400,1,-2.908200,0
2024-08-27,sh.603369,37.9000,38.0600,37.3000,37.5500,38.0600,5253436,197511445.9200,3,0.418800,1,-1.340000,0
2024-08-28,sh.603369,37.2800,37.6000,36.5300,37.4000,37.5500,6908973,255567234.7500,3,0.550700,1,-0.399500,0
2024-08-29,sh.603369,37.1700,38.1500,37.1700,38.0200,37.4000,9535000,360204347.1800,3,0.760100,1,1.657800,0
2024-08-30,sh.603369,37.9400,39.9000,37.6300,39.1600,38.0200,9903779,386478983.2300,3,0.789500,1,2.998400,0
2024-09-02,sh.603369,38.9100,39.3900,38.1200,38.5700,39.1600,6755700,262726613.0000,3,0.538500,1,-1.506600,0
2024-09-03,sh.603369,38.4700,39.6600,38.4700,39.2200,38.5700,5842883,228877014.3700,3,0.465800,1,1.685200,0
2024-09-04,sh.603369,39.1100,39.7200,38.8500,38.9100,39.2200,3749397,146667154.0900,3,0.298900,1,-0.790400,0
2024-09-05,sh.603369,38.7100,39.1800,38.3900,39.0300,38.9100,3980054,154728679.5600,3,0.317300,1,0.308400,0
2024-09-06,sh.603369,39.0200,39.1400,38.6100,38.6100,39.0300,2817471,109703706.0000,3,0.224600,1,-1.076100,0
2024-09-09,sh.603369,38.5500,38.8700,37.9100,38.0600,38.6100,4280209,163732915.8500,3,0.341200,1,-1.424500,0
2024-09-10,sh.603369,38.0600,38.7900,37.8000,38.1200,38.0600,4107293,156956597.9900,3,0.327400,1,0.157600,0
2024-09-11,sh.603369,37.7000,38.4300,37.5100,37.6800,38.1200,4970300,188341502.0000,3,0.396200,1,-1.154200,0
2024-09-12,sh.603369,37.6200,37.8500,36.6400,36.6700,37.6800,5418900,201228233.6700,3,0.432000,1,-2.680500,0
2024-09-13,sh.603369,36.5400,36.7300,35.5800,35.5900,36.6700,6799948,245704852.0600,3,0.542000,1,-2.945200,0
2024-09-18,sh.603369,35.5100,36.3300,35.3500,36.0600,35.5900,5145692,184469984.1700,3,0.410200,1,1.320600,0
2024-09-19,sh.603369,36.2200,38.5000,36.0300,37.4000,36.0600,12340325,462590634.9600,3,0.983700,1,3.716000,0
2024-09-20,sh.603369,37.1800,37.8000,36.9000,37.6200,37.4000,5913340,221071043.0500,3,0.471400,1,0.588200,0
2024-09-23,sh.603369,37.5000,38.7200,37.4800,38.2700,37.6200,6114101,234358018.1100,3,0.487400,1,1.727800,0
2024-09-24,sh.603369,38.6500,39.8800,37.5700,39.8200,38.2700,12620810,492522008.8000,3,1.006000,1,4.050200,0
2024-09-25,sh.603369,39.9900,40.5400,38.8800,39.0000,39.8200,12720972,506206721.0500,3,1.014000,1,-2.059300,0
2024-09-26,sh.603369,39.0000,42.9000,38.7300,42.9000,39.0000,18401117,759178724.8300,3,1.466800,1,10.000000,0
2024-09-27,sh.603369,44.9800,47.1800,43.9500,46.8500,42.9000,13016936,592229732.1900,3,1.037600,1,9.207500,0
2024-09-30,sh.603369,49.0100,51.5400,49.0100,51.5400,46.8500,18500738,942663453.9600,3,1.474700,1,10.010700,0
2024-10-08,sh.603369,56.6900,56.6900,51.0100,54.5300,51.5400,25478749,1394322642.4000,3,2.031000,1,5.801300,0
2024-10-09,sh.603369,52.4000,52.4000,49.0800,49.0800,54.5300,16593968,829241655.0700,3,1.322800,1,-9.994500,0
2024-10-10,sh.603369,47.5100,50.7800,46.8100,48.5100,49.0800,15343901,747886175.0600,3,1.223100,1,-1.161400,0
2024-10-11,sh.603369,48.0000,48.3300,45.6100,46.2800,48.5100,9934967,463722238.2500,3,0.791900,1,-4.597000,0
2024-10-14,sh.603369,46.2800,48.5800,45.6800,47.6400,46.2800,13528600,639759159.5000,3,1.078400,1,2.938600,0
2024-10-15,sh.603369,47.6500,47.8600,45.8000,45.8000,47.6400,7344823,341793521.2500,3,0.585500,1,-3.862300,0
2024-10-16,sh.603369,45.4000,46.0100,44.7300,45.2800,45.8000,6695455,303057225.8100,3,0.533700,1,-1.135400,0
2024-10-17,sh.603369,45.6000,45.7200,44.0700,44.2500,45.2800,5192905,233045979.4400,3,0.413900,1,-2.274700,0
2024-10-18,sh.603369,44.1000,46.2300,43.6300,45.4900,44.2500,12342690,553316239.9400,3,0.983900,1,2.802300,0
2024-10-21,sh.603369,45.2000,46.3300,44.7000,45.9300,45.4900,9804511,447276164.2700,3,0.781500,1,0.967200,0
2024-10-22,sh.603369,45.8000,46.9500,45.5200,46.5100,45.9300,8333283,387389428.8900,3,0.664300,1,1.262800,0
2024-10-23,sh.603369,46.7000,49.0000,46.1200,48.5100,46.5100,12964901,620059116.0100,3,1.033500,1,4.300200,0
2024-10-24,sh.603369,47.8000,48.2000,47.3100,47.4500,48.5100,5045196,240315866.1100,3,0.402200,1,-2.185100,0
2024-10-25,sh.603369,47.1000,48.2300,46.8700,47.0300,47.4500,6994478,331917969.4800,3,0.557600,1,-0.885100,0
2024-10-28,sh.603369,46.9000,48.5900,46.5800,47.7500,47.0300,9085110,432479753.5400,3,0.724200,1,1.530900,0
2024-10-29,sh.603369,47.3600,47.6500,45.2000,45.3700,47.7500,13093555,603581018.7300,3,1.043700,1,-4.984300,0
2024-10-30,sh.603369,45.0000,45.3000,42.9000,43.9400,45.3700,15177184,665540356.1100,3,1.209800,1,-3.151900,0
2024-10-31,sh.603369,43.5500,44.2800,43.3700,43.9200,43.9400,8286325,363194650.8300,3,0.660500,1,-0.045500,0
2024-11-01,sh.603369,43.9000,45.3300,43.6100,44.4800,43.9200,10552041,471146340.6500,3,0.841100,1,1.275000,0
2024-11-04,sh.603369,44.5000,45.1000,44.0300,44.9000,44.4800,7193850,321306643.7500,3,0.573400,1,0.944200,0
2024-11-05,sh.603369,44.8400,45.6000,44.3000,45.4600,44.9000,10219740,461008070.5400,3,0.814600,1,1.247200,0
2024-11-06,sh.603369,45.5300,45.9800,44.7500,45.2700,45.4600,9237016,417956394.9000,3,0.736300,1,-0.417900,0
2024-11-07,sh.603369,44.9900,49.1900,44.9000,49.1800,45.2700,23135076,1101658100.7500,3,1.844200,1,8.637100,0
2024-11-08,sh.603369,49.9700,50.4000,47.3000,47.4900,49.1800,17004689,817601659.8000,3,1.355500,1,-3.436400,0
2024-11-11,sh.603369,46.6500,47.4900,45.9000,47.4900,47.4900,11822962,552035629.0100,3,0.942400,1,0.000000,0
2024-11-12,sh.603369,47.5000,48.4600,47.0000,47.2800,47.4900,12313283,588640649.3300,3,0.981500,1,-0.442200,0
2024-11-13,sh.603369,47.0300,48.1200,46.7700,47.6200,47.2800,7485183,356046674.1300,3,0.596700,1,0.719100,0
2024-11-14,sh.603369,47.5000,47.8400,46.8000,46.9900,47.6200,6806798,321752899.4900,3,0.542600,1,-1.323000,0
2024-11-15,sh.603369,46.9600,47.7300,46.2700,46.3300,46.9900,6573265,308500388.4100,3,0.524000,1,-1.404600,0
2024-11-18,sh.603369,46.3000,46.7700,45.0200,45.3000,46.3300,6280151,288631673.7600,3,0.500600,1,-2.223200,0
2024-11-19,sh.603369,45.5100,45.9000,44.3200,45.4800,45.3000,5318418,239477293.5400,3,0.423900,1,0.397400,0
2024-11-20,sh.603369,45.2300,45.8700,44.9800,45.7000,45.4800,4257234,193925053.8200,3,0.339400,1,0.483700,0
2024-11-21,sh.603369,45.5600,46.4600,45.4500,46.3600,45.7000,4969333,228381169.2900,3,0.396100,1,1.444200,0
2024-11-22,sh.603369,46.3600,47.6000,44.4800,44.5000,46.3600,7351200,336837636.4100,3,0.586000,1,-4.012100,0
2024-11-25,sh.603369,44.1000,45.0800,43.8400,44.3400,44.5000,4880158,216264684.7200,3,0.389000,1,-0.359600,0
2024-11-26,sh.603369,44.2500,45.0500,43.8900,44.2000,44.3400,4187160,186085691.9700,3,0.333800,1,-0.315700,0
2024-11-27,sh.603369,44.1800,45.9000,43.9100,45.1600,44.2000,6985158,313732232.1200,3,0.556800,1,2.171900,0
2024-11-28,sh.603369,45.0700,45.2000,44.6200,44.7100,45.1600,4125170,185275876.5000,3,0.328800,1,-0.996500,0
2024-11-29,sh.603369,44.9300,45.8800,44.8900,44.9600,44.7100,6103900,276264340.0000,3,0.486600,1,0.559200,0
2024-12-02,sh.603369,46.3000,47.6900,45.4900,47.2900,44.9600,16468926,775081437.2600,3,1.312800,1,5.182400,0
2024-12-03,sh.603369,47.0300,47.8000,46.8100,47.4100,47.2900,6644450,315142827.3200,3,0.529600,1,0.253800,0
2024-12-04,sh.603369,47.4100,47.4100,46.3200,47.1200,47.4100,5830800,273367171.2500,3,0.464800,1,-0.611700,0
2024-12-05,sh.603369,47.1100,47.9200,46.3500,47.5600,47.1200,6378625,301883546.0000,3,0.508500,1,0.933800,0
2024-12-06,sh.603369,47.5600,48.3500,47.3000,47.4800,47.5600,7301528,348944658.1200,3,0.582000,1,-0.168200,0
2024-12-09,sh.603369,47.3100,48.0800,46.7300,47.4500,47.4800,5582702,264497900.5800,3,0.445000,1,-0.063200,0
2024-12-10,sh.603369,49.3500,50.9600,49.0300,49.6600,47.4500,19139365,956649225.9500,3,1.525700,1,4.657500,0
2024-12-11,sh.603369,49.5300,51.9300,49.3100,50.4100,49.6600,11664763,592333484.9500,3,0.929800,1,1.510300,0
2024-12-12,sh.603369,50.3500,51.1900,49.8000,50.8500,50.4100,11503893,581826876.0900,3,0.917000,1,0.872800,0
2024-12-13,sh.603369,50.8500,50.9800,49.4100,49.4900,50.8500,16403738,822976053.9100,3,1.307600,1,-2.674500,0
2024-12-16,sh.603369,49.5000,49.7500,47.7000,47.9800,49.4900,8236596,399012293.6500,3,0.656600,1,-3.051100,0
2024-12-17,sh.603369,47.5900,48.6000,47.4000,47.8000,47.9800,4851785,232882695.5300,3,0.386800,1,-0.375200,0
2024-12-18,sh.603369,47.8500,48.3000,46.9000,46.9600,47.8000,6028273,285633571.9600,3,0.480500,1,-1.757300,0
2024-12-19,sh.603369,46.4000,46.6500,44.3500,44.7400,46.9600,13728226,619151851.8600,3,1.094300,1,-4.727400,0
2024-12-20,sh.603369,44.7600,45.5600,44.6000,45.1800,44.7400,8057939,363840407.2900,3,0.642300,1,0.983500,0
2024-12-23,sh.603369,45.2000,45.3800,44.4500,44.5500,45.1800,5853760,262709378.2000,3,0.466600,1,-1.394400,0
2024-12-24,sh.603369,44.7800,45.4800,44.5000,45.4300,44.5500,6343302,285716055.4200,3,0.505600,1,1.975300,0
2024-12-25,sh.603369,45.4500,45.6600,44.8200,45.4400,45.4300,6882300,311073364.0000,3,0.548600,1,0.022000,0
