date,code,open,high,low,close,preclose,volume,amount,adjustflag,turn,tradestatus,pctChg,isST
2021-04-20,sh.688682,128.0000,141.0000,103.5100,103.5100,45.7200,6348310,779056716.1000,3,84.451400,1,126.399800,0
2021-04-21,sh.688682,94.5800,94.9800,85.2000,85.7100,103.5100,4411874,394873215.9400,3,58.691000,1,-17.196400,0
2021-04-22,sh.688682,87.9800,95.9500,86.8600,88.8000,85.7100,2750760,249732195.4800,3,36.593300,1,3.605200,0
2021-04-23,sh.688682,87.6800,95.6000,87.5500,90.0000,88.8000,1923845,175992501.1000,3,25.592900,1,1.351400,0
2021-04-26,sh.688682,90.5000,94.4600,87.3000,88.0600,90.0000,1630764,147753733.8900,3,21.694000,1,-2.155600,0
2021-04-27,sh.688682,87.1900,91.4000,85.5300,88.9100,88.0600,1392357,122747952.9500,3,18.522500,1,0.965300,0
2021-04-28,sh.688682,89.5000,91.3900,87.2100,90.4900,88.9100,1072046,96219855.6900,3,14.261400,1,1.777100,0
2021-04-29,sh.688682,90.1600,90.8800,84.8400,85.4000,90.4900,1113994,97998723.7800,3,14.819400,1,-5.624900,0
2021-04-30,sh.688682,85.6300,86.0000,77.5000,78.0000,85.4000,1803272,145147610.4000,3,23.988900,1,-8.665100,0
2021-05-06,sh.688682,78.2200,78.4500,74.7000,76.3800,78.0000,825619,62842929.1800,3,10.983200,1,-2.076900,0
2021-05-07,sh.688682,76.3700,77.6600,74.6100,77.2000,76.3800,712978,54421079.5400,3,9.484700,1,1.073600,0
2021-05-10,sh.688682,76.5500,81.9900,75.1800,80.8000,77.2000,1096949,86763999.3600,3,14.592700,1,4.663200,0
2021-05-11,sh.688682,80.1500,83.6900,79.0400,81.0000,80.8000,950787,77285246.3500,3,12.648300,1,0.247500,0
2021-05-12,sh.688682,81.0000,81.0000,76.3600,77.4500,81.0000,809292,62747830.9600,3,10.766000,1,-4.382700,0
2021-05-13,sh.688682,75.7000,78.6800,75.3000,75.9300,77.4500,543530,41559697.8900,3,7.230600,1,-1.962600,0
2021-05-14,sh.688682,76.4200,79.2700,75.5700,78.3000,75.9300,616497,48031343.5100,3,8.201200,1,3.121300,0
2021-05-17,sh.688682,77.6900,81.8900,77.5000,79.0100,78.3000,640428,51239697.0700,3,8.519600,1,0.906800,0
2021-05-18,sh.688682,78.5500,82.4900,78.5200,81.4700,79.0100,732513,59443308.7500,3,9.744600,1,3.113500,0
2021-05-19,sh.688682,81.1400,82.8800,78.6300,79.1500,81.4700,662406,53144549.6800,3,8.812000,1,-2.847700,0
2021-05-20,sh.688682,79.1000,81.5900,78.6600,81.1900,79.1500,570215,45992979.6700,3,7.585600,1,2.577400,0
2021-05-21,sh.688682,80.9800,81.3300,77.0000,78.1500,81.1900,590771,46895274.8400,3,7.859000,1,-3.744300,0
2021-05-24,sh.688682,77.5500,79.5500,77.5500,78.2700,78.1500,348937,27435348.5300,3,4.641900,1,0.153600,0
2021-05-25,sh.688682,78.2700,80.0000,78.1000,79.4100,78.2700,383679,30376522.6500,3,5.104100,1,1.456500,0
2021-05-26,sh.688682,79.3800,81.3500,78.5300,80.5300,79.4100,499010,40160248.1400,3,6.638300,1,1.410400,0
2021-05-27,sh.688682,80.0100,82.0800,79.0200,81.2900,80.5300,620403,50146831.2000,3,8.253200,1,0.943700,0
2021-05-28,sh.688682,80.9900,81.9500,79.8000,80.4500,81.2900,438476,35514778.9500,3,5.833000,1,-1.033300,0
2021-05-31,sh.688682,80.4600,88.5000,80.4600,87.3500,80.4500,1170209,99779001.6200,3,15.567300,1,8.576800,0
2021-06-01,sh.688682,86.0000,92.5000,86.0000,88.0400,87.3500,1255107,112008295.6500,3,16.696700,1,0.789900,0
2021-06-02,sh.688682,89.1000,94.9600,88.0000,94.1800,88.0400,1439025,132958149.8000,3,19.143300,1,6.974100,0
2021-06-03,sh.688682,92.6000,94.0100,88.8000,89.3400,94.1800,1100032,99617257.8300,3,14.633700,1,-5.139100,0
2021-06-04,sh.688682,88.8000,90.6200,85.1800,85.9200,89.3400,877828,76100971.5200,3,11.677700,1,-3.828100,0
2021-06-07,sh.688682,86.2000,88.8800,86.0800,87.5800,85.9200,528657,46381117.7000,3,7.032700,1,1.932000,0
2021-06-08,sh.688682,90.0000,92.9900,87.5000,90.9500,87.5800,901399,81762486.8400,3,11.991300,1,3.847900,0
2021-06-09,sh.688682,89.8800,91.7700,87.8300,88.4600,90.9500,568066,50741140.5700,3,7.557000,1,-2.737800,0
2021-06-10,sh.688682,88.0400,89.4800,87.5300,89.1500,88.4600,534183,47323805.2300,3,7.106200,1,0.780000,0
2021-06-11,sh.688682,89.4200,89.7500,84.8200,85.4900,89.1500,758758,65531080.8900,3,10.093700,1,-4.105400,0
2021-06-15,sh.688682,86.0000,86.0000,82.9500,83.9900,85.4900,398951,33524077.3300,3,5.307200,1,-1.754600,0
2021-06-16,sh.688682,83.7700,84.7400,82.5100,82.8700,83.9900,306107,25530893.4900,3,4.072100,1,-1.333500,0
2021-06-17,sh.688682,82.3800,85.4900,82.3800,84.9000,82.8700,433843,36488677.5100,3,5.771400,1,2.449600,0
2021-06-18,sh.688682,84.0300,88.9800,84.0200,87.4500,84.9000,580879,50817411.1900,3,7.727400,1,3.003500,0
2021-06-21,sh.688682,87.0000,93.6500,86.9800,92.8100,87.4500,1073090,98331824.5700,3,14.275300,1,6.129200,0
2021-06-22,sh.688682,93.0000,97.5000,91.6000,92.4000,92.8100,990105,93110697.3500,3,13.171300,1,-0.441800,0
2021-06-23,sh.688682,92.2700,103.5300,92.2700,102.0800,92.4000,1668092,163257205.6600,3,22.190600,1,10.476200,0
2021-06-24,sh.688682,102.1500,114.7900,102.0500,107.4400,102.0800,1613935,174692450.6400,3,21.470100,1,5.250800,0
2021-06-25,sh.688682,109.0900,113.8800,106.0000,111.0200,107.4400,1041091,114591581.8800,3,13.849600,1,3.332100,0
2021-06-28,sh.688682,115.8800,133.2200,113.3300,133.2200,111.0200,1770635,226668330.2800,3,23.554700,1,19.996400,0
2021-06-29,sh.688682,129.6600,137.7000,126.0000,131.6000,133.2200,1590995,208620490.7900,3,21.165000,1,-1.216000,0
2021-06-30,sh.688682,129.8000,137.7700,126.4000,128.2000,131.6000,1170984,153498495.0600,3,15.577600,1,-2.583600,0
2021-07-01,sh.688682,129.8100,129.8100,118.2400,118.2400,128.2000,1112450,136280742.4100,3,14.798900,1,-7.769100,0
2021-07-02,sh.688682,123.0000,141.8900,120.4400,141.8900,118.2400,1335762,181361695.5900,3,17.769600,1,20.001700,0
2021-07-05,sh.688682,141.8200,170.2500,136.5500,164.0000,141.8900,2613652,397149392.0500,3,34.769300,1,15.582500,0
2021-07-06,sh.688682,164.0000,179.8800,157.0000,165.8700,163.2000,1783934,301338240.7700,3,23.731600,1,1.636000,0
2021-07-07,sh.688682,166.0000,176.0300,150.0200,168.6000,165.8700,1306848,214214491.3200,3,17.385000,1,1.645900,0
2021-07-08,sh.688682,165.0000,174.8800,160.0000,173.7800,168.6000,1187087,199881685.0200,3,15.791800,1,3.072400,0
2021-07-09,sh.688682,169.9800,173.8500,148.9600,152.0000,173.7800,1721014,271229557.9000,3,22.894600,1,-12.533100,0
2021-07-12,sh.688682,155.5000,174.0000,155.5000,173.1900,152.0000,1548546,256493788.3100,3,20.600300,1,13.940800,0
2021-07-13,sh.688682,175.0000,175.0000,155.4200,169.0000,173.1900,1476485,241515431.1800,3,19.641600,1,-2.419300,0
2021-07-14,sh.688682,163.7900,169.0200,158.6000,161.0000,169.0000,1018977,165391107.0900,3,13.555400,1,-4.733700,0
2021-07-15,sh.688682,158.7900,161.7800,149.0000,157.0000,161.0000,815078,125727925.7700,3,10.843000,1,-2.484500,0
2021-07-16,sh.688682,159.3600,167.0000,157.0000,160.3800,157.0000,742113,120969903.5300,3,9.872300,1,2.152900,0
2021-07-19,sh.688682,160.0000,165.6500,157.0200,160.1900,160.3800,599794,96923822.6000,3,7.979000,1,-0.118500,0
2021-07-20,sh.688682,159.9900,172.1200,159.9900,166.6400,160.1900,843139,140252013.5300,3,11.216300,1,4.026500,0
2021-07-21,sh.688682,166.4000,167.5700,158.5000,165.0100,166.6400,687378,111566707.3600,3,9.144200,1,-0.978200,0
2021-07-22,sh.688682,163.0000,171.5800,160.8800,166.0100,165.0100,765959,127354269.3200,3,10.189500,1,0.606000,0
2021-07-23,sh.688682,161.8000,163.7200,150.0000,152.3000,166.0100,1055690,164281415.7000,3,14.043800,1,-8.258500,0
2021-07-26,sh.688682,152.3000,159.0500,146.0000,146.3000,152.3000,791139,120844811.8300,3,10.524500,1,-3.939600,0
2021-07-27,sh.688682,146.3000,154.4700,143.5200,145.8500,146.3000,643387,95528449.6600,3,8.559000,1,-0.307600,0
2021-07-28,sh.688682,142.9400,146.6900,130.1300,135.5500,145.8500,729935,99838911.7400,3,9.710300,1,-7.062100,0
2021-07-29,sh.688682,140.0000,147.0300,138.0000,143.1900,135.5500,644653,92395296.3200,3,8.575800,1,5.636300,0
2021-07-30,sh.688682,140.3900,146.9800,140.0100,142.2000,143.1900,465904,66452982.5600,3,6.197900,1,-0.691400,0
2021-08-02,sh.688682,143.3600,152.0800,141.2200,150.9800,142.2000,584973,86872927.1500,3,7.781900,1,6.174400,0
2021-08-03,sh.688682,175.0000,181.1800,164.5100,181.1800,150.9800,439034,78178305.8500,3,5.840500,1,20.002600,0
2021-08-04,sh.688682,200.0000,200.0000,167.0900,185.0000,181.1800,2150649,382752734.9800,3,28.610000,1,2.108400,0
2021-08-05,sh.688682,180.3000,184.8800,174.7000,176.0600,185.0000,982142,174934141.3500,3,13.065400,1,-4.832400,0
2021-08-06,sh.688682,178.0100,189.9800,176.6200,184.7600,176.0600,870190,159962146.5100,3,11.576100,1,4.941500,0
2021-08-09,sh.688682,185.1900,195.0000,181.9900,187.0000,184.7600,768622,144602511.1200,3,10.225000,1,1.212400,0
2021-08-10,sh.688682,184.0700,194.9900,182.2300,189.3600,187.0000,857177,162333003.9700,3,11.403000,1,1.262000,0
2021-08-11,sh.688682,187.0000,190.9800,181.0200,189.3300,189.3600,638051,118807848.4200,3,8.488000,1,-0.015800,0
2021-08-12,sh.688682,189.0000,199.2000,184.3300,185.6100,189.3300,827742,157611127.5300,3,11.011400,1,-1.964800,0
2021-08-13,sh.688682,184.0100,191.7700,181.0000,188.0900,185.6100,755702,141497176.4500,3,10.053100,1,1.336100,0
2021-08-16,sh.688682,187.0000,191.9900,183.1600,187.1500,188.0900,689556,129373188.1100,3,9.173100,1,-0.499800,0
2021-08-17,sh.688682,188.1900,189.8800,168.9900,170.0000,187.1500,1111162,196036330.9700,3,14.781800,1,-9.163800,0
2021-08-18,sh.688682,175.0000,175.0000,163.0000,167.5800,170.0000,736855,124532147.0400,3,9.802400,1,-1.423500,0
2021-08-19,sh.688682,167.1800,174.2700,167.1800,172.5600,167.5800,540063,92498454.3700,3,7.184400,1,2.971700,0
2021-08-20,sh.688682,172.4700,172.4700,160.0000,162.0700,172.5600,652950,106758947.8500,3,8.686200,1,-6.079000,0
2021-08-23,sh.688682,165.0000,173.0100,162.1200,170.4400,162.0700,519671,88195327.4600,3,6.913200,1,5.164400,0
2021-08-24,sh.688682,170.3800,173.0100,162.4100,165.1800,170.4400,665279,109812336.1800,3,8.850200,1,-3.086100,0
2021-08-25,sh.688682,162.0100,165.6800,156.0800,158.8900,165.1800,525805,83554616.0700,3,6.994800,1,-3.808000,0
2021-08-26,sh.688682,159.0000,162.0000,156.0000,158.2700,158.8900,293432,46539109.2900,3,3.903500,1,-0.390200,0
2021-08-27,sh.688682,160.7300,161.8800,149.8800,152.1700,158.2700,480184,73105944.7500,3,6.387900,1,-3.854200,0
2021-08-30,sh.688682,152.2000,159.7300,150.9600,154.0200,152.1700,396591,61665083.8600,3,5.275800,1,1.215700,0
2021-08-31,sh.688682,151.5700,157.1200,150.1000,153.5100,154.0200,290205,44416292.5800,3,3.860600,1,-0.331100,0
2021-09-01,sh.688682,153.0500,153.0500,143.5100,144.0700,153.5100,450754,66022961.8900,3,5.996400,1,-6.149400,0
2021-09-02,sh.688682,140.3100,148.9800,140.2400,144.8200,144.0700,214673,31239964.8200,3,2.855800,1,0.520600,0
2021-09-03,sh.688682,142.6700,144.8200,137.0500,140.0600,144.8200,289857,40939551.4900,3,3.856000,1,-3.286800,0
2021-09-06,sh.688682,141.4000,143.5000,135.1600,141.7900,140.0600,281374,39238339.7900,3,3.743100,1,1.235200,0
2021-09-07,sh.688682,141.8300,144.4400,139.5400,143.8000,141.7900,219443,31324632.9700,3,2.919200,1,1.417600,0
2021-09-08,sh.688682,144.3500,153.2000,143.2600,146.3500,143.8000,587846,87266960.1400,3,7.820100,1,1.773300,0
2021-09-09,sh.688682,144.0000,145.7400,136.0000,137.9800,146.3500,556817,77363903.8300,3,7.407300,1,-5.719200,0
2021-09-10,sh.688682,140.0000,142.8700,137.3600,141.3000,137.9800,318171,44696745.7700,3,4.232600,1,2.406100,0
2021-09-13,sh.688682,141.5000,141.5000,133.1400,138.2700,141.3000,307669,41897790.0100,3,4.092900,1,-2.144400,0
2021-09-14,sh.688682,137.9700,140.7100,135.4800,136.8100,138.2700,219589,30252215.2400,3,2.921200,1,-1.055900,0
2021-09-15,sh.688682,136.8100,136.8100,130.3000,130.4900,136.8100,328317,43292819.5800,3,4.367600,1,-4.619500,0
2021-09-16,sh.688682,129.9600,132.8700,125.5000,127.8400,130.4900,361465,46339724.0400,3,4.808600,1,-2.030800,0
2021-09-17,sh.688682,122.8800,129.9200,122.2500,126.0000,127.8400,355005,44308055.7500,3,4.722600,1,-1.439300,0
2021-09-22,sh.688682,124.0000,125.5300,117.0100,117.9500,126.0000,383134,46075757.7900,3,5.096800,1,-6.388900,0
2021-09-23,sh.688682,114.9600,125.0000,114.9600,121.8800,117.9500,321950,39362381.1500,3,4.282900,1,3.331900,0
2021-09-24,sh.688682,122.1900,122.6000,117.4800,118.3000,121.8800,217839,26031517.0700,3,2.897900,1,-2.937300,0
2021-09-27,sh.688682,115.5100,120.4400,112.0000,112.6000,118.3000,298886,34258280.0500,3,3.976100,1,-4.818300,0
2021-09-28,sh.688682,116.0000,116.8800,111.8000,114.6800,112.6000,165000,18702782.0700,3,2.195000,1,1.847200,0
2021-09-29,sh.688682,114.5900,114.9300,105.8900,106.5300,114.6800,290248,31562105.8200,3,3.861200,1,-7.106700,0
2021-09-30,sh.688682,106.7300,110.8000,106.5300,109.6200,106.5300,185285,20199968.5100,3,2.464800,1,2.900600,0
2021-10-08,sh.688682,112.9000,119.3800,110.8100,116.9100,109.6200,393203,45643479.0100,3,5.230800,1,6.650200,0
2021-10-11,sh.688682,118.0900,122.0000,114.1500,119.5000,116.9100,294171,34870419.4800,3,3.913300,1,2.215400,0
2021-10-12,sh.688682,117.0000,120.9900,115.2600,116.8800,119.5000,270458,31821876.4600,3,3.597900,1,-2.192500,0
2021-10-13,sh.688682,115.2100,121.0000,113.2700,119.2900,116.8800,222121,26080345.1200,3,2.954900,1,2.061900,0
2021-10-14,sh.688682,118.5100,123.8800,118.5100,123.0000,119.2900,169701,20779434.6700,3,2.257500,1,3.110100,0
2021-10-15,sh.688682,121.2600,123.5000,118.6500,122.0300,123.0000,235327,28518188.9900,3,3.130500,1,-0.788600,0
2021-10-18,sh.688682,121.9000,122.2100,118.4000,119.9300,122.0300,141500,16914703.9200,3,1.882400,1,-1.720900,0
2021-10-19,sh.688682,118.6000,120.8800,118.5100,118.6000,119.9300,148049,17600455.6200,3,1.969500,1,-1.109000,0
2021-10-20,sh.688682,116.2000,121.0000,113.7200,119.3400,118.6000,420610,49084346.7900,3,5.349600,1,0.623900,0
2021-10-21,sh.688682,119.1300,119.3600,114.0000,116.3900,119.3400,293744,34058145.1600,3,3.736000,1,-2.471900,0
2021-10-22,sh.688682,116.1600,117.8200,114.0000,117.7400,116.3900,214388,25043999.6200,3,2.726700,1,1.159900,0
2021-10-25,sh.688682,117.0000,133.0100,113.4500,131.0000,117.7400,697054,85301675.1500,3,8.865600,1,11.262100,0
2021-10-26,sh.688682,127.0000,133.4400,125.7500,128.7300,131.0000,550631,70829074.5000,3,7.003300,1,-1.732800,0
2021-10-27,sh.688682,128.7300,137.9800,127.3200,135.7000,128.7300,687640,91390216.0700,3,8.745800,1,5.414400,0
2021-10-28,sh.688682,137.5000,137.5000,128.0300,129.2500,135.7000,398273,52289733.7700,3,5.065500,1,-4.753100,0
2021-10-29,sh.688682,128.2500,129.0100,112.0100,113.3000,129.2500,1107464,131749223.9200,3,14.085400,1,-12.340400,0
2021-11-01,sh.688682,112.3000,115.8600,110.8200,111.2100,113.3000,684277,76998110.0800,3,8.703000,1,-1.844700,0
2021-11-02,sh.688682,114.9900,119.9700,113.0000,118.2600,111.2100,639381,75179916.2800,3,8.132000,1,6.339400,0
2021-11-03,sh.688682,118.2000,119.5600,114.3700,115.8400,118.2600,382071,44279843.2100,3,4.859400,1,-2.046300,0
2021-11-04,sh.688682,116.0900,124.8400,116.0900,122.8000,115.8400,495838,60166783.1300,3,6.306400,1,6.008300,0
2021-11-05,sh.688682,123.1400,136.0200,120.5600,129.9800,122.8000,674207,87939585.2600,3,8.575000,1,5.846900,0
2021-11-08,sh.688682,132.3200,133.9700,124.3100,125.8300,129.9800,366382,46434997.4800,3,4.659900,1,-3.192800,0
2021-11-09,sh.688682,124.8900,131.5700,123.1800,130.4200,125.8300,407104,52821051.4900,3,5.177800,1,3.647800,0
2021-11-10,sh.688682,130.7300,131.8100,126.6800,128.5400,130.4200,319005,41155717.1000,3,4.057300,1,-1.441500,0
2021-11-11,sh.688682,127.1200,136.4900,127.1200,132.4800,128.5400,500437,66710931.8100,3,6.364900,1,3.065200,0
2021-11-12,sh.688682,132.4000,136.9800,131.6900,136.3600,132.4800,378186,51255575.1100,3,4.810000,1,2.928700,0
2021-11-15,sh.688682,135.3700,139.0600,130.8000,131.4800,136.3600,408302,54454566.1300,3,5.193000,1,-3.578800,0
2021-11-16,sh.688682,132.9900,132.9900,125.9900,128.4800,131.4800,310518,40098882.0900,3,3.949400,1,-2.281700,0
2021-11-17,sh.688682,130.2400,130.5100,127.0500,129.1300,128.4800,160930,20760291.8500,3,2.046800,1,0.505900,0
2021-11-18,sh.688682,131.0000,131.0000,126.8800,128.8700,129.1300,282344,36426206.2700,3,3.591000,1,-0.201300,0
2021-11-19,sh.688682,127.1100,129.7800,125.1900,127.6300,128.8700,191535,24516451.5800,3,2.436100,1,-0.962200,0
2021-11-22,sh.688682,126.3900,133.8800,126.3900,132.6400,127.6300,370261,48327519.5400,3,4.709200,1,3.925400,0
2021-11-23,sh.688682,133.5000,137.9700,132.6900,136.1800,132.6400,391741,53211294.0300,3,4.982400,1,2.668900,0
2021-11-24,sh.688682,134.0400,139.4900,134.0400,135.7700,136.1800,365165,50090773.1000,3,4.644400,1,-0.301100,0
2021-11-25,sh.688682,133.9500,138.5400,133.6400,133.9600,135.7700,227850,30706404.5900,3,2.897900,1,-1.333100,0
2021-11-26,sh.688682,132.5000,146.0000,132.5000,143.0300,133.9600,628938,88487538.5800,3,7.999200,1,6.770700,0
2021-11-29,sh.688682,140.0000,145.8800,138.0000,142.9900,143.0300,437683,62369624.1100,3,5.566700,1,-0.028000,0
2021-11-30,sh.688682,145.1300,153.2000,142.1100,143.8000,142.9900,840025,123271364.2300,3,10.683900,1,0.566500,0
2021-12-01,sh.688682,144.0500,154.8600,144.0500,151.9300,143.8000,654610,98915166.9000,3,8.325700,1,5.653700,0
2021-12-02,sh.688682,154.2100,157.0000,148.0000,152.0000,151.9300,529695,80853370.3100,3,6.737000,1,0.046100,0
2021-12-03,sh.688682,151.3300,156.6900,150.1500,152.4600,152.0000,311992,47998282.6800,3,3.968100,1,0.302600,0
2021-12-06,sh.688682,150.2600,153.9500,147.0400,150.0000,152.4600,431014,64609803.0900,3,5.481900,1,-1.613500,0
2021-12-07,sh.688682,153.0000,153.0000,142.2000,143.2800,150.0000,431144,62544078.9100,3,5.483500,1,-4.480000,0
2021-12-08,sh.688682,143.5000,165.5500,142.6100,161.0000,143.2800,920209,145543757.5400,3,11.703800,1,12.367400,0
2021-12-09,sh.688682,157.5100,165.0000,157.5100,161.0000,161.0000,557965,89863597.6700,3,7.096500,1,0.000000,0
2021-12-10,sh.688682,157.4400,165.9700,157.4400,161.6000,161.0000,396217,64367631.6800,3,5.039300,1,0.372700,0
2021-12-13,sh.688682,166.3900,166.3900,159.3800,162.4900,161.6000,301397,48952668.3500,3,3.833300,1,0.550700,0
2021-12-14,sh.688682,162.4900,164.2000,158.6600,161.8800,162.4900,338538,54309882.8100,3,4.305700,1,-0.375400,0
2021-12-15,sh.688682,161.8200,169.1600,160.0300,164.4000,161.8800,402486,67012907.1600,3,5.119100,1,1.556700,0
2021-12-16,sh.688682,161.4100,178.2000,161.4100,172.5500,164.4000,553720,95856231.6200,3,7.042500,1,4.957400,0
2021-12-17,sh.688682,170.0000,175.0000,164.0000,169.6000,172.5500,345053,57912041.2800,3,4.388600,1,-1.709600,0
2021-12-20,sh.688682,169.1000,173.0800,163.0000,164.8000,169.6000,389248,65118191.4100,3,4.950700,1,-2.830200,0
2021-12-21,sh.688682,162.4800,168.0000,161.3100,166.4400,164.8000,289990,47860722.5100,3,3.688300,1,0.995100,0
2021-12-22,sh.688682,166.2100,176.9900,163.1300,174.0000,166.4400,387820,65997768.7200,3,4.932500,1,4.542200,0
2021-12-23,sh.688682,172.0100,174.7700,169.0100,169.0500,174.0000,211059,36076716.5600,3,2.684400,1,-2.844800,0
2021-12-24,sh.688682,167.0200,171.4700,164.0700,164.7900,169.0500,305301,51099134.8100,3,3.883000,1,-2.520000,0
2021-12-27,sh.688682,164.4600,166.0800,161.0000,163.7600,164.7900,207233,33844101.0300,3,2.635700,1,-0.625000,0
2021-12-28,sh.688682,162.3200,165.6100,159.0200,161.1000,163.7600,239020,38551073.0800,3,3.040000,1,-1.624300,0
2021-12-29,sh.688682,160.5400,163.0200,156.0000,158.1100,161.1000,250481,39914693.1500,3,3.185800,1,-1.856000,0
2021-12-30,sh.688682,154.5400,167.1500,154.5400,163.5000,158.1100,295997,48202825.1800,3,3.764700,1,3.409000,0
2021-12-31,sh.688682,164.7000,169.0500,160.1900,162.9800,163.5000,263087,42719148.1200,3,3.346100,1,-0.318000,0
2022-01-04,sh.688682,164.9100,165.2600,158.8400,160.0700,162.9800,242307,39147735.2900,3,3.081800,1,-1.785500,0
2022-01-05,sh.688682,161.9700,161.9700,149.7300,151.0000,160.0700,342342,52657388.9700,3,4.354100,1,-5.666300,0
2022-01-06,sh.688682,149.1000,155.4000,148.3000,151.0400,151.0000,173417,26251046.9400,3,2.205600,1,0.026500,0
2022-01-07,sh.688682,150.1100,154.7700,146.7000,147.1400,151.0400,207646,31166928.7400,3,2.641000,1,-2.582100,0
2022-01-10,sh.688682,146.8700,152.5000,144.9100,147.0900,147.1400,214788,31636413.9900,3,2.731800,1,-0.034000,0
2022-01-11,sh.688682,147.1100,150.5400,141.5600,142.6900,147.0900,146296,21345851.9300,3,1.860700,1,-2.991400,0
2022-01-12,sh.688682,141.3700,143.5200,139.3400,142.1600,142.6900,235875,33393473.2600,3,3.000000,1,-0.371400,0
2022-01-13,sh.688682,143.5300,143.8400,136.9800,142.2000,142.1600,365053,51070537.7200,3,4.643000,1,0.028100,0
2022-01-14,sh.688682,146.8400,146.8400,140.0000,142.8300,142.2000,206863,29419346.0800,3,2.631000,1,0.443000,0
2022-01-17,sh.688682,141.1600,156.8700,141.1600,156.8000,142.8300,411788,62561647.6200,3,5.237400,1,9.780900,0
2022-01-18,sh.688682,162.4900,162.7700,151.1200,153.5700,156.8000,194866,30291169.1000,3,2.478400,1,-2.059900,0
2022-01-19,sh.688682,154.7300,157.0000,148.5200,149.4000,153.5700,213177,32253878.3200,3,2.711300,1,-2.715400,0
2022-01-20,sh.688682,148.7200,153.5000,145.5000,150.7500,149.4000,222229,33298643.9400,3,2.826400,1,0.903600,0
2022-01-21,sh.688682,148.3700,151.8200,142.0000,149.3000,150.7500,284518,41538970.6600,3,3.618700,1,-0.961900,0
2022-01-24,sh.688682,149.6800,151.5000,146.0000,149.0300,149.3000,190476,28373683.3500,3,2.422600,1,-0.180800,0
2022-01-25,sh.688682,149.0000,149.5300,140.0500,140.3700,149.0300,138490,20101282.3800,3,1.761400,1,-5.810900,0
2022-01-26,sh.688682,136.1000,142.9800,136.1000,140.3600,140.3700,101255,14244541.4900,3,1.287800,1,-0.007100,0
2022-01-27,sh.688682,139.1900,139.2700,129.1100,132.5300,140.3600,280004,37058805.2100,3,3.561300,1,-5.578500,0
2022-01-28,sh.688682,128.0000,135.0000,125.5300,131.9900,132.5300,243683,31724601.0300,3,3.099300,1,-0.407500,0
2022-02-07,sh.688682,132.3200,136.0000,130.2200,132.5500,131.9900,123552,16388409.3300,3,1.571400,1,0.424300,0
2022-02-08,sh.688682,132.8200,132.8400,123.0100,128.0000,132.5500,169351,21473235.6800,3,2.153900,1,-3.432700,0
2022-02-09,sh.688682,127.6000,129.9900,125.0500,127.9200,128.0000,78481,10009510.5300,3,0.998200,1,-0.062500,0
2022-02-10,sh.688682,126.0200,129.7400,126.0200,129.3600,127.9200,94445,12076252.3400,3,1.201200,1,1.125700,0
2022-02-11,sh.688682,128.9600,128.9600,118.8800,119.6700,129.3600,173297,21152772.7700,3,2.204100,1,-7.490700,0
2022-02-14,sh.688682,118.0300,124.8800,118.0300,123.9000,119.6700,127364,15591236.6200,3,1.619900,1,3.534700,0
2022-02-15,sh.688682,121.9000,127.8200,121.8800,127.1300,123.9000,120363,15072946.9500,3,1.530800,1,2.606900,0
2022-02-16,sh.688682,129.2500,132.6800,126.8800,127.0100,127.1300,135525,17487620.8200,3,1.723700,1,-0.094400,0
2022-02-17,sh.688682,126.1000,132.2200,126.1000,130.2500,127.0100,180993,23581730.4800,3,2.302000,1,2.551000,0
2022-02-18,sh.688682,129.9700,129.9800,127.0000,127.2000,130.2500,93960,12013547.2400,3,1.195000,1,-2.341700,0
2022-02-21,sh.688682,130.7900,130.7900,126.1600,128.5100,127.2000,114111,14579248.3900,3,1.451300,1,1.029900,0
2022-02-22,sh.688682,129.6800,129.7800,123.9400,127.7000,128.5100,200699,25580587.7500,3,2.552600,1,-0.630300,0
2022-02-23,sh.688682,129.6200,141.5500,125.1000,140.3000,127.7000,272327,36925840.4500,3,3.463600,1,9.866900,0
2022-02-24,sh.688682,144.5100,144.5100,133.1400,140.2100,140.3000,295652,41468157.4100,3,3.760300,1,-0.064100,0
2022-02-25,sh.688682,141.1000,144.2800,136.1800,139.0000,140.2100,205577,28752295.2500,3,2.614700,1,-0.863000,0
2022-02-28,sh.688682,139.0500,142.3500,135.0700,141.9800,139.0000,190485,26696938.0000,3,2.422700,1,2.143900,0
2022-03-01,sh.688682,136.2300,147.4300,135.0000,144.0000,141.9800,424016,59860246.0000,3,5.392900,1,1.422700,0
2022-03-02,sh.688682,144.3500,148.8800,139.3900,148.0000,144.0000,525911,76039991.0000,3,6.688900,1,2.777800,0
2022-03-03,sh.688682,147.9900,148.0000,141.3000,142.5000,148.0000,197076,28382333.0000,3,2.506500,1,-3.716200,0
2022-03-04,sh.688682,140.0600,145.1000,140.0000,142.1500,142.5000,154967,22185216.0000,3,1.971000,1,-0.245600,0
2022-03-07,sh.688682,140.1400,142.5800,136.8100,136.9400,142.1500,123091,17147767.0000,3,1.565500,1,-3.665100,0
2022-03-08,sh.688682,137.2000,139.9900,132.3000,136.0000,136.9400,188613,25576158.0000,3,2.398900,1,-0.686400,0
2022-03-09,sh.688682,136.0000,137.5900,129.0000,131.0000,136.0000,276966,36879516.0000,3,3.522600,1,-3.676500,0
2022-03-10,sh.688682,134.0000,134.1000,128.1400,131.0000,131.0000,138795,18199083.0000,3,1.765300,1,0.000000,0
2022-03-11,sh.688682,130.0000,133.0000,125.5600,131.5900,131.0000,142960,18493525.0000,3,1.818300,1,0.450400,0
2022-03-14,sh.688682,129.0000,131.6400,127.0300,128.6600,131.5900,114476,14793284.0000,3,1.456000,1,-2.226600,0
2022-03-15,sh.688682,126.2000,128.5000,121.0500,121.0500,128.6600,140347,17504173.0000,3,1.785000,1,-5.914800,0
2022-03-16,sh.688682,124.5000,124.5000,119.0000,122.5400,121.0500,212848,25909405.0000,3,2.707100,1,1.230900,0
2022-03-17,sh.688682,122.5400,128.4800,120.3100,120.8000,122.5400,207229,25569452.0000,3,2.635700,1,-1.419900,0
2022-03-18,sh.688682,119.1000,119.5100,112.4200,113.6600,120.8000,504226,57894533.8900,3,6.413000,1,-5.910600,0
2022-03-21,sh.688682,112.0000,115.4000,107.8800,109.5000,113.6600,565734,62387801.1800,3,7.195300,1,-3.660000,0
2022-03-22,sh.688682,109.4800,114.6000,105.5800,111.9000,109.5000,382929,42073744.6700,3,4.870300,1,2.191800,0
2022-03-23,sh.688682,111.8900,115.2000,109.0000,111.5000,111.9000,258019,29143515.2800,3,3.281600,1,-0.357500,0
2022-03-24,sh.688682,110.8400,111.3000,104.5800,105.5000,111.5000,332241,35368467.9400,3,4.225600,1,-5.381200,0
2022-03-25,sh.688682,105.9900,108.8800,105.3100,107.9700,105.5000,214428,23050266.0600,3,2.727200,1,2.341200,0
2022-03-28,sh.688682,107.9700,110.2700,104.5700,105.9000,107.9700,168581,17879627.8900,3,2.144100,1,-1.917200,0
2022-03-29,sh.688682,105.0000,106.7500,98.0500,99.0000,105.9000,483767,48928456.6500,3,6.152800,1,-6.515600,0
2022-03-30,sh.688682,101.9900,103.2800,99.9000,102.6600,99.0000,201295,20604574.5200,3,2.560200,1,3.697000,0
2022-03-31,sh.688682,104.9000,104.9000,100.3000,100.8500,102.6600,161656,16330766.0200,3,2.056000,1,-1.763100,0
2022-04-01,sh.688682,100.9700,101.4400,98.6600,99.0000,100.8500,156371,15601282.7800,3,1.988800,1,-1.834400,0
2022-04-06,sh.688682,99.0000,102.9600,97.0000,97.1900,99.0000,231022,23001106.9600,3,2.938300,1,-1.828300,0
2022-04-07,sh.688682,97.1900,100.1400,95.0000,95.3900,97.1900,244963,23833193.0900,3,3.115600,1,-1.852000,0
2022-04-08,sh.688682,99.9800,99.9800,94.3300,95.0300,95.3900,232951,22511892.7000,3,2.962800,1,-0.377400,0
2022-04-11,sh.688682,95.0300,95.0300,90.5400,91.2900,95.0300,201007,18498348.4600,3,2.556500,1,-3.935600,0
2022-04-12,sh.688682,91.0000,92.0000,88.8500,90.6600,91.2900,190150,17165523.8300,3,2.418400,1,-0.690100,0
2022-04-13,sh.688682,90.1000,90.3400,86.2700,86.7100,90.6600,189799,16677705.2900,3,2.414000,1,-4.356900,0
2022-04-14,sh.688682,87.1000,88.2600,85.0300,86.3200,86.7100,172475,14959550.7700,3,2.193600,1,-0.449800,0
2022-04-15,sh.688682,83.7600,91.9700,83.7600,91.0000,86.3200,341269,30389583.9000,3,4.340500,1,5.421700,0
2022-04-18,sh.688682,91.0000,93.8000,88.1400,91.2100,91.0000,135243,12334122.7600,3,1.720100,1,0.230800,0
2022-04-19,sh.688682,92.1200,92.5000,90.0000,91.1200,91.2100,136072,12393431.3900,3,1.730600,1,-0.098700,0
2022-04-20,sh.688682,91.1600,95.5000,90.1200,94.6300,91.1200,182121,17093888.5700,3,0.845600,1,3.852100,0
2022-04-21,sh.688682,94.6900,95.8600,91.5000,92.0600,94.6300,165398,15386662.5700,3,0.768000,1,-2.715800,0
2022-04-22,sh.688682,91.1400,94.4500,88.5000,91.3500,92.0600,186376,16895284.5200,3,0.865400,1,-0.771200,0
2022-04-25,sh.688682,94.5000,97.3900,86.6900,87.0400,91.3500,294340,26845624.1500,3,1.366600,1,-4.718100,0
2022-04-26,sh.688682,86.0600,88.6100,80.6000,81.7300,87.0400,267952,22606104.9000,3,1.244100,1,-6.100600,0
2022-04-27,sh.688682,80.4700,84.8700,77.0700,84.0700,81.7300,171198,13814202.0500,3,0.794900,1,2.863100,0
2022-04-28,sh.688682,84.0700,84.0700,77.7700,77.9000,84.0700,222570,17669853.4900,3,1.033400,1,-7.339100,0
2022-04-29,sh.688682,78.2600,91.7900,78.2600,90.0100,77.9000,330403,28108494.1400,3,1.534100,1,15.545600,0
2022-05-05,sh.688682,90.0600,96.8800,86.0800,92.9500,90.0100,306614,28737544.9800,3,1.423600,1,3.266300,0
2022-05-06,sh.688682,92.5600,97.6000,90.5300,95.9900,92.9500,191591,18164160.0800,3,0.889600,1,3.270600,0
2022-05-09,sh.688682,95.5000,99.4600,93.2100,95.4500,95.9900,156489,15036116.2600,3,0.726600,1,-0.562600,0
2022-05-10,sh.688682,92.9900,97.9900,92.1800,96.2700,95.4500,142538,13677581.3400,3,0.661800,1,0.859100,0
2022-05-11,sh.688682,96.3000,101.8600,96.3000,96.3700,96.2700,191811,18990090.5000,3,0.890600,1,0.103900,0
2022-05-12,sh.688682,96.0000,98.1800,94.4900,96.6100,96.3700,132623,12724004.3200,3,0.615800,1,0.249000,0
2022-05-13,sh.688682,98.0200,98.0200,94.6000,94.8000,96.6100,82865,7941428.8000,3,0.384700,1,-1.873500,0
2022-05-16,sh.688682,96.0000,100.6900,96.0000,97.5600,94.8000,113602,11207335.2700,3,0.527500,1,2.911400,0
2022-05-17,sh.688682,96.6800,98.3100,95.7000,97.1400,97.5600,87932,8537729.8400,3,0.408300,1,-0.430500,0
2022-05-18,sh.688682,99.9000,100.4300,96.3800,96.8000,97.1400,125040,12322185.9800,3,0.580600,1,-0.350000,0
2022-05-19,sh.688682,95.8800,97.8900,93.9000,97.4600,96.8000,130009,12477966.2300,3,0.603600,1,0.681800,0
2022-05-20,sh.688682,98.2800,99.7800,96.8500,98.3700,97.4600,111314,10940566.0900,3,0.516800,1,0.933700,0
2022-05-23,sh.688682,97.7900,106.8800,97.7900,106.1000,98.3700,307807,32096053.4700,3,1.429200,1,7.858100,0
2022-05-24,sh.688682,106.8000,109.7600,102.6100,104.0900,106.1000,311517,32872307.5900,3,1.446400,1,-1.894400,0
2022-05-25,sh.688682,104.0800,106.5000,100.0000,103.0000,104.0900,198680,20421309.4700,3,0.922500,1,-1.047200,0
2022-05-26,sh.688682,102.4700,108.8100,102.0200,108.5200,103.0000,284063,30295349.4500,3,1.318900,1,5.359200,0
2022-05-27,sh.688682,109.9700,110.9600,104.1200,104.7800,108.5200,196449,20981247.4000,3,0.912100,1,-3.446400,0
2022-05-30,sh.688682,104.1400,109.6500,103.0300,109.1000,104.7800,217188,23380075.9000,3,1.008400,1,4.122900,0
2022-05-31,sh.688682,109.9000,111.9800,108.2100,111.4500,109.1000,203338,22457336.8800,3,0.944100,1,2.154000,0
2022-06-01,sh.688682,111.4200,115.8000,110.5900,113.8500,111.4500,177044,20180272.8300,3,0.822000,1,2.153400,0
2022-06-02,sh.688682,114.6800,120.2500,112.1100,119.3000,113.8500,346368,40941908.4900,3,1.608200,1,4.787000,0
2022-06-06,sh.688682,119.3000,124.8800,119.3000,122.6200,119.3000,362948,44413293.3600,3,1.685200,1,2.782900,0
2022-06-07,sh.688682,122.9800,127.7100,121.3800,124.2000,122.6200,318954,39481096.5100,3,1.480900,1,1.288500,0
2022-06-08,sh.688682,120.0100,124.3000,116.1900,119.3100,124.2000,318996,38297742.9800,3,1.481100,1,-3.937200,0
2022-06-09,sh.688682,117.6800,120.3400,116.0500,116.6600,119.3100,237047,27735974.6600,3,1.100600,1,-2.221100,0
2022-06-10,sh.688682,115.9800,119.8800,113.6800,118.2400,116.6600,213680,25243922.5400,3,0.992100,1,1.354400,0
2022-06-13,sh.688682,118.2000,118.5000,115.7200,117.1200,118.2400,233766,27381615.9100,3,1.085400,1,-0.947200,0
2022-06-14,sh.688682,117.0000,120.6700,115.7000,118.5700,117.1200,178202,21016270.3300,3,0.827400,1,1.238000,0
2022-06-15,sh.688682,120.0000,120.4000,116.0300,116.2500,118.5700,156334,18450743.0800,3,0.725900,1,-1.956700,0
2022-06-16,sh.688682,116.5000,120.5000,116.5000,119.6300,116.2500,155590,18441730.3100,3,0.722400,1,2.907500,0
2022-06-17,sh.688682,118.0000,121.0000,116.8000,119.0200,119.6300,107443,12804046.1700,3,0.498900,1,-0.509900,0
2022-06-20,sh.688682,120.0000,126.8200,115.0400,119.8000,119.0200,256424,31209208.2300,3,1.190600,1,0.655400,0
2022-06-21,sh.688682,85.9800,85.9800,81.2200,81.2200,85.2100,181640,15170167.3200,3,0.602400,1,-4.682500,0
2022-06-22,sh.688682,81.0100,85.6800,79.0000,81.8400,81.2200,316582,26317602.7600,3,1.049900,1,0.763400,0
2022-06-23,sh.688682,81.8500,83.4200,79.2100,82.0200,81.8400,529004,43407823.1900,3,1.754400,1,0.219900,0
2022-06-24,sh.688682,83.0800,86.4200,82.5100,84.8800,82.0200,232511,19750587.7300,3,0.771100,1,3.487000,0
2022-06-27,sh.688682,85.0000,87.0200,83.3000,84.5100,84.8800,393045,33254059.0200,3,1.303500,1,-0.435900,0
2022-06-28,sh.688682,84.6600,86.6100,83.4200,86.3300,84.5100,501113,42493078.7400,3,1.661900,1,2.153600,0
2022-06-29,sh.688682,85.3300,87.7500,83.1400,84.0000,86.3300,312301,26546129.6300,3,1.035700,1,-2.698900,0
2022-06-30,sh.688682,83.5100,84.5600,82.2800,83.0300,84.0000,237096,19702399.7800,3,0.786300,1,-1.154800,0
2022-07-01,sh.688682,84.7100,84.7100,79.7300,79.9800,83.0300,266111,21672489.6700,3,0.882600,1,-3.673400,0
2022-07-04,sh.688682,80.0200,81.0000,77.5100,78.6300,79.9800,347672,27404294.2400,3,1.153000,1,-1.687900,0
2022-07-05,sh.688682,80.0800,80.1000,74.8200,75.4500,78.6300,289482,22026747.9400,3,0.960100,1,-4.044300,0
2022-07-06,sh.688682,74.5000,77.8300,73.5100,74.2000,75.4500,316025,23719002.6300,3,1.048100,1,-1.656700,0
2022-07-07,sh.688682,74.2000,77.9100,73.9100,77.1700,74.2000,265932,20296621.6700,3,0.882000,1,4.002700,0
2022-07-08,sh.688682,76.2000,78.7300,75.0000,76.7200,77.1700,191088,14752904.2100,3,0.633700,1,-0.583100,0
2022-07-11,sh.688682,76.4800,76.5000,73.0000,74.4100,76.7200,187508,13895437.5700,3,0.621900,1,-3.010900,0
2022-07-12,sh.688682,72.8300,74.4100,71.5700,71.9500,74.4100,141367,10278539.0300,3,0.467000,1,-3.306000,0
2022-07-13,sh.688682,71.4000,73.2300,69.5100,70.3000,71.9500,187328,13276384.9000,3,0.618800,1,-2.293300,0
2022-07-14,sh.688682,71.5000,76.0000,69.1000,73.8700,70.3000,216557,16022026.7100,3,0.715400,1,5.078200,0
2022-07-15,sh.688682,74.5400,79.6000,73.9800,75.8600,73.8700,326998,25294249.7000,3,1.080200,1,2.693900,0
2022-07-18,sh.688682,76.3600,79.5000,73.9900,76.6100,75.8600,307772,23318236.1200,3,1.016700,1,0.988700,0
2022-07-19,sh.688682,76.6000,79.5500,75.4000,77.7700,76.6100,269548,21017602.0500,3,0.890400,1,1.514200,0
2022-07-20,sh.688682,77.3700,80.8800,76.3100,80.5000,77.7700,358289,28523722.3000,3,1.183500,1,3.510400,0
2022-07-21,sh.688682,79.7000,82.2500,79.0500,79.8400,80.5000,304861,24604614.6300,3,1.007100,1,-0.819900,0
2022-07-22,sh.688682,77.8700,80.5000,77.8000,78.5900,79.8400,161964,12790426.3500,3,0.535000,1,-1.565600,0
2022-07-25,sh.688682,78.0600,80.4500,78.0600,79.9500,78.5900,280472,22393180.4300,3,0.926500,1,1.730500,0
2022-07-26,sh.688682,80.1800,83.3300,78.2600,82.7000,79.9500,552317,45096563.4300,3,1.824500,1,3.439600,0
2022-07-27,sh.688682,83.9100,89.9000,81.8000,86.1600,82.7000,800090,69332675.7800,3,2.642900,1,4.183800,0
2022-07-28,sh.688682,86.1600,87.7300,84.4600,87.4600,86.1600,415001,35694228.8000,3,1.370900,1,1.508800,0
2022-07-29,sh.688682,87.4000,90.6000,84.0000,87.7000,87.4600,674379,58120348.7400,3,2.227700,1,0.274400,0
2022-08-01,sh.688682,87.8800,89.6600,84.3300,89.2200,87.7000,466728,41056042.4400,3,1.541700,1,1.733200,0
2022-08-02,sh.688682,88.1700,95.5800,87.3300,93.2500,89.2200,753566,69197773.3500,3,2.489300,1,4.516900,0
2022-08-03,sh.688682,97.0000,100.3600,90.1800,93.0000,93.2500,1589700,153978813.3700,3,5.251300,1,-0.268100,0
2022-08-04,sh.688682,92.8000,95.7300,90.0000,94.8000,93.0000,488941,45473010.0000,3,1.615100,1,1.935500,0
2022-08-05,sh.688682,94.8000,112.8000,94.8000,108.0000,94.8000,1475851,153898191.0000,3,4.875200,1,13.924100,0
2022-08-08,sh.688682,108.4300,117.7800,104.1000,113.8200,108.0000,1140272,126538695.0000,3,3.766700,1,5.388900,0
2022-08-09,sh.688682,112.8900,113.5200,107.5000,109.7500,113.8200,668381,73661325.0000,3,2.207900,1,-3.575800,0
2022-08-10,sh.688682,109.7500,116.4800,107.5100,110.2900,109.7500,734405,82340269.0000,3,2.426000,1,0.492000,0
2022-08-11,sh.688682,110.2900,112.5000,103.6800,105.0100,110.2900,1051909,112835683.0000,3,3.474800,1,-4.787400,0
2022-08-12,sh.688682,105.9700,107.8200,98.8800,99.6200,105.0100,792232,80452733.0000,3,2.617000,1,-5.132800,0
2022-08-15,sh.688682,100.9200,103.9700,98.1800,102.2600,99.6200,451489,46054107.8200,3,1.491400,1,2.650100,0
2022-08-16,sh.688682,102.2600,106.0000,99.5300,102.0200,102.2600,546267,56332291.0800,3,1.804500,1,-0.234700,0
2022-08-17,sh.688682,103.5500,105.0000,101.4200,102.8000,102.0200,300698,30967620.7500,3,0.993300,1,0.764600,0
2022-08-18,sh.688682,102.8100,107.3000,100.0000,106.3900,102.8000,428335,44931538.7400,3,1.414900,1,3.492200,0
2022-08-19,sh.688682,104.7400,109.4900,100.1000,100.9100,106.3900,405396,42281296.5000,3,1.339200,1,-5.150900,0
2022-08-22,sh.688682,98.1000,103.7500,98.1000,99.8200,100.9100,374142,37832823.1400,3,1.235900,1,-1.080200,0
2022-08-23,sh.688682,99.3300,101.9800,98.0200,99.9800,99.8200,220295,22130212.0900,3,0.727700,1,0.160300,0
2022-08-24,sh.688682,99.9800,100.8000,94.5800,95.3600,99.9800,460954,44458137.4500,3,1.522700,1,-4.620900,0
2022-08-25,sh.688682,96.4200,97.4600,92.0000,93.1700,95.3600,310172,29144178.2200,3,1.024600,1,-2.296600,0
2022-08-26,sh.688682,93.0100,95.0000,91.4800,92.3800,93.1700,292648,27376921.7400,3,0.966700,1,-0.847900,0
2022-08-29,sh.688682,92.3800,98.8600,90.0300,94.0000,92.3800,312765,29647269.6800,3,1.033200,1,1.753600,0
2022-08-30,sh.688682,94.0600,96.2100,92.0000,93.4200,94.0000,303146,28507625.2500,3,1.001400,1,-0.617000,0
2022-08-31,sh.688682,95.2900,96.1000,89.3700,89.3700,93.4200,340773,31262950.0500,3,1.125700,1,-4.335300,0
2022-09-01,sh.688682,92.0000,92.0000,88.0000,88.8700,89.3700,350405,31250086.0500,3,1.157500,1,-0.559500,0
2022-09-02,sh.688682,91.1800,93.0000,87.4000,91.1000,88.8700,466769,42235341.1500,3,1.541900,1,2.509300,0
2022-09-05,sh.688682,90.2000,90.2100,86.6100,88.7300,91.1000,503528,44477025.4500,3,1.663300,1,-2.601500,0
2022-09-06,sh.688682,87.0200,90.5000,86.8000,89.3500,88.7300,411499,36716768.5600,3,1.359300,1,0.698700,0
2022-09-07,sh.688682,89.4100,92.8800,87.2100,90.9400,89.3500,467797,42583389.8400,3,1.545300,1,1.779500,0
2022-09-08,sh.688682,90.1100,91.8900,89.2500,90.1300,90.9400,235661,21304494.5400,3,0.778500,1,-0.890700,0
2022-09-09,sh.688682,90.9500,91.4300,87.0200,89.4000,90.1300,226015,20060753.9200,3,0.746600,1,-0.809900,0
2022-09-13,sh.688682,89.4000,93.0000,89.4000,92.4100,89.4000,327783,29898722.1900,3,1.082800,1,3.366900,0
2022-09-14,sh.688682,90.0200,94.3600,89.5100,92.9900,92.4100,474956,43731394.1000,3,1.568900,1,0.627600,0
2022-09-15,sh.688682,92.5200,94.9500,87.1900,88.4700,92.9900,478004,43070139.4800,3,1.579000,1,-4.860700,0
2022-09-16,sh.688682,88.5100,92.8200,87.3400,89.4200,88.4700,418415,38029050.2400,3,1.382200,1,1.073800,0
2022-09-19,sh.688682,90.0200,91.4700,84.2100,84.5400,89.4200,433528,37681245.1900,3,1.432100,1,-5.457400,0
2022-09-20,sh.688682,85.3000,86.1800,83.2200,84.9800,84.5400,294477,25075583.0300,3,0.972800,1,0.520500,0
2022-09-21,sh.688682,84.4800,86.0800,82.4900,83.7600,84.9800,213856,17982243.1400,3,0.706400,1,-1.435600,0
2022-09-22,sh.688682,84.5000,87.4500,83.2900,86.2800,83.7600,268039,22991495.6300,3,0.885400,1,3.008600,0
2022-09-23,sh.688682,85.3800,87.8000,82.5500,84.8300,86.2800,300855,25524771.5800,3,0.993800,1,-1.680600,0
2022-09-26,sh.688682,82.3400,83.8800,80.5000,80.8300,84.8300,286585,23393354.2500,3,0.946700,1,-4.715300,0
2022-09-27,sh.688682,80.3500,83.0000,79.7700,82.1100,80.8300,206021,16768180.4000,3,0.680600,1,1.583600,0
2022-09-28,sh.688682,80.0800,83.9000,78.5500,78.5600,82.1100,229107,18398276.4200,3,0.756800,1,-4.323500,0
2022-09-29,sh.688682,78.4900,80.4100,78.0400,79.4400,78.5600,224081,17803496.3600,3,0.740200,1,1.120200,0
2022-09-30,sh.688682,80.3200,80.5000,76.5000,76.5100,79.4400,172907,13518509.1300,3,0.571200,1,-3.688300,0
2022-10-10,sh.688682,76.5000,76.7400,74.1000,75.1900,76.5100,159759,12009970.6900,3,0.527700,1,-1.725300,0
2022-10-11,sh.688682,75.7900,75.7900,72.8100,73.6000,75.1900,216850,16076104.1500,3,0.716300,1,-2.114600,0
2022-10-12,sh.688682,74.1100,75.8800,71.9700,75.2800,73.6000,193626,14331624.2400,3,0.639600,1,2.282600,0
2022-10-13,sh.688682,75.2800,77.5500,74.0000,76.2900,75.2800,209248,16068994.6100,3,0.691200,1,1.341700,0
2022-10-14,sh.688682,78.8100,78.8100,76.6000,77.6600,76.2900,172535,13406770.4900,3,0.569900,1,1.795800,0
2022-10-17,sh.688682,78.6600,89.2000,77.9000,88.9000,77.6600,616873,52533851.3600,3,2.037700,1,14.473300,0
2022-10-18,sh.688682,88.9600,88.9600,83.3900,84.5900,88.9000,538063,45836602.4100,3,1.777400,1,-4.848100,0
2022-10-19,sh.688682,86.1500,86.1500,83.3200,84.0000,84.5900,178151,15055760.1600,3,0.588500,1,-0.697500,0
2022-10-20,sh.688682,85.0000,88.8600,82.0400,86.6700,84.0000,574598,49469158.6000,3,1.898100,1,3.178600,0
2022-10-21,sh.688682,88.4700,91.1000,85.6000,89.5100,86.6700,714514,63298593.2500,3,2.360300,1,3.276800,0
2022-10-24,sh.688682,91.5000,100.7900,90.0000,94.0000,89.5100,1044541,99199850.8500,3,3.450400,1,5.016200,0
2022-10-25,sh.688682,95.3700,96.6800,91.5800,94.2000,94.0000,423578,40007763.9600,3,1.399200,1,0.212800,0
2022-10-26,sh.688682,93.9900,101.6500,93.0600,99.3200,94.2000,772541,76057736.1000,3,2.551900,1,5.435200,0
2022-10-27,sh.688682,100.6000,102.0000,97.5800,99.4600,99.3200,682319,67881058.3500,3,2.253900,1,0.141000,0
2022-10-28,sh.688682,99.9900,104.0000,97.5000,100.1600,99.4600,749734,75626138.3800,3,2.476600,1,0.703800,0
2022-10-31,sh.688682,98.0000,107.7800,97.6700,103.5700,100.1600,1031207,106263964.6700,3,3.406400,1,3.404600,0
2022-11-01,sh.688682,101.2000,104.4200,101.2000,102.5900,103.5700,494728,50779130.2300,3,1.634200,1,-0.946200,0
2022-11-02,sh.688682,103.8800,105.3000,99.8000,102.2900,102.5900,569777,58210141.5800,3,1.882200,1,-0.292400,0
2022-11-03,sh.688682,101.5100,103.1000,100.5800,101.8300,102.2900,427895,43595645.8700,3,1.413500,1,-0.449700,0
2022-11-04,sh.688682,102.8200,102.9800,100.0000,101.9600,101.8300,500364,50970501.4900,3,1.652900,1,0.127700,0
2022-11-07,sh.688682,101.0200,102.6800,95.1200,95.8500,101.9600,753525,73840511.5800,3,2.489100,1,-5.992500,0
2022-11-08,sh.688682,97.2400,97.5000,94.1800,96.5300,95.8500,392532,37770508.0900,3,1.296700,1,0.709400,0
2022-11-09,sh.688682,97.9800,98.9200,94.4300,96.3900,96.5300,224568,21539430.1200,3,0.741800,1,-0.145000,0
2022-11-10,sh.688682,96.0000,97.9900,92.4600,93.8000,96.3900,318031,29939365.8700,3,1.050600,1,-2.687000,0
2022-11-11,sh.688682,94.7400,95.0300,90.4300,90.4300,93.8000,387888,35713207.5500,3,1.281300,1,-3.592800,0
2022-11-14,sh.688682,90.0000,92.2300,87.0200,91.1500,90.4300,334185,30126215.6800,3,1.103900,1,0.796200,0
2022-11-15,sh.688682,89.8800,94.9600,89.0000,93.1300,91.1500,380791,35619716.7700,3,1.257900,1,2.172200,0
2022-11-16,sh.688682,94.3000,95.4900,91.9000,92.3200,93.1300,251929,23519435.2000,3,0.832200,1,-0.869800,0
2022-11-17,sh.688682,92.4500,99.0400,92.0000,97.8800,92.3200,560243,53913959.5100,3,1.850700,1,6.022500,0
2022-11-18,sh.688682,97.3700,102.4600,95.0100,95.2100,97.8800,366294,35848666.0300,3,1.210000,1,-2.727800,0
2022-11-21,sh.688682,96.7200,98.9800,93.0100,97.9600,95.2100,371835,35671849.3500,3,1.228300,1,2.888400,0
2022-11-22,sh.688682,98.9900,99.9000,93.2400,94.2500,97.9600,287959,27538086.0500,3,0.951200,1,-3.787300,0
2022-11-23,sh.688682,94.0200,95.5300,89.0000,91.3500,94.2500,316987,28859938.2700,3,1.047100,1,-3.076900,0
2022-11-24,sh.688682,92.2000,92.6900,89.6000,90.5000,91.3500,156979,14242805.8500,3,0.518600,1,-0.930500,0
2022-11-25,sh.688682,90.7500,90.7500,86.6100,87.1000,90.5000,233447,20530919.0700,3,0.771100,1,-3.756900,0
2022-11-28,sh.688682,84.6700,89.7700,84.6700,86.3100,87.1000,206815,17883829.3500,3,0.683200,1,-0.907000,0
2022-11-29,sh.688682,86.2900,89.6900,86.2900,87.6600,86.3100,226773,20050808.9900,3,0.749100,1,1.564100,0
2022-11-30,sh.688682,88.3600,88.8800,85.4800,87.2200,87.6600,233331,20406203.7600,3,0.770800,1,-0.501900,0
2022-12-01,sh.688682,88.2200,89.4600,87.2200,88.2800,87.2200,219939,19423991.5400,3,0.726500,1,1.215300,0
2022-12-02,sh.688682,87.6900,90.9000,86.8000,87.6400,88.2800,195632,17289173.4300,3,0.646200,1,-0.725000,0
2022-12-05,sh.688682,87.5000,88.4000,84.4800,85.5600,87.6400,251938,21537265.7600,3,0.832200,1,-2.373300,0
2022-12-06,sh.688682,85.8300,85.8300,82.5500,83.5000,85.5600,338744,28455785.6200,3,1.119000,1,-2.407700,0
2022-12-07,sh.688682,84.7000,84.9600,82.0500,83.0000,83.5000,322323,26757613.9900,3,1.064700,1,-0.598800,0
2022-12-08,sh.688682,82.2200,83.8600,80.0000,80.5000,83.0000,244109,19759727.5900,3,0.805600,1,-3.012000,0
2022-12-09,sh.688682,80.0200,81.7500,78.0200,78.7200,80.5000,490927,39039010.5100,3,1.620200,1,-2.211200,0
2022-12-12,sh.688682,79.4000,82.8000,77.6300,82.5300,78.7200,422145,34212575.6400,3,1.393200,1,4.839900,0
2022-12-13,sh.688682,82.9200,83.1800,80.0100,80.0900,82.5300,197399,16016990.5700,3,0.651500,1,-2.956500,0
2022-12-14,sh.688682,80.0900,81.9900,78.3900,78.8600,80.0900,260092,20734103.3700,3,0.858400,1,-1.535800,0
2022-12-15,sh.688682,78.8300,80.4300,78.0400,79.5600,78.8600,145804,11546562.4400,3,0.481200,1,0.887600,0
2022-12-16,sh.688682,78.8700,79.5000,76.7900,77.5500,79.5600,171225,13310458.6100,3,0.565100,1,-2.526400,0
2022-12-19,sh.688682,78.0000,78.6000,75.1100,75.4900,77.5500,223128,16997936.4000,3,0.736400,1,-2.656400,0
2022-12-20,sh.688682,74.9200,78.0000,74.9200,76.6900,75.4900,252543,19394968.5900,3,0.833500,1,1.589600,0
2022-12-21,sh.688682,75.8700,78.8800,75.1000,76.4400,76.6900,304094,23281517.2200,3,1.003600,1,-0.326000,0
2022-12-22,sh.688682,76.4300,76.6500,73.8100,74.4100,76.4400,325448,24492333.1200,3,1.074100,1,-2.655700,0
2022-12-23,sh.688682,74.2300,74.5000,72.4500,73.9800,74.4100,239954,17621312.3000,3,0.791900,1,-0.577900,0
2022-12-26,sh.688682,72.0700,77.5000,72.0700,77.0000,73.9800,213369,16282237.2800,3,0.704200,1,4.082200,0
2022-12-27,sh.688682,76.5300,82.2300,76.0000,81.6600,77.0000,437788,34978003.8700,3,1.444800,1,6.051900,0
2022-12-28,sh.688682,80.1100,82.3900,78.5000,78.5700,81.6600,294856,23546880.9600,3,0.973100,1,-3.784000,0
2022-12-29,sh.688682,78.9900,80.2700,77.1900,79.8100,78.5700,308159,24348825.3900,3,1.017000,1,1.578200,0
2022-12-30,sh.688682,79.0100,81.2000,78.6800,79.4600,79.8100,281090,22537144.2600,3,0.927700,1,-0.438500,0
2023-01-03,sh.688682,79.4600,82.9000,79.2500,82.4400,79.4600,407253,33332800.3800,3,1.344100,1,3.750300,0
2023-01-04,sh.688682,83.5900,85.0000,81.5800,82.3800,82.4400,241914,19974355.8700,3,0.798400,1,-0.072800,0
2023-01-05,sh.688682,82.2000,82.7800,81.3100,82.0300,82.3800,188508,15467739.4400,3,0.622100,1,-0.424900,0
2023-01-06,sh.688682,82.3000,82.3000,81.0000,81.4000,82.0300,184036,14997677.9000,3,0.607400,1,-0.768000,0
2023-01-09,sh.688682,81.0000,82.3500,79.0000,79.7000,81.4000,281099,22445032.1000,3,0.927700,1,-2.088500,0
2023-01-10,sh.688682,79.6900,80.0000,77.0000,78.9000,79.7000,289993,22706803.7800,3,0.957100,1,-1.003800,0
2023-01-11,sh.688682,77.5000,79.2800,75.3500,75.6000,78.9000,355649,27391372.3100,3,1.173700,1,-4.182500,0
2023-01-12,sh.688682,75.5100,77.2000,75.3700,76.3200,75.6000,199457,15173355.6300,3,0.658300,1,0.952400,0
2023-01-13,sh.688682,75.6700,76.1000,73.7300,74.4200,76.3200,388201,29010672.3500,3,1.281200,1,-2.489500,0
2023-01-16,sh.688682,74.4100,79.3600,74.2400,78.6400,74.4200,607501,47009368.5600,3,2.004900,1,5.670500,0
2023-01-17,sh.688682,80.0200,80.5000,77.7400,78.9300,78.6400,361003,28634733.7900,3,1.191400,1,0.368800,0
2023-01-18,sh.688682,79.7700,80.6800,78.4300,80.4000,78.9300,349447,28021439.4600,3,1.153300,1,1.862400,0
2023-01-19,sh.688682,80.0500,83.8000,80.0500,82.4600,80.4000,545951,45034486.8600,3,1.801800,1,2.562200,0
2023-01-20,sh.688682,82.2100,83.7500,80.8700,82.0000,82.4600,294187,24046034.7900,3,0.970900,1,-0.557800,0
2023-01-30,sh.688682,83.5000,84.4800,82.0000,83.8800,82.0000,318348,26511155.0400,3,1.050600,1,2.292700,0
2023-01-31,sh.688682,84.3600,84.4800,81.6400,82.4900,83.8800,269640,22280696.1700,3,0.889900,1,-1.657100,0
2023-02-01,sh.688682,82.7900,84.7000,81.5700,83.6600,82.4900,311657,25986541.3400,3,1.028600,1,1.418400,0
2023-02-02,sh.688682,83.6500,85.8500,83.2500,83.8600,83.6600,319009,26808464.7600,3,1.052800,1,0.239100,0
2023-02-03,sh.688682,81.5000,88.4700,81.5000,87.8800,83.8600,738523,63966618.8500,3,2.437300,1,4.793700,0
2023-02-06,sh.688682,87.7000,90.7800,86.5000,86.5500,87.8800,739456,65517891.2300,3,2.440400,1,-1.513400,0
2023-02-07,sh.688682,86.3300,87.9900,86.0100,86.8000,86.5500,304367,26400282.8800,3,1.004500,1,0.288900,0
2023-02-08,sh.688682,87.7700,87.7700,85.1200,85.2300,86.8000,225462,19394985.2300,3,0.744100,1,-1.808800,0
2023-02-09,sh.688682,85.2300,87.6000,83.8300,87.5800,85.2300,364215,31437192.6300,3,1.202000,1,2.757200,0
2023-02-10,sh.688682,88.8800,90.0000,86.0700,86.3900,87.5800,293425,25832304.8400,3,0.968400,1,-1.358800,0
2023-02-13,sh.688682,86.9800,91.3200,85.5000,88.6200,86.3900,496670,44157549.7700,3,1.639200,1,2.581300,0
2023-02-14,sh.688682,88.6200,88.6200,84.0200,84.7000,88.6200,574302,49204411.6700,3,1.895400,1,-4.423400,0
2023-02-15,sh.688682,84.6600,87.3500,83.0000,87.3000,84.7000,436890,37580045.7300,3,1.441900,1,3.069700,0
2023-02-16,sh.688682,87.3000,88.2700,83.6000,84.7000,87.3000,382009,32861900.7600,3,1.260700,1,-2.978200,0
2023-02-17,sh.688682,84.7000,85.8700,81.3500,82.2200,84.7000,490562,40469223.0700,3,1.619000,1,-2.928000,0
2023-02-20,sh.688682,83.0200,83.0200,80.0100,82.0000,82.2200,227254,18465686.0600,3,0.750000,1,-0.267600,0
2023-02-21,sh.688682,81.2700,83.6000,79.8000,80.1900,82.0000,350985,28485894.9100,3,1.158400,1,-2.207300,0
2023-02-22,sh.688682,81.8900,86.4000,80.3300,84.6600,80.1900,571889,47976523.0500,3,1.887400,1,5.574300,0
2023-02-23,sh.688682,84.4900,85.0000,81.8800,82.5000,84.6600,492781,40954438.3400,3,1.626300,1,-2.551400,0
2023-02-24,sh.688682,82.6800,88.1800,82.4100,86.3000,82.5000,780440,67382453.1100,3,2.575700,1,4.606100,0
2023-02-27,sh.688682,86.2100,89.0000,84.8000,85.1700,86.3000,614648,53234569.9600,3,2.028500,1,-1.309400,0
2023-02-28,sh.688682,84.7400,85.1000,80.3800,81.1000,85.1700,665835,54598891.4000,3,2.197500,1,-4.778700,0
2023-03-01,sh.688682,80.9600,84.5900,78.8800,84.3600,81.1000,773221,63056639.6500,3,2.551900,1,4.019700,0
2023-03-02,sh.688682,85.1000,87.9200,83.2100,86.8800,84.3600,588327,50400695.7600,3,1.941700,1,2.987200,0
2023-03-03,sh.688682,87.2300,88.1500,84.3100,85.4000,86.8800,486862,41887087.0800,3,1.606800,1,-1.703500,0
2023-03-06,sh.688682,87.0000,93.2800,86.7800,92.8800,85.4000,1320069,119825784.6200,3,4.356600,1,8.758800,0
2023-03-07,sh.688682,91.9200,93.4600,90.1100,92.3500,92.8800,1082695,99573420.1100,3,3.573200,1,-0.570600,0
2023-03-08,sh.688682,91.0000,107.7700,91.0000,104.8000,92.3500,2149616,218634243.9700,3,7.094400,1,13.481300,0
2023-03-09,sh.688682,103.7400,106.6700,103.1800,105.5100,104.8000,1317313,138541172.3900,3,4.347500,1,0.677500,0
2023-03-10,sh.688682,105.6300,106.5000,98.6100,99.3100,105.5100,1205136,122142288.8500,3,3.977300,1,-5.876200,0
2023-03-13,sh.688682,97.2000,100.5800,96.8300,99.0900,99.3100,968917,95447764.3000,3,3.197700,1,-0.221500,0
2023-03-14,sh.688682,98.9400,104.8800,98.2100,103.9900,99.0900,1110766,112886570.8400,3,3.665900,1,4.945000,0
2023-03-15,sh.688682,102.1800,105.4000,100.2100,102.4000,103.9900,832789,85710236.8000,3,2.748500,1,-1.529000,0
2023-03-16,sh.688682,101.9600,104.5000,100.5000,101.2900,102.4000,318010,32423585.9900,3,1.049500,1,-1.084000,0
2023-03-17,sh.688682,101.2100,105.2000,101.2100,102.0500,101.2900,424818,43965045.1500,3,1.402000,1,0.750300,0
2023-03-20,sh.688682,100.5000,106.9500,99.0000,101.4000,102.0500,835951,85428772.8700,3,2.758900,1,-0.636900,0
2023-03-21,sh.688682,101.9000,104.8800,97.7900,99.2800,101.4000,599999,59782050.8100,3,1.980200,1,-2.090700,0
2023-03-22,sh.688682,98.9100,102.6500,97.5000,99.6800,99.2800,398619,39861378.1500,3,1.315600,1,0.402900,0
2023-03-23,sh.688682,100.9400,100.9400,97.4300,99.0200,99.6800,342638,33663014.1800,3,1.130800,1,-0.662100,0
2023-03-24,sh.688682,99.0200,99.0200,96.5600,97.9900,99.0200,322279,31599263.6900,3,1.063600,1,-1.040200,0
2023-03-27,sh.688682,97.9900,109.8800,97.9900,108.3500,97.9900,1090147,114427901.6600,3,3.597800,1,10.572500,0
2023-03-28,sh.688682,108.3500,111.2700,102.5000,102.5000,108.3500,597344,62498349.7300,3,1.971400,1,-5.399200,0
2023-03-29,sh.688682,102.6200,105.1800,99.8300,102.3900,102.5000,452791,46467630.8600,3,1.494300,1,-0.107300,0
2023-03-30,sh.688682,102.3900,110.0700,99.8000,100.3700,102.3900,316925,32272850.2000,3,1.045900,1,-1.972800,0
2023-03-31,sh.688682,99.0900,100.3000,95.6900,96.7000,100.3700,723255,70077727.7200,3,2.387000,1,-3.656500,0
2023-04-03,sh.688682,97.4000,105.5000,95.2300,105.0500,96.7000,767565,77037276.4300,3,2.533200,1,8.635000,0
2023-04-04,sh.688682,105.0500,105.0500,99.0000,99.6600,105.0500,646962,65863260.6200,3,2.135200,1,-5.130900,0
2023-04-06,sh.688682,99.0500,108.7700,97.9000,105.7600,99.6600,1225785,126938700.0500,3,4.045500,1,6.120800,0
2023-04-07,sh.688682,105.0600,105.0600,101.0000,103.2200,105.7600,548953,56498117.7200,3,1.811700,1,-2.401700,0
2023-04-10,sh.688682,103.0100,103.1000,97.0100,97.8900,103.2200,619162,61382421.2400,3,2.043400,1,-5.163700,0
2023-04-11,sh.688682,98.9700,99.5100,96.5000,98.7000,97.8900,256333,25094187.3700,3,0.846000,1,0.827500,0
2023-04-12,sh.688682,99.4500,104.7800,97.4900,101.0200,98.7000,561265,57156723.5200,3,1.852300,1,2.350600,0
2023-04-13,sh.688682,101.7500,115.0000,101.7500,107.0100,101.0200,1739343,189544688.1800,3,5.740400,1,5.929500,0
2023-04-14,sh.688682,106.2800,109.5000,103.0000,107.6700,107.0100,882260,93897370.1800,3,2.911700,1,0.616800,0
2023-04-17,sh.688682,108.9100,113.5700,105.5400,107.9900,107.6700,755682,82777771.3100,3,2.494000,1,0.297200,0
2023-04-18,sh.688682,104.3800,107.1700,102.2000,106.9800,107.9900,868733,91087207.0700,3,2.867100,1,-0.935300,0
2023-04-19,sh.688682,106.0000,108.4100,103.6000,104.0000,106.9800,471062,49780919.5100,3,1.554600,1,-2.785600,0
2023-04-20,sh.688682,104.1100,104.1100,98.4000,100.1000,104.0000,997584,100274754.3500,3,3.223400,1,-3.750000,0
2023-04-21,sh.688682,100.9900,101.0000,94.8000,96.8600,100.1000,586412,57246362.3500,3,1.894800,1,-3.236800,0
2023-04-24,sh.688682,94.8800,96.9900,89.6000,90.9600,96.8600,655810,60185201.1900,3,2.119100,1,-6.091300,0
2023-04-25,sh.688682,90.0000,91.0000,84.6000,86.2000,90.9600,660679,57368952.5900,3,2.134800,1,-5.233100,0
2023-04-26,sh.688682,85.8000,91.6700,85.2400,86.8600,86.2000,711347,63123200.0100,3,2.298500,1,0.765700,0
2023-04-27,sh.688682,86.7700,89.0000,83.8300,84.4900,86.8600,535330,45941894.9700,3,1.729800,1,-2.728500,0
2023-04-28,sh.688682,84.8000,87.6500,84.8000,86.5000,84.4900,437238,37843111.9200,3,1.412800,1,2.379000,0
2023-05-04,sh.688682,85.1300,86.7500,81.7600,83.1600,86.5000,699943,58121269.2600,3,2.261700,1,-3.861300,0
2023-05-05,sh.688682,83.1700,83.6900,81.7900,82.2000,83.1600,267716,22106629.7600,3,0.865100,1,-1.154400,0
2023-05-08,sh.688682,81.3800,84.1700,81.3800,83.7100,82.2000,384140,31835869.0000,3,1.241300,1,1.837000,0
2023-05-09,sh.688682,85.0000,86.6500,78.8000,78.9000,83.7100,1037363,83750742.9900,3,3.352000,1,-5.746000,0
2023-05-10,sh.688682,78.8500,81.2000,78.1500,80.4900,78.9000,428836,34330122.9800,3,1.385700,1,2.015200,0
2023-05-11,sh.688682,80.4900,81.1900,78.8500,79.1400,80.4900,246844,19658271.7500,3,0.797600,1,-1.677200,0
2023-05-12,sh.688682,78.2700,80.4200,77.8200,78.5400,79.1400,294778,23279336.1500,3,0.952500,1,-0.758200,0
2023-05-15,sh.688682,78.7000,81.4900,77.2200,81.2100,78.5400,322918,25854095.0700,3,1.043400,1,3.399500,0
2023-05-16,sh.688682,81.2700,81.6000,79.0000,79.5000,81.2100,261844,20877926.9600,3,0.846100,1,-2.105700,0
2023-05-17,sh.688682,79.0500,81.8000,79.0500,81.0000,79.5000,254255,20546376.7100,3,0.821600,1,1.886800,0
2023-05-18,sh.688682,81.3000,84.6000,81.3000,82.2200,81.0000,564058,46488429.0600,3,1.822600,1,1.506200,0
2023-05-19,sh.688682,82.1100,84.3000,81.7000,83.9200,82.2200,338838,28251029.6700,3,1.094900,1,2.067600,0
2023-05-22,sh.688682,84.0000,84.4900,83.0700,83.9000,83.9200,242198,20296899.2100,3,0.782600,1,-0.023800,0
2023-05-23,sh.688682,83.1000,84.3900,82.0900,82.9000,83.9000,321899,26826784.6300,3,1.040100,1,-1.191900,0
2023-05-24,sh.688682,82.2000,84.3800,81.5000,84.2000,82.9000,252905,21132837.2600,3,0.817200,1,1.568200,0
2023-05-25,sh.688682,83.6100,85.0000,82.6200,84.7600,84.2000,200030,16742406.3900,3,0.646300,1,0.665100,0
2023-05-26,sh.688682,84.7700,86.0600,83.8100,85.3200,84.7600,214320,18212726.5700,3,0.692500,1,0.660700,0
2023-05-29,sh.688682,85.3000,85.6000,83.7300,84.5300,85.3200,331285,28057503.4900,3,1.070500,1,-0.925900,0
2023-05-30,sh.688682,85.3200,89.4800,84.0100,88.6900,84.5300,641269,56121442.2100,3,2.072100,1,4.921300,0
2023-05-31,sh.688682,89.0200,89.1100,87.0000,87.3300,88.6900,298898,26236003.6900,3,0.965800,1,-1.533400,0
2023-06-01,sh.688682,86.2800,89.1800,86.0600,88.3300,87.3300,222245,19500117.9500,3,0.718100,1,1.145100,0
2023-06-02,sh.688682,88.3300,89.1900,87.0000,87.1900,88.3300,235931,20713701.8500,3,0.762400,1,-1.290600,0
2023-06-05,sh.688682,87.1900,88.2600,85.8000,87.2200,87.1900,247748,21546327.6300,3,0.800500,1,0.034400,0
2023-06-06,sh.688682,87.7800,87.7800,85.0100,86.0000,87.2200,232455,19933280.8000,3,0.751100,1,-1.398800,0
2023-06-07,sh.688682,86.7800,86.7800,84.6200,85.1000,86.0000,148569,12672634.8400,3,0.480100,1,-1.046500,0
2023-06-08,sh.688682,85.8200,85.8200,82.0000,83.6100,85.1000,187893,15735396.4000,3,0.607100,1,-1.750900,0
2023-06-09,sh.688682,83.0300,84.8600,82.2800,84.5700,83.6100,159386,13325424.6300,3,0.515000,1,1.148200,0
2023-06-12,sh.688682,82.1800,84.4800,82.1800,82.2600,84.5700,159803,13303455.1600,3,0.516400,1,-2.731500,0
2023-06-13,sh.688682,83.6000,85.3600,81.3500,84.2500,82.2600,228149,19092356.7000,3,0.737200,1,2.419200,0
2023-06-14,sh.688682,83.9700,84.7700,82.5400,83.0000,84.2500,147630,12284899.6000,3,0.477000,1,-1.483700,0
2023-06-15,sh.688682,83.7100,83.7800,82.2700,83.0000,83.0000,119806,9943317.0800,3,0.387100,1,0.000000,0
2023-06-16,sh.688682,83.0000,85.2500,81.5700,82.9900,83.0000,276691,23023686.6900,3,0.894100,1,-0.012000,0
2023-06-19,sh.688682,82.6200,84.0200,82.0300,83.1600,82.9900,249687,20768082.8800,3,0.806800,1,0.204800,0
2023-06-20,sh.688682,84.7000,87.0000,83.1000,85.5800,83.1600,350112,29832468.2700,3,1.131300,1,2.910100,0
2023-06-21,sh.688682,85.0200,85.9000,81.2000,81.2900,85.5800,460680,37958497.1600,3,1.488600,1,-5.012900,0
2023-06-26,sh.688682,81.0300,82.5700,79.4100,79.8700,81.2900,203707,16425599.5700,3,0.658000,1,-1.746800,0
2023-06-27,sh.688682,78.2000,81.1900,78.0800,80.8600,79.8700,143076,11461881.3100,3,0.462200,1,1.239500,0
2023-06-28,sh.688682,81.0300,81.8700,78.6100,81.2000,80.8600,165287,13243594.9800,3,0.533900,1,0.420500,0
2023-06-29,sh.688682,81.2000,83.3200,80.5000,82.6200,81.2000,203189,16683648.3300,3,0.656300,1,1.748800,0
2023-06-30,sh.688682,81.6700,85.2000,81.6700,83.7400,82.6200,242652,20366207.5200,3,0.783800,1,1.355600,0
2023-07-03,sh.688682,84.5000,86.4800,83.0200,85.2000,83.7400,282622,24029694.8400,3,0.912900,1,1.743500,0
2023-07-04,sh.688682,84.6000,86.7900,84.0700,86.2400,85.2000,294833,25178121.1500,3,0.952300,1,1.220700,0
2023-07-05,sh.688682,86.9900,90.0000,85.0000,86.3500,86.2400,515714,45076027.8500,3,1.665800,1,0.127600,0
2023-07-06,sh.688682,85.5500,87.9300,85.0500,87.5000,86.3500,338003,29262060.8600,3,1.091800,1,1.331800,0
2023-07-07,sh.688682,88.0600,88.0600,82.9900,83.0000,87.5000,349582,29378493.9800,3,1.129200,1,-5.142900,0
2023-07-10,sh.688682,84.0000,85.3500,82.5200,83.1600,83.0000,276329,23136989.1800,3,0.892600,1,0.192800,0
2023-07-11,sh.688682,83.0000,86.1600,83.0000,85.7800,83.1600,303568,25930622.1600,3,0.980600,1,3.150600,0
2023-07-12,sh.688682,86.1600,92.2900,86.1600,87.7200,85.7800,655687,58277528.6400,3,2.117900,1,2.261600,0
2023-07-13,sh.688682,63.2000,63.2100,61.1200,61.6800,62.4000,556529,34416652.8800,3,1.284000,1,-1.153800,0
2023-07-14,sh.688682,62.4000,62.4000,60.1400,61.8000,61.6800,433747,26639125.2100,3,1.000800,1,0.194600,0
2023-07-17,sh.688682,63.5800,63.5800,59.8800,60.0500,61.8000,448461,27377728.0100,3,1.034700,1,-2.831700,0
2023-07-18,sh.688682,60.2500,60.8000,59.5100,60.5800,60.0500,301154,18135762.4700,3,0.694800,1,0.882600,0
2023-07-19,sh.688682,59.0100,60.4000,56.6000,57.1000,60.5800,785117,45663062.2700,3,1.811400,1,-5.744500,0
2023-07-20,sh.688682,56.9100,57.6500,54.0400,54.4200,57.1000,543381,30071364.9300,3,1.253700,1,-4.693500,0
2023-07-21,sh.688682,54.0000,54.9700,53.3800,53.5500,54.4200,406050,21918194.7000,3,0.936800,1,-1.598700,0
2023-07-24,sh.688682,52.7600,54.4500,52.7600,53.0700,53.5500,329113,17572317.3400,3,0.759300,1,-0.896400,0
2023-07-25,sh.688682,53.0000,55.9900,53.0000,55.8000,53.0700,405071,22183393.0300,3,0.934600,1,5.144100,0
2023-07-26,sh.688682,55.8100,57.7700,54.6900,56.7000,55.8000,523356,29628330.1200,3,1.207500,1,1.612900,0
2023-07-27,sh.688682,56.4100,56.9000,54.6000,54.8400,56.7000,269548,14974446.9800,3,0.621900,1,-3.280400,0
2023-07-28,sh.688682,54.5800,58.7500,54.5800,58.2500,54.8400,485398,27732274.0600,3,1.119900,1,6.218100,0
2023-07-31,sh.688682,59.6400,59.6400,54.0200,55.0000,58.2500,1173028,65122411.0700,3,2.706400,1,-5.579400,0
2023-08-01,sh.688682,54.7800,54.8400,52.9100,53.7800,55.0000,706010,37908318.2800,3,1.628900,1,-2.218200,0
2023-08-02,sh.688682,53.7800,55.4400,53.5700,54.0100,53.7800,495641,26929171.0500,3,1.143600,1,0.427700,0
2023-08-03,sh.688682,53.9900,54.4700,53.0100,54.2100,54.0100,260371,14089131.1400,3,0.600700,1,0.370300,0
2023-08-04,sh.688682,54.2100,54.4600,53.4000,53.6900,54.2100,353482,19027507.5200,3,0.815600,1,-0.959200,0
2023-08-07,sh.688682,53.4200,54.4800,53.4200,53.9300,53.6900,271879,14656841.9800,3,0.627300,1,0.447000,0
2023-08-08,sh.688682,53.9300,54.1000,52.0000,52.7100,53.9300,367758,19388929.1700,3,0.848500,1,-2.262200,0
2023-08-09,sh.688682,52.0600,52.9800,52.0600,52.5500,52.7100,109839,5764044.0200,3,0.253400,1,-0.303500,0
2023-08-10,sh.688682,52.0200,53.1700,52.0200,53.0200,52.5500,138480,7306804.5800,3,0.319500,1,0.894400,0
2023-08-11,sh.688682,52.9800,53.8700,52.5000,52.5000,53.0200,228345,12168631.9500,3,0.526800,1,-0.980800,0
2023-08-14,sh.688682,52.3900,53.4900,52.0800,53.0700,52.5000,161272,8493803.4300,3,0.372100,1,1.085700,0
2023-08-15,sh.688682,52.7500,53.2000,51.5000,51.8800,53.0700,235100,12255366.8800,3,0.542400,1,-2.242300,0
2023-08-16,sh.688682,51.1000,52.4300,51.0200,51.0200,51.8800,124594,6449086.9100,3,0.287500,1,-1.657700,0
2023-08-17,sh.688682,50.5200,53.2300,50.0900,52.7500,51.0200,361611,18878741.7800,3,0.834300,1,3.390800,0
2023-08-18,sh.688682,52.9700,54.1900,52.0400,52.0400,52.7500,203238,10819788.6600,3,0.468900,1,-1.346000,0
2023-08-21,sh.688682,51.8500,52.6700,51.4500,51.6600,52.0400,186713,9707172.5100,3,0.430800,1,-0.730200,0
2023-08-22,sh.688682,51.7000,52.4800,50.0000,51.6200,51.6600,303995,15582789.6800,3,0.701400,1,-0.077400,0
2023-08-23,sh.688682,50.6000,51.9700,49.5400,49.7000,51.6200,260872,13156287.3200,3,0.601900,1,-3.719500,0
2023-08-24,sh.688682,49.4700,50.6400,48.9000,49.8600,49.7000,281500,14042418.9300,3,0.649500,1,0.321900,0
2023-08-25,sh.688682,49.3000,49.5500,48.3300,48.3300,49.8600,330484,16120032.8700,3,0.762500,1,-3.068600,0
2023-08-28,sh.688682,51.0000,52.0000,50.0000,50.6100,48.3300,602894,30649989.9300,3,1.391000,1,4.717600,0
2023-08-29,sh.688682,50.5100,52.6500,50.4100,52.0900,50.6100,538284,27827948.1600,3,1.241900,1,2.924300,0
2023-08-30,sh.688682,52.1000,54.9900,51.6900,54.8600,52.0900,705653,38245470.9900,3,1.628100,1,5.317700,0
2023-08-31,sh.688682,55.0500,55.0500,53.2600,53.3500,54.8600,503722,27093000.9700,3,1.162200,1,-2.752500,0
2023-09-01,sh.688682,54.2800,54.3000,51.4300,51.8900,53.3500,421435,22018974.9500,3,0.972300,1,-2.736600,0
2023-09-04,sh.688682,52.1200,53.5000,51.0300,52.1500,51.8900,482518,25103765.7500,3,1.113300,1,0.501100,0
2023-09-05,sh.688682,52.4300,54.6000,52.0300,53.0000,52.1500,906737,48602280.7000,3,2.092000,1,1.629900,0
2023-09-06,sh.688682,52.5100,57.5000,52.3500,56.7000,53.0000,1020507,56488835.9400,3,2.354500,1,6.981100,0
2023-09-07,sh.688682,56.3000,56.9800,55.0000,55.8000,56.7000,689994,38518092.5000,3,1.592000,1,-1.587300,0
2023-09-08,sh.688682,57.4600,60.3500,56.0000,59.3600,55.8000,1504092,88623759.3500,3,3.470300,1,6.379900,0
2023-09-11,sh.688682,58.9600,60.3000,56.4900,56.6700,59.3600,1124874,64958394.2900,3,2.595300,1,-4.531700,0
2023-09-12,sh.688682,56.5800,56.8300,55.1800,55.4300,56.6700,597334,33322584.2400,3,1.378200,1,-2.188100,0
2023-09-13,sh.688682,56.4200,56.4200,53.0200,54.0800,55.4300,654200,35400127.7000,3,1.509400,1,-2.435500,0
2023-09-14,sh.688682,54.7300,55.2900,53.0000,53.8800,54.0800,570002,30771571.2900,3,1.315100,1,-0.369800,0
2023-09-15,sh.688682,53.9900,54.2100,51.9600,52.1800,53.8800,728124,38234597.0300,3,1.679900,1,-3.155200,0
2023-09-18,sh.688682,52.0800,52.6000,51.4700,52.0300,52.1800,394146,20506356.5300,3,0.909400,1,-0.287500,0
2023-09-19,sh.688682,51.8200,52.1800,50.0000,50.8600,52.0300,358009,18321636.7300,3,0.826000,1,-2.248700,0
2023-09-20,sh.688682,50.3400,52.3400,50.3400,51.2500,50.8600,309863,15932476.0800,3,0.714900,1,0.766800,0
2023-09-21,sh.688682,50.4700,51.2000,49.5100,49.8300,51.2500,340798,17111526.1600,3,0.786300,1,-2.770700,0
2023-09-22,sh.688682,49.5000,51.0500,49.4500,50.8400,49.8300,292040,14632752.1700,3,0.673800,1,2.026900,0
2023-09-25,sh.688682,50.8000,51.8800,50.2800,50.7700,50.8400,350929,17819827.3400,3,0.809700,1,-0.137700,0
2023-09-26,sh.688682,50.3000,50.9900,49.9100,50.0900,50.7700,341458,17160237.6400,3,0.787800,1,-1.339400,0
2023-09-27,sh.688682,49.8800,50.9000,49.8800,50.2400,50.0900,608801,30680337.7800,3,1.404600,1,0.299500,0
2023-09-28,sh.688682,50.5000,51.3000,50.0400,50.9900,50.2400,686030,34792352.4500,3,1.582800,1,1.492800,0
2023-10-09,sh.688682,51.0000,51.3600,49.0300,49.3000,50.9900,596081,29676563.0800,3,1.375300,1,-3.314400,0
2023-10-10,sh.688682,49.2000,49.9900,49.0000,49.2400,49.3000,371378,18360075.1400,3,0.856900,1,-0.121700,0
2023-10-11,sh.688682,48.8800,50.0300,48.7800,49.2900,49.2400,496358,24530873.2000,3,1.145200,1,0.101500,0
2023-10-12,sh.688682,49.4500,49.9900,48.8000,49.6700,49.2900,637826,31427972.2300,3,1.471600,1,0.770900,0
2023-10-13,sh.688682,49.6700,49.6700,48.3500,48.3600,49.6700,431615,21022551.2100,3,0.995800,1,-2.637400,0
2023-10-16,sh.688682,48.4100,48.6800,46.9600,47.3200,48.3600,430607,20488870.5400,3,0.993500,1,-2.150500,0
2023-10-17,sh.688682,47.3600,50.6800,46.5800,50.2100,47.3200,939446,45794253.4900,3,2.167500,1,6.107400,0
2023-10-18,sh.688682,49.8500,49.8500,47.1200,47.1200,50.2100,751487,35816370.1100,3,1.733900,1,-6.154200,0
2023-10-19,sh.688682,46.7600,49.8000,46.7600,48.1000,47.1200,688473,33580890.1900,3,1.588500,1,2.079800,0
2023-10-20,sh.688682,47.8600,48.1900,46.3100,46.3800,48.1000,389445,18332705.2800,3,0.898500,1,-3.575900,0
2023-10-23,sh.688682,46.0300,48.2800,46.0300,46.7500,46.3800,645529,30491952.2000,3,1.489400,1,0.797800,0
2023-10-24,sh.688682,46.7200,47.6300,45.1200,47.6300,46.7500,525511,24522157.9000,3,1.212500,1,1.882400,0
2023-10-25,sh.688682,47.9800,49.4500,47.2700,48.7700,47.6300,454863,22111482.1900,3,1.049500,1,2.393400,0
2023-10-26,sh.688682,48.5300,49.5700,47.3100,49.3300,48.7700,419899,20434286.9300,3,0.968800,1,1.148200,0
2023-10-27,sh.688682,48.9000,49.7900,47.1100,49.3300,49.3300,708286,34384082.1200,3,1.634200,1,0.000000,0
2023-10-30,sh.688682,49.5600,54.1800,49.2000,51.0100,49.3300,789555,40555913.7900,3,1.821700,1,3.405600,0
2023-10-31,sh.688682,51.3300,53.1700,51.0600,51.5300,51.0100,680607,35492041.7700,3,1.570300,1,1.019400,0
2023-11-01,sh.688682,51.2000,51.3500,50.2100,50.5800,51.5300,501938,25431695.3900,3,1.158100,1,-1.843600,0
2023-11-02,sh.688682,50.6900,51.3300,48.6800,48.8800,50.5800,366761,18265651.7500,3,0.846200,1,-3.361000,0
2023-11-03,sh.688682,49.7600,50.5600,48.6500,50.0800,48.8800,392005,19647029.9600,3,0.904400,1,2.455000,0
2023-11-06,sh.688682,50.0000,51.7800,49.8600,51.4600,50.0800,406909,20647197.8400,3,0.938800,1,2.755600,0
2023-11-07,sh.688682,51.4500,52.0200,50.8200,51.7300,51.4600,480430,24754619.3100,3,1.108500,1,0.524700,0
2023-11-08,sh.688682,51.8400,52.8300,51.2500,51.7800,51.7300,493780,25693826.4600,3,1.139300,1,0.096700,0
2023-11-09,sh.688682,51.7700,52.3800,51.3800,51.6800,51.7800,451034,23404380.1300,3,1.040600,1,-0.193100,0
2023-11-10,sh.688682,51.7000,54.0900,51.2100,53.0500,51.6800,1033099,54727651.1800,3,2.383600,1,2.650900,0
2023-11-13,sh.688682,53.2500,54.5000,52.2000,54.1900,53.0500,834458,44663944.1100,3,1.925300,1,2.148900,0
2023-11-14,sh.688682,53.8200,54.8800,53.6500,54.3100,54.1900,544767,29546841.9400,3,1.256900,1,0.221400,0
2023-11-15,sh.688682,54.2700,54.8800,53.8800,54.3800,54.3100,493299,26860045.4500,3,1.138200,1,0.128900,0
2023-11-16,sh.688682,54.3700,55.5300,53.6000,53.6100,54.3800,849811,46397859.3100,3,1.960700,1,-1.416000,0
2023-11-17,sh.688682,53.0300,54.0000,53.0300,53.6700,53.6100,503643,26918722.5600,3,1.162000,1,0.111900,0
2023-11-20,sh.688682,53.8400,55.3700,53.6900,54.7200,53.6700,749826,40944447.1900,3,1.730000,1,1.956400,0
2023-11-21,sh.688682,54.9700,55.4300,53.2100,53.4800,54.7200,606663,32758230.8800,3,1.399700,1,-2.266100,0
2023-11-22,sh.688682,53.1500,54.1600,52.0000,52.1500,53.4800,444648,23520557.5500,3,1.025900,1,-2.486900,0
2023-11-23,sh.688682,53.0000,53.4500,51.8900,52.4900,52.1500,333645,17480089.4600,3,0.769800,1,0.652000,0
2023-11-24,sh.688682,52.2900,52.7500,50.8100,51.0600,52.4900,456933,23398228.7100,3,1.054200,1,-2.724300,0
2023-11-27,sh.688682,50.9200,52.1500,50.8300,51.7600,51.0600,444974,22980376.3300,3,1.026700,1,1.370900,0
2023-11-28,sh.688682,53.0700,53.0700,51.3000,51.7000,51.7600,404263,20971034.9300,3,0.932700,1,-0.115900,0
2023-11-29,sh.688682,51.0100,52.4000,50.7000,51.0100,51.7000,306948,15758810.8000,3,0.708200,1,-1.334600,0
2023-11-30,sh.688682,50.3300,51.3300,50.1000,50.5900,51.0100,332995,16831551.3700,3,0.768300,1,-0.823400,0
2023-12-01,sh.688682,50.9700,51.0900,49.9000,50.3700,50.5900,337856,17005883.8800,3,0.779500,1,-0.434900,0
2023-12-04,sh.688682,49.8800,50.8000,49.4500,49.6800,50.3700,496015,24787046.9200,3,1.144400,1,-1.369900,0
2023-12-05,sh.688682,49.8800,49.8800,47.8500,47.8800,49.6800,556841,26911522.7600,3,1.284800,1,-3.623200,0
2023-12-06,sh.688682,48.2200,48.7700,47.5800,48.3000,47.8800,446729,21604042.0600,3,1.030700,1,0.877200,0
2023-12-07,sh.688682,48.3900,49.0900,47.8100,48.3300,48.3000,380977,18441393.1900,3,0.879000,1,0.062100,0
2023-12-08,sh.688682,48.3800,49.0700,47.4800,47.7200,48.3300,574056,27590049.4900,3,1.324500,1,-1.262200,0
2023-12-11,sh.688682,47.8200,48.8500,46.9700,48.5300,47.7200,601865,28882360.7000,3,1.388600,1,1.697400,0
2023-12-12,sh.688682,48.3400,49.1000,47.9400,48.2400,48.5300,399361,19315326.4900,3,0.921400,1,-0.597600,0
2023-12-13,sh.688682,48.4900,48.7700,47.4000,47.4700,48.2400,337219,16157254.5700,3,0.778000,1,-1.596200,0
2023-12-14,sh.688682,47.8800,48.2600,47.0600,47.2200,47.4700,314821,14962831.4000,3,0.726400,1,-0.526600,0
2023-12-15,sh.688682,47.3900,47.4800,46.4600,46.8000,47.2200,295223,13842308.6800,3,0.681100,1,-0.889500,0
2023-12-18,sh.688682,46.5000,46.8100,46.0100,46.0500,46.8000,402539,18658761.7600,3,0.928700,1,-1.602600,0
2023-12-19,sh.688682,46.2300,46.3400,45.7000,46.1300,46.0500,265089,12181934.9600,3,0.611600,1,0.173700,0
2023-12-20,sh.688682,45.7800,46.2800,45.0500,45.1900,46.1300,471471,21510422.0600,3,1.087800,1,-2.037700,0
2023-12-21,sh.688682,45.0200,45.9700,44.1700,45.8600,45.1900,410407,18588814.9000,3,0.946900,1,1.482600,0
2023-12-22,sh.688682,45.8600,46.5300,44.6700,44.9400,45.8600,441967,20061927.4400,3,1.019700,1,-2.006100,0
2023-12-25,sh.688682,45.9000,47.8500,45.4000,45.8900,44.9400,602667,27897368.2200,3,1.390500,1,2.113900,0
2023-12-26,sh.688682,46.3500,46.3500,44.3900,45.0500,45.8900,486314,21879566.6800,3,1.122000,1,-1.830500,0
2023-12-27,sh.688682,45.6800,45.6800,44.5000,44.7900,45.0500,291588,13082984.5700,3,0.672800,1,-0.577100,0
2023-12-28,sh.688682,44.6800,47.0000,44.1200,46.2800,44.7900,555813,25377573.8600,3,1.282400,1,3.326600,0
2023-12-29,sh.688682,46.1000,47.8000,45.5800,47.7100,46.2800,464280,21905430.5700,3,1.071200,1,3.089900,0
2024-01-02,sh.688682,48.0300,48.2900,46.8000,47.4300,47.7100,369833,17649122.9000,3,0.853300,1,-0.586900,0
2024-01-03,sh.688682,47.2000,47.8100,45.8400,46.4500,47.4300,421294,19620222.8700,3,0.972000,1,-2.066200,0
2024-01-04,sh.688682,46.1800,46.8200,45.5000,45.7400,46.4500,364257,16796257.1200,3,0.840400,1,-1.528500,0
2024-01-05,sh.688682,45.0100,45.5800,43.9100,44.2100,45.7400,349128,15593087.5600,3,0.805500,1,-3.345000,0
2024-01-08,sh.688682,43.3300,44.2000,42.0100,42.2700,44.2100,451805,19360815.9500,3,1.042400,1,-4.388100,0
2024-01-09,sh.688682,41.6600,42.7000,41.6600,42.3900,42.2700,355313,15037721.1800,3,0.819800,1,0.283900,0
2024-01-10,sh.688682,42.1200,43.0600,41.4700,42.1900,42.3900,297501,12586049.8000,3,0.686400,1,-0.471800,0
2024-01-11,sh.688682,42.1900,43.3400,41.9600,42.9600,42.1900,261251,11146421.9500,3,0.602800,1,1.825100,0
2024-01-12,sh.688682,42.8400,43.2100,42.1400,42.5200,42.9600,354007,15093849.3300,3,0.816800,1,-1.024200,0
2024-01-15,sh.688682,38.0000,42.5200,38.0000,41.3900,42.5200,466639,19273922.5600,3,1.076600,1,-2.657600,0
2024-01-16,sh.688682,41.4000,41.9900,40.0900,41.1300,41.3900,442554,18130205.0900,3,1.021100,1,-0.628200,0
2024-01-17,sh.688682,41.3700,41.4300,39.8300,39.9500,41.1300,272697,11083959.2300,3,0.629200,1,-2.869000,0
2024-01-18,sh.688682,40.3000,40.5400,38.0100,39.3600,39.9500,499262,19488702.8300,3,1.151900,1,-1.476800,0
2024-01-19,sh.688682,39.0200,39.5200,38.0000,38.3600,39.3600,413369,15919375.2500,3,0.953700,1,-2.540700,0
2024-01-22,sh.688682,38.3600,38.3600,35.2100,35.6000,38.3600,560863,20711803.5300,3,1.294000,1,-7.195000,0
2024-01-23,sh.688682,37.3800,37.3800,34.7600,36.4200,35.6000,586948,21050664.2900,3,1.354200,1,2.303400,0
2024-01-24,sh.688682,36.8800,36.9500,33.5500,36.0000,36.4200,516683,18256254.6700,3,1.192100,1,-1.153200,0
2024-01-25,sh.688682,35.2700,37.5900,35.1100,37.4000,36.0000,691452,25538256.4500,3,1.595300,1,3.888900,0
2024-01-26,sh.688682,37.2700,38.0700,35.4000,35.4300,37.4000,769518,27934944.1800,3,1.775500,1,-5.267400,0
2024-01-29,sh.688682,35.3800,35.9400,33.6600,33.7600,35.4300,792688,27304278.5900,3,1.828900,1,-4.713500,0
2024-01-30,sh.688682,33.6800,35.0800,33.2800,33.7400,33.7600,795297,27208057.5700,3,1.834900,1,-0.059200,0
2024-01-31,sh.688682,33.3100,33.5600,31.2400,31.2400,33.7400,626301,20143825.3300,3,1.445000,1,-7.409600,0
2024-02-01,sh.688682,32.0200,32.1800,30.0000,30.7300,31.2400,582295,17927615.9200,3,1.343500,1,-1.632500,0
2024-02-02,sh.688682,30.5200,31.5800,27.3200,28.4900,30.7300,834077,24440258.2500,3,1.924400,1,-7.289300,0
2024-02-05,sh.688682,28.4400,28.4400,23.5600,24.2300,28.4900,1068412,26926592.7500,3,2.465100,1,-14.952600,0
2024-02-06,sh.688682,23.2500,25.7100,21.7100,24.3000,24.2300,1223829,28438587.3500,3,2.823700,1,0.288900,0
2024-02-07,sh.688682,24.3500,24.5000,21.7700,22.2100,24.3000,2029803,46994117.1000,3,4.683200,1,-8.600800,0
2024-02-08,sh.688682,21.7900,25.7200,21.6800,25.2600,22.2100,1786237,42301276.6200,3,4.121300,1,13.732600,0
2024-02-19,sh.688682,26.1600,28.4900,26.1200,27.0900,25.2600,1526216,41587316.7000,3,3.521300,1,7.244700,0
2024-02-20,sh.688682,26.8300,28.3900,26.0900,28.2000,27.0900,1087761,30084651.1100,3,2.509700,1,4.097500,0
2024-02-21,sh.688682,28.1800,30.5800,27.3200,29.0000,28.2000,877361,25549077.3500,3,2.024300,1,2.836900,0
2024-02-22,sh.688682,29.0000,30.9000,28.7000,30.2700,29.0000,722814,21381119.9900,3,1.667700,1,4.379300,0
2024-02-23,sh.688682,30.1500,32.2000,30.1500,31.8300,30.2700,823307,25517187.6000,3,1.899600,1,5.153600,0
2024-02-26,sh.688682,31.5000,33.0300,29.9400,32.1000,31.8300,2140398,66545103.8700,3,4.938400,1,0.848300,0
2024-02-27,sh.688682,31.6000,33.3700,31.6000,33.2000,32.1000,1236862,40239523.1200,3,2.853700,1,3.426800,0
2024-02-28,sh.688682,33.0900,34.2900,30.1800,31.1000,33.2000,2008163,64047787.5700,3,4.633300,1,-6.325300,0
2024-02-29,sh.688682,30.9800,35.0300,30.9800,32.7500,31.1000,2061984,67762921.8300,3,4.757500,1,5.305500,0
2024-03-01,sh.688682,32.8800,33.3000,31.7200,32.1200,32.7500,1081730,35085753.0300,3,2.495800,1,-1.923700,0
2024-03-04,sh.688682,32.4000,32.6300,31.3400,32.0200,32.1200,653094,20852246.4400,3,1.506800,1,-0.311300,0
2024-03-05,sh.688682,32.0200,32.1200,31.1500,31.2000,32.0200,552498,17499632.3800,3,1.274700,1,-2.560900,0
2024-03-06,sh.688682,31.0800,32.1200,30.2200,31.8000,31.2000,726698,22761635.8200,3,1.676700,1,1.923100,0
2024-03-07,sh.688682,32.0100,33.8000,30.7300,30.7700,31.8000,1602933,51614932.6500,3,3.698300,1,-3.239000,0
2024-03-08,sh.688682,30.8500,31.7800,30.2800,30.7900,30.7700,761094,23448605.8800,3,1.756000,1,0.065000,0
2024-03-11,sh.688682,30.0000,31.7900,30.0000,31.6400,30.7900,832966,25817540.6000,3,1.921800,1,2.760600,0
2024-03-12,sh.688682,31.9900,32.6000,31.3200,32.4600,31.6400,1041463,33293005.7200,3,2.402900,1,2.591700,0
2024-03-13,sh.688682,32.3100,32.9800,32.1200,32.5100,32.4600,734694,23911270.2100,3,1.695100,1,0.154000,0
2024-03-14,sh.688682,32.0600,32.8900,31.0500,31.7800,32.5100,661433,21221366.7700,3,1.526100,1,-2.245500,0
2024-03-15,sh.688682,31.7800,32.4400,31.3800,32.4100,31.7800,454108,14469369.8800,3,1.047700,1,1.982400,0
2024-03-18,sh.688682,32.7600,33.3600,32.4100,33.3100,32.4100,703391,23185914.7000,3,1.622900,1,2.776900,0
2024-03-19,sh.688682,33.3800,34.3900,33.0500,33.8800,33.3100,1045103,35381751.7200,3,2.411300,1,1.711200,0
2024-03-20,sh.688682,33.8900,34.7000,33.5500,34.5600,33.8800,751070,25642452.6600,3,1.732900,1,2.007100,0
2024-03-21,sh.688682,34.5500,35.3000,33.7100,34.6200,34.5600,922117,31799555.8900,3,2.127500,1,0.173600,0
2024-03-22,sh.688682,34.6200,34.8600,33.0800,33.3300,34.6200,792010,26665524.3300,3,1.827300,1,-3.726200,0
2024-03-25,sh.688682,33.4000,33.4600,30.8500,30.9500,33.3300,1546492,49217093.6000,3,3.568100,1,-7.140700,0
2024-03-26,sh.688682,30.9500,31.2800,29.1400,29.9900,30.9500,1667212,49975666.7900,3,3.846600,1,-3.101800,0
2024-03-27,sh.688682,30.0500,30.0700,27.8800,27.9700,29.9900,1085871,31189441.9800,3,2.505400,1,-6.735600,0
2024-03-28,sh.688682,28.0000,30.2900,28.0000,29.7300,27.9700,1368189,40335895.8200,3,3.156700,1,6.292500,0
2024-03-29,sh.688682,29.8900,31.0000,29.1200,30.8100,29.7300,1009507,30360630.9200,3,2.329200,1,3.632700,0
2024-04-01,sh.688682,31.4000,33.1200,30.1500,32.6600,30.8100,1412986,45644830.7800,3,3.260100,1,6.004500,0
2024-04-02,sh.688682,32.6900,32.8800,31.1800,31.4200,32.6600,826713,26198970.7400,3,1.907400,1,-3.796700,0
2024-04-03,sh.688682,31.7000,31.7000,30.2000,31.5300,31.4200,526783,16344336.1500,3,1.215400,1,0.350100,0
2024-04-08,sh.688682,31.2800,31.4400,29.4000,29.9800,31.5300,865158,26103608.3400,3,1.996100,1,-4.916000,0
2024-04-09,sh.688682,29.4500,30.6700,29.4500,30.2800,29.9800,473834,14336951.9300,3,1.093200,1,1.000700,0
2024-04-10,sh.688682,30.2700,30.3400,28.6400,29.1600,30.2800,608152,17829536.5500,3,1.403100,1,-3.698800,0
2024-04-11,sh.688682,29.0300,30.1500,28.5300,28.6400,29.1600,624348,18303505.6000,3,1.440500,1,-1.783300,0
2024-04-12,sh.688682,28.7300,29.6400,28.4000,28.6300,28.6400,486458,14079773.5600,3,1.122400,1,-0.034900,0
2024-04-15,sh.688682,28.1800,28.8200,25.5000,26.1100,28.6300,1090231,29306068.3300,3,2.515400,1,-8.802000,0
2024-04-16,sh.688682,26.6400,26.6400,23.2100,23.2500,26.1100,1258067,30122761.5100,3,2.902600,1,-10.953700,0
2024-04-17,sh.688682,23.6300,26.0500,23.6000,25.0800,23.2500,1412879,35507435.2000,3,3.259800,1,7.871000,0
2024-04-18,sh.688682,25.9000,27.4900,24.7200,26.4500,25.0800,1197645,31414626.7800,3,2.763200,1,5.462500,0
2024-04-19,sh.688682,26.3800,26.4600,25.3700,26.2600,26.4500,882684,22828604.1100,3,2.036600,1,-0.718300,0
2024-04-22,sh.688682,26.4000,29.0000,25.8300,28.8500,26.2600,1202950,33627432.2200,3,1.653700,1,9.862900,0
2024-04-23,sh.688682,27.9800,30.5700,27.6900,29.3900,28.8500,1838437,53697436.1700,3,2.527300,1,1.871800,0
2024-04-24,sh.688682,29.0000,31.1000,28.5100,30.8000,29.3900,1890211,56885559.1600,3,2.598500,1,4.797600,0
2024-04-25,sh.688682,30.3700,30.7000,29.5800,29.8500,30.8000,1491521,44735433.2100,3,2.050400,1,-3.084400,0
2024-04-26,sh.688682,29.8500,31.3500,29.3500,30.6000,29.8500,1669218,51235394.1800,3,2.294700,1,2.512600,0
2024-04-29,sh.688682,30.1500,31.0900,29.5900,30.7900,30.6000,1161605,35538762.8500,3,1.596900,1,0.620900,0
2024-04-30,sh.688682,30.5100,31.7000,30.1100,30.8200,30.7900,950224,29313588.4700,3,1.306300,1,0.097400,0
2024-05-06,sh.688682,31.4500,31.5500,30.2200,30.3500,30.8200,966340,29553316.5100,3,1.328400,1,-1.525000,0
2024-05-07,sh.688682,30.3500,36.4200,30.0800,36.4200,30.3500,2524439,84721664.5600,3,3.470400,1,20.000000,0
2024-05-08,sh.688682,38.0800,43.7000,37.0300,41.7200,36.4200,4899253,199591023.7500,3,6.735100,1,14.552400,0
2024-05-09,sh.688682,40.2200,41.9500,38.3200,40.3600,41.7200,3424571,136697300.2500,3,4.707800,1,-3.259800,0
2024-05-10,sh.688682,40.2000,42.3000,38.7400,41.2000,40.3600,2705474,109770706.8900,3,3.719300,1,2.081300,0
2024-05-13,sh.688682,39.8000,40.3500,38.1000,38.4400,41.2000,1839477,71554749.6600,3,2.528800,1,-6.699000,0
2024-05-14,sh.688682,38.9500,40.5800,37.8000,37.8800,38.4400,1724396,67111778.3300,3,2.370600,1,-1.456800,0
2024-05-15,sh.688682,37.6500,39.1900,36.8100,37.3800,37.8800,1510794,57114021.1400,3,2.076900,1,-1.320000,0
2024-05-16,sh.688682,37.0900,38.3700,35.5700,35.6500,37.3800,1913827,70095133.1000,3,2.631000,1,-4.628100,0
2024-05-17,sh.688682,36.0000,37.4100,35.2700,37.0200,35.6500,1737730,63455067.4900,3,2.388900,1,3.842900,0
2024-05-20,sh.688682,37.0700,38.5800,35.8500,37.8500,37.0200,1901655,71072727.6900,3,2.614200,1,2.242000,0
2024-05-21,sh.688682,37.5500,37.8000,36.3500,36.4500,37.8500,1334797,48930418.0200,3,1.835000,1,-3.698800,0
2024-05-22,sh.688682,36.9800,36.9800,35.9200,36.4900,36.4500,940110,34054711.7400,3,1.292400,1,0.109700,0
2024-05-23,sh.688682,36.4900,37.3200,35.6000,35.6500,36.4900,990485,36024299.7600,3,1.361600,1,-2.302000,0
2024-05-24,sh.688682,35.6500,35.7100,33.4800,33.6100,35.6500,1891595,64812277.3900,3,2.600400,1,-5.722300,0
2024-05-27,sh.688682,33.4400,33.9200,32.4000,33.5400,33.6100,1240142,40910217.7200,3,1.704800,1,-0.208300,0
2024-05-28,sh.688682,33.6000,34.4900,32.8500,33.5200,33.5400,1031596,34845015.2800,3,1.418200,1,-0.059600,0
2024-05-29,sh.688682,34.7500,36.0600,33.3800,33.5600,33.5200,1345296,46196283.0600,3,1.849400,1,0.119300,0
2024-05-30,sh.688682,33.4600,37.8100,32.4000,36.6100,33.5600,2530785,90204252.0500,3,3.479100,1,9.088200,0
2024-05-31,sh.688682,36.2300,38.9300,35.2200,37.4100,36.6100,2847646,105319242.1700,3,3.914700,1,2.185200,0
2024-06-03,sh.688682,37.4100,38.5000,35.4600,35.8200,37.4100,2133113,78312373.3700,3,2.932400,1,-4.250200,0
2024-06-04,sh.688682,35.6000,35.7900,33.8800,34.6100,35.8200,1447920,49954496.9700,3,1.990500,1,-3.378000,0
2024-06-05,sh.688682,33.8000,36.8500,33.8000,35.5600,34.6100,1615721,58052741.0700,3,2.221200,1,2.744900,0
2024-06-06,sh.688682,34.7400,35.8000,32.1200,32.3400,35.5600,1698462,56658919.7200,3,2.334900,1,-9.055100,0
2024-06-07,sh.688682,32.3000,33.7800,32.3000,32.5400,32.3400,871978,28770478.0000,3,1.198700,1,0.618400,0
2024-06-11,sh.688682,32.0000,33.7400,31.5300,33.4000,32.5400,752537,24719771.3900,3,1.034500,1,2.642900,0
2024-06-12,sh.688682,32.6200,34.3600,32.6200,33.3300,33.4000,624257,20865049.0900,3,0.858200,1,-0.209600,0
2024-06-13,sh.688682,32.6200,35.7200,32.6200,34.7600,33.3300,1233034,42344458.1100,3,1.695100,1,4.290400,0
2024-06-14,sh.688682,35.5500,35.9900,33.4500,33.7200,34.7600,1095519,37296281.7800,3,1.506000,1,-2.991900,0
2024-06-17,sh.688682,33.0900,34.0100,32.9700,33.4100,33.7200,652499,21794537.8700,3,0.897000,1,-0.919300,0
2024-06-18,sh.688682,33.6300,34.7400,33.3000,33.9500,33.4100,926308,31641150.9600,3,1.273400,1,1.616300,0
2024-06-19,sh.688682,34.3300,34.3900,33.1400,33.3300,33.9500,894807,29995796.9400,3,1.230100,1,-1.826200,0
2024-06-20,sh.688682,33.3700,35.0600,33.0400,33.3300,33.3300,1377857,46860146.7900,3,1.894200,1,0.000000,0
2024-06-21,sh.688682,33.1700,33.1800,31.7800,32.3100,33.3300,783509,25313275.0500,3,1.077100,1,-3.060300,0
2024-06-24,sh.688682,31.8200,32.7400,30.6000,30.6400,32.3100,877716,27453961.1100,3,1.206600,1,-5.168700,0
2024-06-25,sh.688682,30.2000,31.1200,28.7000,29.1800,30.6400,1260207,37363094.2000,3,1.732400,1,-4.765000,0
2024-06-26,sh.688682,29.3600,30.4700,28.8100,30.0400,29.1800,1086849,32167197.3100,3,1.494100,1,2.947200,0
2024-06-27,sh.688682,30.1500,30.5600,29.0000,29.3800,30.0400,791764,23599841.2600,3,1.088500,1,-2.197100,0
2024-06-28,sh.688682,29.0000,30.2100,28.7700,29.3400,29.3800,803377,23928133.2500,3,1.104400,1,-0.136100,0
2024-07-01,sh.688682,29.2700,29.4000,28.2000,29.2200,29.3400,736501,21220071.6800,3,1.012500,1,-0.409000,0
2024-07-02,sh.688682,28.9300,29.4600,28.6600,29.0500,29.2200,638898,18607381.4800,3,0.878300,1,-0.581800,0
2024-07-03,sh.688682,28.0200,29.0000,28.0200,28.1600,29.0500,463499,13123519.7200,3,0.637200,1,-3.063700,0
2024-07-04,sh.688682,28.4700,28.8900,26.8200,27.0700,28.0400,559952,15420901.6200,3,0.769800,1,-3.459300,0
2024-07-05,sh.688682,26.9900,27.2400,26.1100,26.8400,27.0700,603705,16177535.2100,3,0.829900,1,-0.849600,0
2024-07-08,sh.688682,28.3600,28.3600,26.0500,26.4000,26.8400,478426,12679797.9800,3,0.657700,1,-1.639300,0
2024-07-09,sh.688682,26.2400,26.9900,25.6000,26.7300,26.4000,647302,17070786.5100,3,0.889900,1,1.250000,0
2024-07-10,sh.688682,26.7500,27.3700,26.2500,26.5900,26.7300,436786,11695421.6600,3,0.600500,1,-0.523800,0
2024-07-11,sh.688682,27.0800,27.6800,26.9100,27.4300,26.5900,612139,16759991.2500,3,0.841500,1,3.159100,0
2024-07-12,sh.688682,28.0000,28.0000,26.6000,26.6200,27.4300,541095,14572989.1800,3,0.743900,1,-2.953000,0
2024-07-15,sh.688682,26.5200,27.1500,25.7200,25.9300,26.6200,457612,11982794.7700,3,0.629100,1,-2.592000,0
2024-07-16,sh.688682,25.9700,26.1800,25.3000,25.9800,25.9300,377620,9736945.4200,3,0.519100,1,0.192800,0
2024-07-17,sh.688682,25.9300,26.1400,25.2000,25.3600,25.9800,404483,10380956.1400,3,0.556100,1,-2.386500,0
2024-07-18,sh.688682,25.3600,25.7100,24.1500,25.5600,25.3600,666179,16593213.6300,3,0.915800,1,0.788600,0
2024-07-19,sh.688682,25.3000,26.9800,25.2200,26.5900,25.5600,729668,19315095.2200,3,1.003100,1,4.029700,0
2024-07-22,sh.688682,26.6700,28.0000,26.6700,27.5600,26.5900,894582,24536570.4500,3,1.229800,1,3.648000,0
2024-07-23,sh.688682,27.0000,27.6500,26.5400,26.6900,27.5600,565297,15278831.3200,3,0.777100,1,-3.156700,0
2024-07-24,sh.688682,26.7700,26.7800,25.6000,25.6500,26.6900,709329,18509265.5000,3,0.975100,1,-3.896600,0
2024-07-25,sh.688682,25.4300,26.5200,25.1500,26.1100,25.6500,552466,14369971.1900,3,0.759500,1,1.793400,0
2024-07-26,sh.688682,26.2200,31.3300,26.2200,31.3300,26.1100,2224514,66271919.8300,3,3.058100,1,19.992300,0
2024-07-29,sh.688682,33.0100,35.0000,31.6200,32.9000,31.3300,4087130,135262926.0400,3,5.618700,1,5.011200,0
2024-07-30,sh.688682,33.1100,36.6000,32.2000,35.8200,32.9000,3979655,136637324.4100,3,5.470900,1,8.875400,0
2024-07-31,sh.688682,33.5000,35.4800,31.9200,34.3000,35.8200,3646202,121851363.0800,3,5.012500,1,-4.243400,0
2024-08-01,sh.688682,33.9000,37.5000,33.7800,34.7000,34.3000,3288249,116224895.9300,3,4.520400,1,1.166200,0
2024-08-02,sh.688682,34.1000,35.8600,33.4400,33.9700,34.7000,2289782,78857099.3900,3,3.147800,1,-2.103700,0
2024-08-05,sh.688682,33.3000,34.4800,31.6000,31.6000,33.9700,2158731,70917351.6400,3,2.967700,1,-6.976700,0
2024-08-06,sh.688682,32.5500,32.5900,31.5000,32.0200,31.6000,1656701,53039789.0000,3,2.277500,1,1.329100,0
2024-08-07,sh.688682,32.1500,34.0000,31.5500,33.9500,32.0200,2862963,94738442.8600,3,3.935800,1,6.027500,0
2024-08-08,sh.688682,34.2900,34.2900,31.5000,31.5800,33.9500,2137609,69346677.7300,3,2.938600,1,-6.980900,0
2024-08-09,sh.688682,31.7600,33.1000,31.7600,32.0700,31.5800,1219668,39486612.0000,3,1.676700,1,1.551600,0
2024-08-12,sh.688682,32.0000,32.0200,30.2600,30.6800,32.0700,1251042,38703872.7400,3,1.719800,1,-4.334300,0
2024-08-13,sh.688682,31.0000,31.3000,30.0000,30.5000,30.6800,905568,27534558.7200,3,1.244900,1,-0.586700,0
2024-08-14,sh.688682,30.8500,31.3800,30.0000,31.0000,30.5000,1012423,31108493.3500,3,1.391800,1,1.639300,0
2024-08-15,sh.688682,30.5000,30.8700,29.8300,29.9000,31.0000,1077164,32561367.9800,3,1.480800,1,-3.548400,0
2024-08-16,sh.688682,30.5000,31.3800,30.0100,30.3200,29.9000,1433636,44142366.0800,3,1.970800,1,1.404700,0
2024-08-19,sh.688682,30.2800,30.3900,29.0200,29.3300,30.3200,1217085,36034394.4900,3,1.673200,1,-3.265200,0
2024-08-20,sh.688682,29.2800,29.5600,28.0000,28.3100,29.3300,800283,22979024.6300,3,1.100200,1,-3.477700,0
2024-08-21,sh.688682,28.1400,28.7400,28.0300,28.1300,28.3100,447606,12676886.5600,3,0.615300,1,-0.635800,0
2024-08-22,sh.688682,28.4900,28.7900,27.6300,27.7700,28.1300,491558,13815604.3700,3,0.675800,1,-1.279800,0
2024-08-23,sh.688682,27.4700,28.0000,27.1800,27.5200,27.7700,464375,12787108.5100,3,0.638400,1,-0.900300,0
2024-08-26,sh.688682,27.4800,28.0600,27.1400,27.3000,27.5200,812002,22366298.5200,3,1.116300,1,-0.799400,0
2024-08-27,sh.688682,27.0700,27.1000,26.1000,26.2700,27.3000,725766,19281257.4200,3,0.997700,1,-3.772900,0
2024-08-28,sh.688682,26.1400,26.8500,26.0800,26.3000,26.2700,465355,12299269.4100,3,0.639700,1,0.114200,0
2024-08-29,sh.688682,26.3300,27.3000,26.0000,27.1600,26.3000,626311,16794023.8600,3,0.861000,1,3.270000,0
2024-08-30,sh.688682,26.8900,28.2600,26.8900,28.0400,27.1600,991943,27606038.6300,3,1.363600,1,3.240100,0
2024-09-02,sh.688682,28.0100,28.4600,27.1200,27.4100,28.0400,1067573,29366399.3300,3,1.467600,1,-2.246800,0
2024-09-03,sh.688682,27.4700,27.7200,27.1500,27.5800,27.4100,448148,12287794.6900,3,0.616100,1,0.620200,0
2024-09-04,sh.688682,27.3000,27.5500,26.8000,26.9400,27.5800,576194,15587366.8300,3,0.792100,1,-2.320500,0
2024-09-05,sh.688682,27.1000,27.6600,26.9300,27.3900,26.9400,433327,11825886.7800,3,0.595700,1,1.670400,0
2024-09-06,sh.688682,27.3900,27.6600,26.4100,26.5000,27.3900,625253,16694595.0500,3,0.859500,1,-3.249400,0
2024-09-09,sh.688682,26.0700,26.7800,25.9300,26.2400,26.5000,431405,11316534.9800,3,0.593100,1,-0.981100,0
2024-09-10,sh.688682,26.2400,26.6100,25.4900,26.3000,26.2400,806617,20947758.9500,3,1.108900,1,0.228700,0
2024-09-11,sh.688682,26.2900,26.3000,25.7400,26.0200,26.3000,542495,14107755.0200,3,0.745800,1,-1.064600,0
2024-09-12,sh.688682,26.1100,26.4600,25.9700,26.1700,26.0200,517618,13604681.4700,3,0.711600,1,0.576500,0
2024-09-13,sh.688682,25.9300,26.2600,25.2800,25.2800,26.1700,393244,10085852.7000,3,0.540600,1,-3.400800,0
2024-09-18,sh.688682,25.2800,26.0900,24.5300,24.8900,25.2800,406891,10178668.6500,3,0.559400,1,-1.542700,0
2024-09-19,sh.688682,25.0000,25.8600,24.9400,25.4800,24.8900,614321,15628441.2200,3,0.844500,1,2.370400,0
2024-09-20,sh.688682,25.2100,25.6000,24.7000,24.9000,25.4800,555480,13944141.9300,3,0.763600,1,-2.276300,0
2024-09-23,sh.688682,24.9000,25.3800,24.7100,24.9400,24.9000,406129,10192340.6200,3,0.558300,1,0.160600,0
2024-09-24,sh.688682,25.5100,25.9700,24.5700,25.7300,24.9400,968898,24636992.3700,3,1.332000,1,3.167600,0
2024-09-25,sh.688682,25.7300,26.6700,25.6600,25.8700,25.7300,1588703,41411636.6700,3,2.184000,1,0.544100,0
2024-09-26,sh.688682,25.6500,26.5800,25.1900,26.5100,25.7900,1746506,45320466.0500,3,2.401000,1,2.791800,0
2024-09-27,sh.688682,27.3000,28.1300,26.6100,28.1300,26.5100,1339017,36735747.7600,3,1.840800,1,6.110900,0
2024-09-30,sh.688682,29.5000,33.7600,28.5600,33.5000,28.1300,3236495,101126595.3600,3,4.449300,1,19.089900,0
2024-10-08,sh.688682,39.6600,40.0000,34.9800,39.5000,33.5000,4548849,172057556.9400,3,6.253400,1,17.910400,0
2024-10-09,sh.688682,37.9100,37.9100,33.5700,34.0000,39.5000,2781498,100577188.4700,3,3.823800,1,-13.924100,0
2024-10-10,sh.688682,34.2000,35.7900,33.8000,34.0000,34.0000,1699769,59041365.8300,3,2.336700,1,0.000000,0
2024-10-11,sh.688682,33.7900,34.5000,30.6300,31.0100,34.0000,1662669,53345235.4200,3,2.285700,1,-8.794100,0
2024-10-14,sh.688682,31.2000,33.5900,31.2000,33.1600,31.0100,1807776,58982902.3100,3,2.485200,1,6.933200,0
2024-10-15,sh.688682,33.0000,34.2700,32.4400,33.0500,33.1600,1853060,61823170.8300,3,2.547400,1,-0.331700,0
2024-10-16,sh.688682,33.0500,33.2700,31.9200,32.7700,33.0500,1382162,45033991.9500,3,1.900100,1,-0.847200,0
2024-10-17,sh.688682,32.9000,33.7600,32.7300,32.8600,32.7700,1389016,46064047.1700,3,1.909500,1,0.274600,0
2024-10-18,sh.688682,32.8400,35.8700,32.3000,34.4000,32.8600,1964598,66611437.4200,3,2.700800,1,4.686500,0
2024-10-21,sh.688682,35.4000,37.1000,34.5700,36.1800,34.4000,2420494,87257306.6900,3,3.327500,1,5.174400,0
2024-10-22,sh.688682,36.5000,36.5000,34.6000,34.8800,36.1800,1952080,68953967.8800,3,2.683600,1,-3.593100,0
2024-10-23,sh.688682,35.2600,38.8900,34.6800,37.5600,34.8800,3893131,144617829.3200,3,5.352000,1,7.683500,0
2024-10-24,sh.688682,38.3500,38.9900,36.4400,36.7400,37.5600,2262667,84533214.0200,3,3.110500,1,-2.183200,0
2024-10-25,sh.688682,36.3900,36.4200,35.0700,36.0000,36.7400,2030477,72661902.5300,3,2.791300,1,-2.014200,0
2024-10-28,sh.688682,35.5400,36.4400,35.0200,36.3900,36.0000,1419897,50960430.7700,3,1.952000,1,1.083300,0
2024-10-29,sh.688682,36.2000,36.8800,35.1000,35.1900,36.3900,1641259,58486404.0400,3,2.256300,1,-3.297600,0
2024-10-30,sh.688682,35.0900,35.3400,34.1400,34.5600,35.1900,1044647,36278863.6100,3,1.436100,1,-1.790300,0
2024-10-31,sh.688682,34.9600,36.1000,34.2800,35.3900,34.5600,1308155,46303872.2800,3,1.798300,1,2.401600,0
2024-11-01,sh.688682,35.3900,35.3900,31.9600,32.1400,35.3900,2077234,68546972.7300,3,2.855600,1,-9.183400,0
2024-11-04,sh.688682,32.1500,33.5000,31.9000,33.4100,32.1400,1210983,39950839.1500,3,1.664800,1,3.951500,0
2024-11-05,sh.688682,33.0600,36.3900,33.0600,35.8600,33.4100,1895912,67202620.7800,3,2.606300,1,7.333100,0
2024-11-06,sh.688682,36.1600,40.1200,36.1600,38.6500,35.8600,3815043,146659204.4100,3,5.244600,1,7.780300,0
2024-11-07,sh.688682,38.9500,39.8600,37.0700,37.9500,38.6500,3054347,115531324.3100,3,4.198900,1,-1.811100,0
2024-11-08,sh.688682,38.1300,41.6200,38.1300,40.4100,37.9500,3118164,125085325.9700,3,4.286600,1,6.482200,0
2024-11-11,sh.688682,40.4100,47.5200,39.6100,46.0000,40.4100,3920201,172714916.5200,3,5.389200,1,13.833200,0
2024-11-12,sh.688682,45.9000,46.6500,42.4600,42.9900,46.0000,2548994,112500171.1000,3,3.504200,1,-6.543500,0
2024-11-13,sh.688682,43.2400,43.7700,40.8900,42.1800,42.9900,1723991,72470135.5000,3,2.370000,1,-1.884200,0
2024-11-14,sh.688682,41.8800,42.1800,39.9300,40.0600,42.1800,1493733,61058191.2000,3,2.053500,1,-5.026100,0
2024-11-15,sh.688682,39.8100,40.2900,37.9700,38.0000,40.0600,1513112,59202807.7500,3,2.080100,1,-5.142300,0
2024-11-18,sh.688682,37.6000,38.1400,35.5900,36.8100,38.0000,1585185,58514796.5600,3,2.179200,1,-3.131600,0
2024-11-19,sh.688682,36.7000,38.3000,35.8800,38.2800,36.8100,1668387,61656098.4500,3,2.293600,1,3.993500,0
2024-11-20,sh.688682,37.8900,39.1300,37.7100,38.4700,38.2800,1686725,64665060.7600,3,2.318800,1,0.496300,0
2024-11-21,sh.688682,38.4700,39.2000,37.9200,38.7800,38.4700,1156754,44726152.2400,3,1.590200,1,0.805800,0
2024-11-22,sh.688682,38.3700,38.9800,36.4100,36.5000,38.7800,1333308,50583843.8200,3,1.832900,1,-5.879300,0
2024-11-25,sh.688682,36.8800,36.9500,35.2300,36.3100,36.5000,1122331,40279892.2000,3,1.542900,1,-0.520500,0
2024-11-26,sh.688682,36.0800,36.9800,35.6800,35.7300,36.3100,845002,30611434.3000,3,1.161600,1,-1.597400,0
2024-11-27,sh.688682,35.5600,37.6200,34.8600,37.5300,35.7300,1455451,53061070.2300,3,2.000800,1,5.037800,0
2024-11-28,sh.688682,37.8000,38.8000,37.3600,37.7100,37.5300,1196448,45434943.5600,3,1.644800,1,0.479600,0
2024-11-29,sh.688682,37.3300,38.5800,36.5800,37.9000,37.7100,1020658,38523646.4800,3,1.403100,1,0.503800,0
2024-12-02,sh.688682,37.6300,38.5700,37.3000,38.1800,37.9000,1041653,39555992.4600,3,1.432000,1,0.738800,0
2024-12-03,sh.688682,38.0000,38.2100,37.0000,37.6000,38.1800,911229,34268404.1100,3,1.252700,1,-1.519100,0
2024-12-04,sh.688682,37.4900,37.5700,36.3800,36.6200,37.6000,924938,34025695.2300,3,1.271500,1,-2.606400,0
2024-12-05,sh.688682,36.8000,37.6700,36.4200,37.6100,36.6200,977540,36350023.1600,3,1.343800,1,2.703400,0
2024-12-06,sh.688682,38.1000,38.4600,36.7800,37.6000,37.6100,1227973,46143643.0600,3,1.688100,1,-0.026600,0
2024-12-09,sh.688682,37.6000,37.6000,36.4000,36.8200,37.6000,944022,34711434.6000,3,1.297800,1,-2.074500,0
2024-12-10,sh.688682,37.9900,39.0900,37.5600,38.6400,36.8200,1987811,76087838.0700,3,2.732700,1,4.943000,0
2024-12-11,sh.688682,38.3600,39.3000,38.1100,39.1200,38.6400,1548366,60081395.0100,3,2.128600,1,1.242200,0
2024-12-12,sh.688682,38.9100,39.8600,38.4100,39.2000,39.1200,1187889,46395203.2400,3,1.633000,1,0.204500,0
2024-12-13,sh.688682,39.2100,39.2100,37.5000,37.5100,39.2000,1306516,49630018.4900,3,1.796100,1,-4.311200,0
2024-12-16,sh.688682,37.5100,37.5200,35.9600,36.4000,37.5100,910755,33415700.8700,3,1.252000,1,-2.959200,0
2024-12-17,sh.688682,36.4000,36.7100,34.9300,35.1400,36.4000,1004174,35571678.1200,3,1.380500,1,-3.461500,0
2024-12-18,sh.688682,35.2000,35.5000,34.2100,34.7800,35.1400,791482,27587878.0900,3,1.088100,1,-1.024500,0
2024-12-19,sh.688682,34.5200,35.2000,33.8000,35.1900,34.7800,685364,23834368.1100,3,0.942200,1,1.178800,0
2024-12-20,sh.688682,35.3600,36.7200,34.2000,35.9200,35.1900,912373,32835685.5500,3,1.254300,1,2.074500,0
2024-12-23,sh.688682,35.9700,36.0400,33.7100,33.7100,35.9200,813828,28159536.7300,3,1.118800,1,-6.152600,0
2024-12-24,sh.688682,33.9800,34.7400,33.8000,34.3200,33.7100,577139,19770708.9300,3,0.793400,1,1.809600,0
2024-12-25,sh.688682,34.0300,34.4400,33.3300,33.6000,34.3200,478809,16134522.8800,3,0.658200,1,-2.097900,0
